Candidate,Party,Country,extra info,source_file,source_sheet,source_row
Iliya Lazarov,GERB–Union of Democratic Forces,Bulgaria,,Cleaned_NER_files/mep_party_cleaned2(1).xlsx,Sheet1,2
Andrey Kovatchev,GERB–Union of Democratic Forces,Bulgaria,,Cleaned_NER_files/mep_party_cleaned2(1).xlsx,Sheet1,3
Andrey Novakov,GERB–Union of Democratic Forces,Bulgaria,,Cleaned_NER_files/mep_party_cleaned2(1).xlsx,Sheet1,4
Emil Radev,GERB–Union of Democratic Forces,Bulgaria,,Cleaned_NER_files/mep_party_cleaned2(1).xlsx,Sheet1,5
Eva Maydell,GERB–Union of Democratic Forces,Bulgaria,,Cleaned_NER_files/mep_party_cleaned2(1).xlsx,Sheet1,6
Taner Kabilov,Movement for Rights and Freedom,Bulgaria,,Cleaned_NER_files/mep_party_cleaned2(1).xlsx,Sheet1,7
Ilhan Kyuchyuk,Movement for Rights and Freedom,Bulgaria,,Cleaned_NER_files/mep_party_cleaned2(1).xlsx,Sheet1,8
Elena Yoncheva,Movement for Rights and Freedom,Bulgaria,,Cleaned_NER_files/mep_party_cleaned2(1).xlsx,Sheet1,9
Nikola Minchev,We Continue the Change,Bulgaria,Democratic Bulgaria,Cleaned_NER_files/mep_party_cleaned2(1).xlsx,Sheet1,10
Hristo Petrov,We Continue the Change,Bulgaria,Democratic Bulgaria,Cleaned_NER_files/mep_party_cleaned2(1).xlsx,Sheet1,11
Radan Kanev,We Continue the Change,Bulgaria,Democratic Bulgaria,Cleaned_NER_files/mep_party_cleaned2(1).xlsx,Sheet1,12
Stanislav Stoyanov,Vazrazhdane,Bulgaria,Revival,Cleaned_NER_files/mep_party_cleaned2(1).xlsx,Sheet1,13
Petar Volgin[bg],Vazrazhdane,Bulgaria,Revival,Cleaned_NER_files/mep_party_cleaned2(1).xlsx,Sheet1,14
Rada Laykova,Vazrazhdane,Bulgaria,Revival,Cleaned_NER_files/mep_party_cleaned2(1).xlsx,Sheet1,15
Kristian Vigenin,BSP for Bulgaria,Bulgaria,,Cleaned_NER_files/mep_party_cleaned2(1).xlsx,Sheet1,16
Tsvetelina Penkova,BSP for Bulgaria,Bulgaria,,Cleaned_NER_files/mep_party_cleaned2(1).xlsx,Sheet1,17
Ivaylo Valchev,There Is Such a People,Bulgaria,,Cleaned_NER_files/mep_party_cleaned2(1).xlsx,Sheet1,18
Davor Ivo Stier,Croatian Democratic Union,Croatia,,Cleaned_NER_files/mep_party_cleaned2(1).xlsx,Sheet1,19
Karlo Ressler,Croatian Democratic Union,Croatia,,Cleaned_NER_files/mep_party_cleaned2(1).xlsx,Sheet1,20
Nikolina Brnjac,Croatian Democratic Union,Croatia,,Cleaned_NER_files/mep_party_cleaned2(1).xlsx,Sheet1,21
Željana Zovko,Croatian Democratic Union,Croatia,,Cleaned_NER_files/mep_party_cleaned2(1).xlsx,Sheet1,22
Sunčana Glavak,Croatian Democratic Union,Croatia,,Cleaned_NER_files/mep_party_cleaned2(1).xlsx,Sheet1,23
Tomislav Sokol,Croatian Democratic Union,Croatia,,Cleaned_NER_files/mep_party_cleaned2(1).xlsx,Sheet1,24
Biljana Borzan,Social Democratic Party of Croatia,Croatia,,Cleaned_NER_files/mep_party_cleaned2(1).xlsx,Sheet1,25
Predrag Matić,Social Democratic Party of Croatia,Croatia,,Cleaned_NER_files/mep_party_cleaned2(1).xlsx,Sheet1,26
Romana Jerković,Social Democratic Party of Croatia,Croatia,,Cleaned_NER_files/mep_party_cleaned2(1).xlsx,Sheet1,27
Tonino Picula,Social Democratic Party of Croatia,Croatia,,Cleaned_NER_files/mep_party_cleaned2(1).xlsx,Sheet1,28
Stephen Bartulica,Homeland Movement,Croatia,,Cleaned_NER_files/mep_party_cleaned2(1).xlsx,Sheet1,29
Gordan Bosanac,We Can!,Croatia,,Cleaned_NER_files/mep_party_cleaned2(1).xlsx,Sheet1,30
"Aaltola, Mika",National Coalition Party,Finland,,Cleaned_NER_files/mep_party_cleaned2(1).xlsx,Sheet1,31
"Virkkunen, Henna",National Coalition Party,Finland,,Cleaned_NER_files/mep_party_cleaned2(1).xlsx,Sheet1,32
"Toveri, Pekka",National Coalition Party,Finland,,Cleaned_NER_files/mep_party_cleaned2(1).xlsx,Sheet1,33
"Salla, Aura",National Coalition Party,Finland,,Cleaned_NER_files/mep_party_cleaned2(1).xlsx,Sheet1,34
"Tynkkynen, Sebastian",Finns Party,Finland,,Cleaned_NER_files/mep_party_cleaned2(1).xlsx,Sheet1,35
"Heinäluoma, Eero",Social Democratic Party of Finland,Finland,,Cleaned_NER_files/mep_party_cleaned2(1).xlsx,Sheet1,36
"Guzenina, Maria",Social Democratic Party of Finland,Finland,,Cleaned_NER_files/mep_party_cleaned2(1).xlsx,Sheet1,37
"Katainen, Elsi",Centre Party,Finland,,Cleaned_NER_files/mep_party_cleaned2(1).xlsx,Sheet1,38
"Kulmuni, Katri",Centre Party,Finland,,Cleaned_NER_files/mep_party_cleaned2(1).xlsx,Sheet1,39
"Niinistö, Ville",Green League,Finland,,Cleaned_NER_files/mep_party_cleaned2(1).xlsx,Sheet1,40
"Ohisalo, Maria",Green League,Finland,,Cleaned_NER_files/mep_party_cleaned2(1).xlsx,Sheet1,41
"Andersson, Li",Left Alliance,Finland,,Cleaned_NER_files/mep_party_cleaned2(1).xlsx,Sheet1,42
"Kyllönen, Merja",Left Alliance,Finland,,Cleaned_NER_files/mep_party_cleaned2(1).xlsx,Sheet1,43
"Saramo, Jussi",Left Alliance,Finland,,Cleaned_NER_files/mep_party_cleaned2(1).xlsx,Sheet1,44
"Henriksson, Anna-Maja",Swedish People's Party of Finland,Finland,,Cleaned_NER_files/mep_party_cleaned2(1).xlsx,Sheet1,45
Jordan Bardella,National Rally,France,,Cleaned_NER_files/mep_party_cleaned2(1).xlsx,Sheet1,46
Malika Sorel,National Rally,France,,Cleaned_NER_files/mep_party_cleaned2(1).xlsx,Sheet1,47
Fabrice Leggeri,National Rally,France,,Cleaned_NER_files/mep_party_cleaned2(1).xlsx,Sheet1,48
Mathilde Androuët,National Rally,France,,Cleaned_NER_files/mep_party_cleaned2(1).xlsx,Sheet1,49
Jean-Paul Garraud,National Rally,France,,Cleaned_NER_files/mep_party_cleaned2(1).xlsx,Sheet1,50
Mélanie Disdier,National Rally,France,,Cleaned_NER_files/mep_party_cleaned2(1).xlsx,Sheet1,51
Matthieu Valet,National Rally,France,,Cleaned_NER_files/mep_party_cleaned2(1).xlsx,Sheet1,52
Anne-Sophie Frigout,National Rally,France,,Cleaned_NER_files/mep_party_cleaned2(1).xlsx,Sheet1,53
Thierry Mariani,National Rally,France,,Cleaned_NER_files/mep_party_cleaned2(1).xlsx,Sheet1,54
Pascale Piera,National Rally,France,,Cleaned_NER_files/mep_party_cleaned2(1).xlsx,Sheet1,55
Philippe Olivier,National Rally,France,,Cleaned_NER_files/mep_party_cleaned2(1).xlsx,Sheet1,56
Marie-Luce Brasier-Clain,National Rally,France,,Cleaned_NER_files/mep_party_cleaned2(1).xlsx,Sheet1,57
Alexandre Varaut,National Rally,France,,Cleaned_NER_files/mep_party_cleaned2(1).xlsx,Sheet1,58
Catherine Griset,National Rally,France,,Cleaned_NER_files/mep_party_cleaned2(1).xlsx,Sheet1,59
Gilles Pennelle,National Rally,France,,Cleaned_NER_files/mep_party_cleaned2(1).xlsx,Sheet1,60
Virginie Joron,National Rally,France,,Cleaned_NER_files/mep_party_cleaned2(1).xlsx,Sheet1,61
Julien Sanchez,National Rally,France,,Cleaned_NER_files/mep_party_cleaned2(1).xlsx,Sheet1,62
Julie Rechagneux,National Rally,France,,Cleaned_NER_files/mep_party_cleaned2(1).xlsx,Sheet1,63
Aleksandar Nikolic,National Rally,France,,Cleaned_NER_files/mep_party_cleaned2(1).xlsx,Sheet1,64
Valérie Deloge,National Rally,France,,Cleaned_NER_files/mep_party_cleaned2(1).xlsx,Sheet1,65
Rody Tolassy,National Rally,France,,Cleaned_NER_files/mep_party_cleaned2(1).xlsx,Sheet1,66
Marie Dauchy,National Rally,France,,Cleaned_NER_files/mep_party_cleaned2(1).xlsx,Sheet1,67
Pierre-Romain Thionnet,National Rally,France,,Cleaned_NER_files/mep_party_cleaned2(1).xlsx,Sheet1,68
Pierre Pimpie,National Rally,France,,Cleaned_NER_files/mep_party_cleaned2(1).xlsx,Sheet1,69
Sylvie Josserand,National Rally,France,,Cleaned_NER_files/mep_party_cleaned2(1).xlsx,Sheet1,70
Julien Leonardelli,National Rally,France,,Cleaned_NER_files/mep_party_cleaned2(1).xlsx,Sheet1,71
Angéline Furet,National Rally,France,,Cleaned_NER_files/mep_party_cleaned2(1).xlsx,Sheet1,72
Gaëtan Dussausaye,National Rally,France,,Cleaned_NER_files/mep_party_cleaned2(1).xlsx,Sheet1,73
France Jamet,National Rally,France,,Cleaned_NER_files/mep_party_cleaned2(1).xlsx,Sheet1,74
André Rougé,National Rally,France,,Cleaned_NER_files/mep_party_cleaned2(1).xlsx,Sheet1,75
Valérie Hayer,Common Good of Europeans,France,,Cleaned_NER_files/mep_party_cleaned2(1).xlsx,Sheet1,76
Bernard Guetta,Common Good of Europeans,France,,Cleaned_NER_files/mep_party_cleaned2(1).xlsx,Sheet1,77
Marie-Pierre Vedrenne,Common Good of Europeans,France,,Cleaned_NER_files/mep_party_cleaned2(1).xlsx,Sheet1,78
Pascal Canfin,Common Good of Europeans,France,,Cleaned_NER_files/mep_party_cleaned2(1).xlsx,Sheet1,79
Nathalie Loiseau,Common Good of Europeans,France,,Cleaned_NER_files/mep_party_cleaned2(1).xlsx,Sheet1,80
Sandro Gozi,Common Good of Europeans,France,,Cleaned_NER_files/mep_party_cleaned2(1).xlsx,Sheet1,81
Fabienne Keller,Common Good of Europeans,France,,Cleaned_NER_files/mep_party_cleaned2(1).xlsx,Sheet1,82
Grégory Allione,Common Good of Europeans,France,,Cleaned_NER_files/mep_party_cleaned2(1).xlsx,Sheet1,83
Laurence Farreng,Common Good of Europeans,France,,Cleaned_NER_files/mep_party_cleaned2(1).xlsx,Sheet1,84
Gilles Boyer,Common Good of Europeans,France,,Cleaned_NER_files/mep_party_cleaned2(1).xlsx,Sheet1,85
Valérie Devaux,Common Good of Europeans,France,,Cleaned_NER_files/mep_party_cleaned2(1).xlsx,Sheet1,86
Christophe Grudler,Common Good of Europeans,France,,Cleaned_NER_files/mep_party_cleaned2(1).xlsx,Sheet1,87
Stéphanie Yon-Courtin,Common Good of Europeans,France,,Cleaned_NER_files/mep_party_cleaned2(1).xlsx,Sheet1,88
Raphaël Glucksmann,Socialist Party,France,Public Square,Cleaned_NER_files/mep_party_cleaned2(1).xlsx,Sheet1,89
Nora Mebarek,Socialist Party,France,Public Square,Cleaned_NER_files/mep_party_cleaned2(1).xlsx,Sheet1,90
Pierre Jouvet,Socialist Party,France,Public Square,Cleaned_NER_files/mep_party_cleaned2(1).xlsx,Sheet1,91
Aurore Lalucq,Socialist Party,France,Public Square,Cleaned_NER_files/mep_party_cleaned2(1).xlsx,Sheet1,92
Christophe Clergeau,Socialist Party,France,Public Square,Cleaned_NER_files/mep_party_cleaned2(1).xlsx,Sheet1,93
Murielle Laurent,Socialist Party,France,Public Square,Cleaned_NER_files/mep_party_cleaned2(1).xlsx,Sheet1,94
Jean-Marc Germain,Socialist Party,France,Public Square,Cleaned_NER_files/mep_party_cleaned2(1).xlsx,Sheet1,95
Emma Rafowicz,Socialist Party,France,Public Square,Cleaned_NER_files/mep_party_cleaned2(1).xlsx,Sheet1,96
Thomas Pellerin-Carlin,Socialist Party,France,Public Square,Cleaned_NER_files/mep_party_cleaned2(1).xlsx,Sheet1,97
Chloé Ridel,Socialist Party,France,Public Square,Cleaned_NER_files/mep_party_cleaned2(1).xlsx,Sheet1,98
Éric Sargiacomo,Socialist Party,France,Public Square,Cleaned_NER_files/mep_party_cleaned2(1).xlsx,Sheet1,99
Claire Fita,Socialist Party,France,Public Square,Cleaned_NER_files/mep_party_cleaned2(1).xlsx,Sheet1,100
François Kalfon,Socialist Party,France,Public Square,Cleaned_NER_files/mep_party_cleaned2(1).xlsx,Sheet1,101
Manon Aubry,France Unbowed,France,,Cleaned_NER_files/mep_party_cleaned2(1).xlsx,Sheet1,102
Younous Omarjee,France Unbowed,France,,Cleaned_NER_files/mep_party_cleaned2(1).xlsx,Sheet1,103
Marina Mesure,France Unbowed,France,,Cleaned_NER_files/mep_party_cleaned2(1).xlsx,Sheet1,104
Anthony Smith,France Unbowed,France,,Cleaned_NER_files/mep_party_cleaned2(1).xlsx,Sheet1,105
Leïla Chaibi,France Unbowed,France,,Cleaned_NER_files/mep_party_cleaned2(1).xlsx,Sheet1,106
Arash Saeidi,France Unbowed,France,,Cleaned_NER_files/mep_party_cleaned2(1).xlsx,Sheet1,107
Rima Hassan,France Unbowed,France,,Cleaned_NER_files/mep_party_cleaned2(1).xlsx,Sheet1,108
Damien Carême,France Unbowed,France,,Cleaned_NER_files/mep_party_cleaned2(1).xlsx,Sheet1,109
Emma Fourreau,France Unbowed,France,,Cleaned_NER_files/mep_party_cleaned2(1).xlsx,Sheet1,110
François-Xavier Bellamy,The Republicans,France,,Cleaned_NER_files/mep_party_cleaned2(1).xlsx,Sheet1,111
Céline Imart,The Republicans,France,,Cleaned_NER_files/mep_party_cleaned2(1).xlsx,Sheet1,112
Christophe Gomart,The Republicans,France,,Cleaned_NER_files/mep_party_cleaned2(1).xlsx,Sheet1,113
Isabelle Le Callennec,The Republicans,France,,Cleaned_NER_files/mep_party_cleaned2(1).xlsx,Sheet1,114
Laurent Castillo,The Republicans,France,,Cleaned_NER_files/mep_party_cleaned2(1).xlsx,Sheet1,115
Nadine Morano,The Republicans,France,,Cleaned_NER_files/mep_party_cleaned2(1).xlsx,Sheet1,116
Marie Toussaint,The Ecologists,France,,Cleaned_NER_files/mep_party_cleaned2(1).xlsx,Sheet1,117
David Cormand,The Ecologists,France,,Cleaned_NER_files/mep_party_cleaned2(1).xlsx,Sheet1,118
Mélissa Camara,The Ecologists,France,,Cleaned_NER_files/mep_party_cleaned2(1).xlsx,Sheet1,119
Mounir Satouri,The Ecologists,France,,Cleaned_NER_files/mep_party_cleaned2(1).xlsx,Sheet1,120
Majdouline Sbaï,The Ecologists,France,,Cleaned_NER_files/mep_party_cleaned2(1).xlsx,Sheet1,121
Marion Maréchal,Reconquest,France,,Cleaned_NER_files/mep_party_cleaned2(1).xlsx,Sheet1,122
Guillaume Peltier,Reconquest,France,,Cleaned_NER_files/mep_party_cleaned2(1).xlsx,Sheet1,123
Sarah Knafo,Reconquest,France,,Cleaned_NER_files/mep_party_cleaned2(1).xlsx,Sheet1,124
Nicolas Bay,Reconquest,France,,Cleaned_NER_files/mep_party_cleaned2(1).xlsx,Sheet1,125
Laurence Trochu,Reconquest,France,,Cleaned_NER_files/mep_party_cleaned2(1).xlsx,Sheet1,126
Hildegard Bentele,Christian Democratic Union of Germany,Germany,,Cleaned_NER_files/mep_party_cleaned2(1).xlsx,Sheet1,127
Stefan Berger,Christian Democratic Union of Germany,Germany,,Cleaned_NER_files/mep_party_cleaned2(1).xlsx,Sheet1,128
Daniel Caspary,Christian Democratic Union of Germany,Germany,,Cleaned_NER_files/mep_party_cleaned2(1).xlsx,Sheet1,129
Lena Düpont,Christian Democratic Union of Germany,Germany,,Cleaned_NER_files/mep_party_cleaned2(1).xlsx,Sheet1,130
Christian Ehler,Christian Democratic Union of Germany,Germany,,Cleaned_NER_files/mep_party_cleaned2(1).xlsx,Sheet1,131
Michael Gahler,Christian Democratic Union of Germany,Germany,,Cleaned_NER_files/mep_party_cleaned2(1).xlsx,Sheet1,132
Jens Gieseke,Christian Democratic Union of Germany,Germany,,Cleaned_NER_files/mep_party_cleaned2(1).xlsx,Sheet1,133
Niclas Herbst,Christian Democratic Union of Germany,Germany,,Cleaned_NER_files/mep_party_cleaned2(1).xlsx,Sheet1,134
Peter Liese,Christian Democratic Union of Germany,Germany,,Cleaned_NER_files/mep_party_cleaned2(1).xlsx,Sheet1,135
Norbert Lins,Christian Democratic Union of Germany,Germany,,Cleaned_NER_files/mep_party_cleaned2(1).xlsx,Sheet1,136
David McAllister,Christian Democratic Union of Germany,Germany,,Cleaned_NER_files/mep_party_cleaned2(1).xlsx,Sheet1,137
Alexandra Mehnert[de],Christian Democratic Union of Germany,Germany,,Cleaned_NER_files/mep_party_cleaned2(1).xlsx,Sheet1,138
Verena Mertens,Christian Democratic Union of Germany,Germany,,Cleaned_NER_files/mep_party_cleaned2(1).xlsx,Sheet1,139
Dennis Radtke,Christian Democratic Union of Germany,Germany,,Cleaned_NER_files/mep_party_cleaned2(1).xlsx,Sheet1,140
Oliver Schenk[de],Christian Democratic Union of Germany,Germany,,Cleaned_NER_files/mep_party_cleaned2(1).xlsx,Sheet1,141
Christine Schneider,Christian Democratic Union of Germany,Germany,,Cleaned_NER_files/mep_party_cleaned2(1).xlsx,Sheet1,142
Andreas Schwab,Christian Democratic Union of Germany,Germany,,Cleaned_NER_files/mep_party_cleaned2(1).xlsx,Sheet1,143
Ralf Seekatz,Christian Democratic Union of Germany,Germany,,Cleaned_NER_files/mep_party_cleaned2(1).xlsx,Sheet1,144
Sven Simon,Christian Democratic Union of Germany,Germany,,Cleaned_NER_files/mep_party_cleaned2(1).xlsx,Sheet1,145
Sabine Verheyen,Christian Democratic Union of Germany,Germany,,Cleaned_NER_files/mep_party_cleaned2(1).xlsx,Sheet1,146
Axel Voss,Christian Democratic Union of Germany,Germany,,Cleaned_NER_files/mep_party_cleaned2(1).xlsx,Sheet1,147
Marion Walsmann,Christian Democratic Union of Germany,Germany,,Cleaned_NER_files/mep_party_cleaned2(1).xlsx,Sheet1,148
Andrea Wechsler[de],Christian Democratic Union of Germany,Germany,,Cleaned_NER_files/mep_party_cleaned2(1).xlsx,Sheet1,149
Christian Doleschal,Christian Social Union in Bayern,Germany,,Cleaned_NER_files/mep_party_cleaned2(1).xlsx,Sheet1,150
Markus Ferber,Christian Social Union in Bayern,Germany,,Cleaned_NER_files/mep_party_cleaned2(1).xlsx,Sheet1,151
Monika Hohlmeier,Christian Social Union in Bayern,Germany,,Cleaned_NER_files/mep_party_cleaned2(1).xlsx,Sheet1,152
Stefan Köhler,Christian Social Union in Bayern,Germany,,Cleaned_NER_files/mep_party_cleaned2(1).xlsx,Sheet1,153
Angelika Niebler,Christian Social Union in Bayern,Germany,,Cleaned_NER_files/mep_party_cleaned2(1).xlsx,Sheet1,154
Manfred Weber,Christian Social Union in Bayern,Germany,,Cleaned_NER_files/mep_party_cleaned2(1).xlsx,Sheet1,155
Christine Anderson,Alternative for Germany,Germany,,Cleaned_NER_files/mep_party_cleaned2(1).xlsx,Sheet1,156
Anja Arndt,Alternative for Germany,Germany,,Cleaned_NER_files/mep_party_cleaned2(1).xlsx,Sheet1,157
René Aust,Alternative for Germany,Germany,,Cleaned_NER_files/mep_party_cleaned2(1).xlsx,Sheet1,158
Arno Bausemer,Alternative for Germany,Germany,,Cleaned_NER_files/mep_party_cleaned2(1).xlsx,Sheet1,159
Irmhild Boßdorf[de],Alternative for Germany,Germany,,Cleaned_NER_files/mep_party_cleaned2(1).xlsx,Sheet1,160
Markus Buchheit,Alternative for Germany,Germany,,Cleaned_NER_files/mep_party_cleaned2(1).xlsx,Sheet1,161
Petr Bystron,Alternative for Germany,Germany,,Cleaned_NER_files/mep_party_cleaned2(1).xlsx,Sheet1,162
Siegbert Droese,Alternative for Germany,Germany,,Cleaned_NER_files/mep_party_cleaned2(1).xlsx,Sheet1,163
Tomasz Froelich[de],Alternative for Germany,Germany,,Cleaned_NER_files/mep_party_cleaned2(1).xlsx,Sheet1,164
Marc Jongen,Alternative for Germany,Germany,,Cleaned_NER_files/mep_party_cleaned2(1).xlsx,Sheet1,165
Alexander Jungbluth,Alternative for Germany,Germany,,Cleaned_NER_files/mep_party_cleaned2(1).xlsx,Sheet1,166
Mary Khan-Hohloch,Alternative for Germany,Germany,,Cleaned_NER_files/mep_party_cleaned2(1).xlsx,Sheet1,167
Maximilian Krah,Alternative for Germany,Germany,,Cleaned_NER_files/mep_party_cleaned2(1).xlsx,Sheet1,168
Hans Neuhoff,Alternative for Germany,Germany,,Cleaned_NER_files/mep_party_cleaned2(1).xlsx,Sheet1,169
Alexander Sell,Alternative for Germany,Germany,,Cleaned_NER_files/mep_party_cleaned2(1).xlsx,Sheet1,170
Katarina Barley,Social Democratic Party of Germany,Germany,,Cleaned_NER_files/mep_party_cleaned2(1).xlsx,Sheet1,171
Gabriele Bischoff,Social Democratic Party of Germany,Germany,,Cleaned_NER_files/mep_party_cleaned2(1).xlsx,Sheet1,172
Udo Bullmann,Social Democratic Party of Germany,Germany,,Cleaned_NER_files/mep_party_cleaned2(1).xlsx,Sheet1,173
Delara Burkhardt,Social Democratic Party of Germany,Germany,,Cleaned_NER_files/mep_party_cleaned2(1).xlsx,Sheet1,174
Vivien Costanzo,Social Democratic Party of Germany,Germany,,Cleaned_NER_files/mep_party_cleaned2(1).xlsx,Sheet1,175
Tobias Cremer,Social Democratic Party of Germany,Germany,,Cleaned_NER_files/mep_party_cleaned2(1).xlsx,Sheet1,176
Matthias Ecke,Social Democratic Party of Germany,Germany,,Cleaned_NER_files/mep_party_cleaned2(1).xlsx,Sheet1,177
Jens Geier,Social Democratic Party of Germany,Germany,,Cleaned_NER_files/mep_party_cleaned2(1).xlsx,Sheet1,178
Bernd Lange,Social Democratic Party of Germany,Germany,,Cleaned_NER_files/mep_party_cleaned2(1).xlsx,Sheet1,179
Maria Noichl,Social Democratic Party of Germany,Germany,,Cleaned_NER_files/mep_party_cleaned2(1).xlsx,Sheet1,180
René Repasi,Social Democratic Party of Germany,Germany,,Cleaned_NER_files/mep_party_cleaned2(1).xlsx,Sheet1,181
Sabrina Repp[de],Social Democratic Party of Germany,Germany,,Cleaned_NER_files/mep_party_cleaned2(1).xlsx,Sheet1,182
Birgit Sippel,Social Democratic Party of Germany,Germany,,Cleaned_NER_files/mep_party_cleaned2(1).xlsx,Sheet1,183
Tiemo Wölken,Social Democratic Party of Germany,Germany,,Cleaned_NER_files/mep_party_cleaned2(1).xlsx,Sheet1,184
Rasmus Andresen,Alliance 90/The Greens,Germany,,Cleaned_NER_files/mep_party_cleaned2(1).xlsx,Sheet1,185
Michael Bloss,Alliance 90/The Greens,Germany,,Cleaned_NER_files/mep_party_cleaned2(1).xlsx,Sheet1,186
Anna Cavazzini,Alliance 90/The Greens,Germany,,Cleaned_NER_files/mep_party_cleaned2(1).xlsx,Sheet1,187
Daniel Freund,Alliance 90/The Greens,Germany,,Cleaned_NER_files/mep_party_cleaned2(1).xlsx,Sheet1,188
Alexandra Geese,Alliance 90/The Greens,Germany,,Cleaned_NER_files/mep_party_cleaned2(1).xlsx,Sheet1,189
Martin Häusling,Alliance 90/The Greens,Germany,,Cleaned_NER_files/mep_party_cleaned2(1).xlsx,Sheet1,190
Sergey Lagodinsky,Alliance 90/The Greens,Germany,,Cleaned_NER_files/mep_party_cleaned2(1).xlsx,Sheet1,191
Katrin Langensiepen,Alliance 90/The Greens,Germany,,Cleaned_NER_files/mep_party_cleaned2(1).xlsx,Sheet1,192
Erik Marquardt,Alliance 90/The Greens,Germany,,Cleaned_NER_files/mep_party_cleaned2(1).xlsx,Sheet1,193
Hannah Neumann,Alliance 90/The Greens,Germany,,Cleaned_NER_files/mep_party_cleaned2(1).xlsx,Sheet1,194
Jutta Paulus,Alliance 90/The Greens,Germany,,Cleaned_NER_files/mep_party_cleaned2(1).xlsx,Sheet1,195
Terry Reintke,Alliance 90/The Greens,Germany,,Cleaned_NER_files/mep_party_cleaned2(1).xlsx,Sheet1,196
Fabio De Masi,Citizens for Mecklenburg-Vorpommern,Germany,,Cleaned_NER_files/mep_party_cleaned2(1).xlsx,Sheet1,197
Ruth Firmenich[de],Citizens for Mecklenburg-Vorpommern,Germany,,Cleaned_NER_files/mep_party_cleaned2(1).xlsx,Sheet1,198
Thomas Geisel,Citizens for Mecklenburg-Vorpommern,Germany,,Cleaned_NER_files/mep_party_cleaned2(1).xlsx,Sheet1,199
Friedrich Pürner,Citizens for Mecklenburg-Vorpommern,Germany,,Cleaned_NER_files/mep_party_cleaned2(1).xlsx,Sheet1,200
Michael von der Schulenburg,Citizens for Mecklenburg-Vorpommern,Germany,,Cleaned_NER_files/mep_party_cleaned2(1).xlsx,Sheet1,201
Jan-Peter Warnke,Citizens for Mecklenburg-Vorpommern,Germany,,Cleaned_NER_files/mep_party_cleaned2(1).xlsx,Sheet1,202
Andreas Glück,Free Democratic Party,Germany,,Cleaned_NER_files/mep_party_cleaned2(1).xlsx,Sheet1,203
Svenja Hahn,Free Democratic Party,Germany,,Cleaned_NER_files/mep_party_cleaned2(1).xlsx,Sheet1,204
Moritz Körner,Free Democratic Party,Germany,,Cleaned_NER_files/mep_party_cleaned2(1).xlsx,Sheet1,205
Jan-Christoph Oetjen,Free Democratic Party,Germany,,Cleaned_NER_files/mep_party_cleaned2(1).xlsx,Sheet1,206
Marie-Agnes Strack-Zimmermann,Free Democratic Party,Germany,,Cleaned_NER_files/mep_party_cleaned2(1).xlsx,Sheet1,207
Özlem Demirel-Böhlke,The Left,Germany,,Cleaned_NER_files/mep_party_cleaned2(1).xlsx,Sheet1,208
Carola Rackete,The Left,Germany,,Cleaned_NER_files/mep_party_cleaned2(1).xlsx,Sheet1,209
Martin Schirdewan,The Left,Germany,,Cleaned_NER_files/mep_party_cleaned2(1).xlsx,Sheet1,210
Engin Eroglu,Free Voters,Germany,,Cleaned_NER_files/mep_party_cleaned2(1).xlsx,Sheet1,211
Christine Singer,Free Voters,Germany,,Cleaned_NER_files/mep_party_cleaned2(1).xlsx,Sheet1,212
Joachim Streit[de],Free Voters,Germany,,Cleaned_NER_files/mep_party_cleaned2(1).xlsx,Sheet1,213
Damian Boeselager,Volt Germany,Germany,,Cleaned_NER_files/mep_party_cleaned2(1).xlsx,Sheet1,214
Nela Riehl,Volt Germany,Germany,,Cleaned_NER_files/mep_party_cleaned2(1).xlsx,Sheet1,215
Kai Tegethoff,Volt Germany,Germany,,Cleaned_NER_files/mep_party_cleaned2(1).xlsx,Sheet1,216
Sibylle Berg,"Party for Labor, Rule of Law, Animal Protection, Elite Promotion and Grassroots-Democratic Initiative",Germany,,Cleaned_NER_files/mep_party_cleaned2(1).xlsx,Sheet1,217
Martin Sonneborn,"Party for Labor, Rule of Law, Animal Protection, Elite Promotion and Grassroots-Democratic Initiative",Germany,,Cleaned_NER_files/mep_party_cleaned2(1).xlsx,Sheet1,218
Sebastian Everding,Party Human Environment Animal Protection,Germany,,Cleaned_NER_files/mep_party_cleaned2(1).xlsx,Sheet1,219
Manuela Ripa,Ecological Democratic Party,Germany,,Cleaned_NER_files/mep_party_cleaned2(1).xlsx,Sheet1,220
Helmut Geuking,Family,Germany,,Cleaned_NER_files/mep_party_cleaned2(1).xlsx,Sheet1,221
Lukas Sieper,Party of Progress,Germany,,Cleaned_NER_files/mep_party_cleaned2(1).xlsx,Sheet1,222
Tamás Deutsch,Fidesz – Hungarian Civic Alliance – Christian Democratic People's Party,Hungary,,Cleaned_NER_files/mep_party_cleaned2(1).xlsx,Sheet1,223
Kinga Gál,Fidesz – Hungarian Civic Alliance – Christian Democratic People's Party,Hungary,,Cleaned_NER_files/mep_party_cleaned2(1).xlsx,Sheet1,224
András Gyürk,Fidesz – Hungarian Civic Alliance – Christian Democratic People's Party,Hungary,,Cleaned_NER_files/mep_party_cleaned2(1).xlsx,Sheet1,225
Balázs Győrffy,Fidesz – Hungarian Civic Alliance – Christian Democratic People's Party,Hungary,,Cleaned_NER_files/mep_party_cleaned2(1).xlsx,Sheet1,226
György Hölvényi,Fidesz – Hungarian Civic Alliance – Christian Democratic People's Party,Hungary,,Cleaned_NER_files/mep_party_cleaned2(1).xlsx,Sheet1,227
Pál Szekeres,Fidesz – Hungarian Civic Alliance – Christian Democratic People's Party,Hungary,,Cleaned_NER_files/mep_party_cleaned2(1).xlsx,Sheet1,228
Viktória Ferenc,Fidesz – Hungarian Civic Alliance – Christian Democratic People's Party,Hungary,,Cleaned_NER_files/mep_party_cleaned2(1).xlsx,Sheet1,229
Annamária Vicsek,Fidesz – Hungarian Civic Alliance – Christian Democratic People's Party,Hungary,,Cleaned_NER_files/mep_party_cleaned2(1).xlsx,Sheet1,230
Enikő Győri,Fidesz – Hungarian Civic Alliance – Christian Democratic People's Party,Hungary,,Cleaned_NER_files/mep_party_cleaned2(1).xlsx,Sheet1,231
András László,Fidesz – Hungarian Civic Alliance – Christian Democratic People's Party,Hungary,,Cleaned_NER_files/mep_party_cleaned2(1).xlsx,Sheet1,232
Ernő Schaller-Baross,Fidesz – Hungarian Civic Alliance – Christian Democratic People's Party,Hungary,,Cleaned_NER_files/mep_party_cleaned2(1).xlsx,Sheet1,233
Péter Magyar,Respect and Freedom Party,Hungary,,Cleaned_NER_files/mep_party_cleaned2(1).xlsx,Sheet1,234
Dóra Dávid,Respect and Freedom Party,Hungary,,Cleaned_NER_files/mep_party_cleaned2(1).xlsx,Sheet1,235
Zoltán Tarr,Respect and Freedom Party,Hungary,,Cleaned_NER_files/mep_party_cleaned2(1).xlsx,Sheet1,236
András Kulja,Respect and Freedom Party,Hungary,,Cleaned_NER_files/mep_party_cleaned2(1).xlsx,Sheet1,237
Eszter Lakos,Respect and Freedom Party,Hungary,,Cleaned_NER_files/mep_party_cleaned2(1).xlsx,Sheet1,238
Gabriella Gerzsenyi,Respect and Freedom Party,Hungary,,Cleaned_NER_files/mep_party_cleaned2(1).xlsx,Sheet1,239
Kinga Kollár,Respect and Freedom Party,Hungary,,Cleaned_NER_files/mep_party_cleaned2(1).xlsx,Sheet1,240
Klára Dobrev,Democratic Coalition – Hungarian Socialist Party – Dialogue,Hungary,,Cleaned_NER_files/mep_party_cleaned2(1).xlsx,Sheet1,241
Csaba Molnár,Democratic Coalition – Hungarian Socialist Party – Dialogue,Hungary,,Cleaned_NER_files/mep_party_cleaned2(1).xlsx,Sheet1,242
Zsuzsanna Borvendég,Our Homeland Movement,Hungary,,Cleaned_NER_files/mep_party_cleaned2(1).xlsx,Sheet1,243
Andrzej Buła,Civic Coalition,Poland,,Cleaned_NER_files/mep_party_cleaned2(1).xlsx,Sheet1,244
Andrzej Halicki,Civic Coalition,Poland,,Cleaned_NER_files/mep_party_cleaned2(1).xlsx,Sheet1,245
Bartłomiej Sienkiewicz,Civic Coalition,Poland,,Cleaned_NER_files/mep_party_cleaned2(1).xlsx,Sheet1,246
Bartosz Arłukowicz,Civic Coalition,Poland,,Cleaned_NER_files/mep_party_cleaned2(1).xlsx,Sheet1,247
Bogdan Zdrojewski,Civic Coalition,Poland,,Cleaned_NER_files/mep_party_cleaned2(1).xlsx,Sheet1,248
Borys Budka,Civic Coalition,Poland,,Cleaned_NER_files/mep_party_cleaned2(1).xlsx,Sheet1,249
Dariusz Joński,Civic Coalition,Poland,,Cleaned_NER_files/mep_party_cleaned2(1).xlsx,Sheet1,250
Elżbieta Łukacijewska,Civic Coalition,Poland,,Cleaned_NER_files/mep_party_cleaned2(1).xlsx,Sheet1,251
Ewa Kopacz,Civic Coalition,Poland,,Cleaned_NER_files/mep_party_cleaned2(1).xlsx,Sheet1,252
Jacek Protas,Civic Coalition,Poland,,Cleaned_NER_files/mep_party_cleaned2(1).xlsx,Sheet1,253
Jagna Marczułajtis-Walczak,Civic Coalition,Poland,,Cleaned_NER_files/mep_party_cleaned2(1).xlsx,Sheet1,254
Janusz Lewandowski,Civic Coalition,Poland,,Cleaned_NER_files/mep_party_cleaned2(1).xlsx,Sheet1,255
Kamila Gasiuk-Pihowicz,Civic Coalition,Poland,,Cleaned_NER_files/mep_party_cleaned2(1).xlsx,Sheet1,256
Krzysztof Brejza,Civic Coalition,Poland,,Cleaned_NER_files/mep_party_cleaned2(1).xlsx,Sheet1,257
Łukasz Kohut,Civic Coalition,Poland,,Cleaned_NER_files/mep_party_cleaned2(1).xlsx,Sheet1,258
Magdalena Adamowicz,Civic Coalition,Poland,,Cleaned_NER_files/mep_party_cleaned2(1).xlsx,Sheet1,259
Marcin Kierwiński,Civic Coalition,Poland,,Cleaned_NER_files/mep_party_cleaned2(1).xlsx,Sheet1,260
Marta Wcisło,Civic Coalition,Poland,,Cleaned_NER_files/mep_party_cleaned2(1).xlsx,Sheet1,261
Michał Szczerba,Civic Coalition,Poland,,Cleaned_NER_files/mep_party_cleaned2(1).xlsx,Sheet1,262
Michał Wawrykiewicz,Civic Coalition,Poland,,Cleaned_NER_files/mep_party_cleaned2(1).xlsx,Sheet1,263
Mirosława Nykiel,Civic Coalition,Poland,,Cleaned_NER_files/mep_party_cleaned2(1).xlsx,Sheet1,264
Anna Bryłka,Confederation Liberty and Independence ,Poland,,Cleaned_NER_files/mep_party_cleaned2(1).xlsx,Sheet1,265
Ewa Zajączkowska-Hernik,Confederation Liberty and Independence ,Poland,,Cleaned_NER_files/mep_party_cleaned2(1).xlsx,Sheet1,266
Grzegorz Braun,Confederation Liberty and Independence ,Poland,,Cleaned_NER_files/mep_party_cleaned2(1).xlsx,Sheet1,267
Marcin Sypniewski,Confederation Liberty and Independence ,Poland,,Cleaned_NER_files/mep_party_cleaned2(1).xlsx,Sheet1,268
Stanisław Tyszka,Confederation Liberty and Independence ,Poland,,Cleaned_NER_files/mep_party_cleaned2(1).xlsx,Sheet1,269
Tomasz Buczek,Confederation Liberty and Independence ,Poland,,Cleaned_NER_files/mep_party_cleaned2(1).xlsx,Sheet1,270
Adam Bielan,Law and Justice,Poland,,Cleaned_NER_files/mep_party_cleaned2(1).xlsx,Sheet1,271
Anna Zalewska,Law and Justice,Poland,,Cleaned_NER_files/mep_party_cleaned2(1).xlsx,Sheet1,272
Arkadiusz Mularczyk,Law and Justice,Poland,,Cleaned_NER_files/mep_party_cleaned2(1).xlsx,Sheet1,273
Beata Szydło,Law and Justice,Poland,,Cleaned_NER_files/mep_party_cleaned2(1).xlsx,Sheet1,274
Bogdan Rzońca,Law and Justice,Poland,,Cleaned_NER_files/mep_party_cleaned2(1).xlsx,Sheet1,275
Daniel Obajtek,Law and Justice,Poland,,Cleaned_NER_files/mep_party_cleaned2(1).xlsx,Sheet1,276
Dominik Tarczyński,Law and Justice,Poland,,Cleaned_NER_files/mep_party_cleaned2(1).xlsx,Sheet1,277
Jacek Ozdoba,Law and Justice,Poland,,Cleaned_NER_files/mep_party_cleaned2(1).xlsx,Sheet1,278
Jadwiga Wiśniewska,Law and Justice,Poland,,Cleaned_NER_files/mep_party_cleaned2(1).xlsx,Sheet1,279
Joachim Brudziński,Law and Justice,Poland,,Cleaned_NER_files/mep_party_cleaned2(1).xlsx,Sheet1,280
Kosma Złotowski,Law and Justice,Poland,,Cleaned_NER_files/mep_party_cleaned2(1).xlsx,Sheet1,281
Maciej Wąsik,Law and Justice,Poland,,Cleaned_NER_files/mep_party_cleaned2(1).xlsx,Sheet1,282
Małgorzata Gosiewska,Law and Justice,Poland,,Cleaned_NER_files/mep_party_cleaned2(1).xlsx,Sheet1,283
Mariusz Kamiński,Law and Justice,Poland,,Cleaned_NER_files/mep_party_cleaned2(1).xlsx,Sheet1,284
Marlena Maląg,Law and Justice,Poland,,Cleaned_NER_files/mep_party_cleaned2(1).xlsx,Sheet1,285
Michał Dworczyk,Law and Justice,Poland,,Cleaned_NER_files/mep_party_cleaned2(1).xlsx,Sheet1,286
Patryk Jaki,Law and Justice,Poland,,Cleaned_NER_files/mep_party_cleaned2(1).xlsx,Sheet1,287
Piotr Müller,Law and Justice,Poland,,Cleaned_NER_files/mep_party_cleaned2(1).xlsx,Sheet1,288
Tobiasz Bocheński,Law and Justice,Poland,,Cleaned_NER_files/mep_party_cleaned2(1).xlsx,Sheet1,289
Waldemar Buda,Law and Justice,Poland,,Cleaned_NER_files/mep_party_cleaned2(1).xlsx,Sheet1,290
Joanna Scheuring-Wielgus,The Left,Poland,,Cleaned_NER_files/mep_party_cleaned2(1).xlsx,Sheet1,291
Krzysztof Śmiszek,The Left,Poland,,Cleaned_NER_files/mep_party_cleaned2(1).xlsx,Sheet1,292
Robert Biedroń,The Left,Poland,,Cleaned_NER_files/mep_party_cleaned2(1).xlsx,Sheet1,293
Adam Jarubas,Third Way,Poland,,Cleaned_NER_files/mep_party_cleaned2(1).xlsx,Sheet1,294
Krzysztof Hetman,Third Way,Poland,,Cleaned_NER_files/mep_party_cleaned2(1).xlsx,Sheet1,295
Michał Kobosko,Third Way,Poland,,Cleaned_NER_files/mep_party_cleaned2(1).xlsx,Sheet1,296
Marta Temido,Socialist Party,Portugal,,Cleaned_NER_files/mep_party_cleaned2(1).xlsx,Sheet1,297
Francisco Assis,Socialist Party,Portugal,,Cleaned_NER_files/mep_party_cleaned2(1).xlsx,Sheet1,298
Ana Catarina Mendes,Socialist Party,Portugal,,Cleaned_NER_files/mep_party_cleaned2(1).xlsx,Sheet1,299
Bruno Gonçalves,Socialist Party,Portugal,,Cleaned_NER_files/mep_party_cleaned2(1).xlsx,Sheet1,300
André Rodrigues,Socialist Party,Portugal,,Cleaned_NER_files/mep_party_cleaned2(1).xlsx,Sheet1,301
Carla Tavares,Socialist Party,Portugal,,Cleaned_NER_files/mep_party_cleaned2(1).xlsx,Sheet1,302
Isilda Gomes,Socialist Party,Portugal,,Cleaned_NER_files/mep_party_cleaned2(1).xlsx,Sheet1,303
Sérgio Gonçalves,Socialist Party,Portugal,,Cleaned_NER_files/mep_party_cleaned2(1).xlsx,Sheet1,304
Sebastião Bugalho,AD – Democratic Alliance,Portugal,,Cleaned_NER_files/mep_party_cleaned2(1).xlsx,Sheet1,305
Paulo Cunha,AD – Democratic Alliance,Portugal,,Cleaned_NER_files/mep_party_cleaned2(1).xlsx,Sheet1,306
Ana Miguel Pedro,AD – Democratic Alliance,Portugal,,Cleaned_NER_files/mep_party_cleaned2(1).xlsx,Sheet1,307
Hélder Sousa Silva,AD – Democratic Alliance,Portugal,,Cleaned_NER_files/mep_party_cleaned2(1).xlsx,Sheet1,308
Lídia Pereira,AD – Democratic Alliance,Portugal,,Cleaned_NER_files/mep_party_cleaned2(1).xlsx,Sheet1,309
Sérgio Humberto,AD – Democratic Alliance,Portugal,,Cleaned_NER_files/mep_party_cleaned2(1).xlsx,Sheet1,310
Paulo Nascimento Cabral,AD – Democratic Alliance,Portugal,,Cleaned_NER_files/mep_party_cleaned2(1).xlsx,Sheet1,311
António Tânger Corrêa,Chega ,Portugal,,Cleaned_NER_files/mep_party_cleaned2(1).xlsx,Sheet1,312
Tiago Moreira de Sá,Chega ,Portugal,,Cleaned_NER_files/mep_party_cleaned2(1).xlsx,Sheet1,313
João Cotrim de Figueiredo,Liberal Initiative,Portugal,,Cleaned_NER_files/mep_party_cleaned2(1).xlsx,Sheet1,314
Ana Martins,Liberal Initiative,Portugal,,Cleaned_NER_files/mep_party_cleaned2(1).xlsx,Sheet1,315
Catarina Martins,Left Bloc,Portugal,,Cleaned_NER_files/mep_party_cleaned2(1).xlsx,Sheet1,316
João Oliveira,Unitary Democratic Coalition,Portugal,,Cleaned_NER_files/mep_party_cleaned2(1).xlsx,Sheet1,317
Dolors Montserrat,People's Party,Spain,,Cleaned_NER_files/mep_party_cleaned2(1).xlsx,Sheet1,318
Carmen Crespo,People's Party,Spain,,Cleaned_NER_files/mep_party_cleaned2(1).xlsx,Sheet1,319
Alma Ezcurra,People's Party,Spain,,Cleaned_NER_files/mep_party_cleaned2(1).xlsx,Sheet1,320
Esteban González Pons,People's Party,Spain,,Cleaned_NER_files/mep_party_cleaned2(1).xlsx,Sheet1,321
Fernando Navarrete,People's Party,Spain,,Cleaned_NER_files/mep_party_cleaned2(1).xlsx,Sheet1,322
Javier Zarzalejos,People's Party,Spain,,Cleaned_NER_files/mep_party_cleaned2(1).xlsx,Sheet1,323
Rosa Estaràs,People's Party,Spain,,Cleaned_NER_files/mep_party_cleaned2(1).xlsx,Sheet1,324
Francisco Millán Mon,People's Party,Spain,,Cleaned_NER_files/mep_party_cleaned2(1).xlsx,Sheet1,325
Pilar del Castillo,People's Party,Spain,,Cleaned_NER_files/mep_party_cleaned2(1).xlsx,Sheet1,326
Adrián Vázquez Lázara,People's Party,Spain,,Cleaned_NER_files/mep_party_cleaned2(1).xlsx,Sheet1,327
Gabriel Mato,People's Party,Spain,,Cleaned_NER_files/mep_party_cleaned2(1).xlsx,Sheet1,328
Raúl de la Hoz Quintano,People's Party,Spain,,Cleaned_NER_files/mep_party_cleaned2(1).xlsx,Sheet1,329
Esther Herranz García,People's Party,Spain,,Cleaned_NER_files/mep_party_cleaned2(1).xlsx,Sheet1,330
Juan Ignacio Zoido,People's Party,Spain,,Cleaned_NER_files/mep_party_cleaned2(1).xlsx,Sheet1,331
Susana Solís Pérez,People's Party,Spain,,Cleaned_NER_files/mep_party_cleaned2(1).xlsx,Sheet1,332
Pablo Arias Echeverría,People's Party,Spain,,Cleaned_NER_files/mep_party_cleaned2(1).xlsx,Sheet1,333
Antonio López-Istúriz,People's Party,Spain,,Cleaned_NER_files/mep_party_cleaned2(1).xlsx,Sheet1,334
Isabel Benjumea,People's Party,Spain,,Cleaned_NER_files/mep_party_cleaned2(1).xlsx,Sheet1,335
Borja Giménez Larraz,People's Party,Spain,,Cleaned_NER_files/mep_party_cleaned2(1).xlsx,Sheet1,336
Elena Nevado,People's Party,Spain,,Cleaned_NER_files/mep_party_cleaned2(1).xlsx,Sheet1,337
Nicolás Pascual de la Parte,People's Party,Spain,,Cleaned_NER_files/mep_party_cleaned2(1).xlsx,Sheet1,338
Maravillas Abadía Jover,People's Party,Spain,,Cleaned_NER_files/mep_party_cleaned2(1).xlsx,Sheet1,339
Iratxe García,Spanish Socialist Workers' Party,Spain,,Cleaned_NER_files/mep_party_cleaned2(1).xlsx,Sheet1,340
Javi López Fernández,Spanish Socialist Workers' Party,Spain,,Cleaned_NER_files/mep_party_cleaned2(1).xlsx,Sheet1,341
Hana Jalloul,Spanish Socialist Workers' Party,Spain,,Cleaned_NER_files/mep_party_cleaned2(1).xlsx,Sheet1,342
Javier Moreno,Spanish Socialist Workers' Party,Spain,,Cleaned_NER_files/mep_party_cleaned2(1).xlsx,Sheet1,343
Lina Gálvez,Spanish Socialist Workers' Party,Spain,,Cleaned_NER_files/mep_party_cleaned2(1).xlsx,Sheet1,344
Jonás Fernández,Spanish Socialist Workers' Party,Spain,,Cleaned_NER_files/mep_party_cleaned2(1).xlsx,Sheet1,345
Leire Pajín,Spanish Socialist Workers' Party,Spain,,Cleaned_NER_files/mep_party_cleaned2(1).xlsx,Sheet1,346
César Luena,Spanish Socialist Workers' Party,Spain,,Cleaned_NER_files/mep_party_cleaned2(1).xlsx,Sheet1,347
Idoia Mendia,Spanish Socialist Workers' Party,Spain,,Cleaned_NER_files/mep_party_cleaned2(1).xlsx,Sheet1,348
Nicolás González Casares,Spanish Socialist Workers' Party,Spain,,Cleaned_NER_files/mep_party_cleaned2(1).xlsx,Sheet1,349
Cristina Maestre,Spanish Socialist Workers' Party,Spain,,Cleaned_NER_files/mep_party_cleaned2(1).xlsx,Sheet1,350
Juan Fernando López,Spanish Socialist Workers' Party,Spain,,Cleaned_NER_files/mep_party_cleaned2(1).xlsx,Sheet1,351
Sandra Gómez,Spanish Socialist Workers' Party,Spain,,Cleaned_NER_files/mep_party_cleaned2(1).xlsx,Sheet1,352
Nacho Sánchez Amor,Spanish Socialist Workers' Party,Spain,,Cleaned_NER_files/mep_party_cleaned2(1).xlsx,Sheet1,353
Laura Ballarin,Spanish Socialist Workers' Party,Spain,,Cleaned_NER_files/mep_party_cleaned2(1).xlsx,Sheet1,354
Marcos Ros,Spanish Socialist Workers' Party,Spain,,Cleaned_NER_files/mep_party_cleaned2(1).xlsx,Sheet1,355
Rosa Serrano Sierra,Spanish Socialist Workers' Party,Spain,,Cleaned_NER_files/mep_party_cleaned2(1).xlsx,Sheet1,356
Elena Sancho,Spanish Socialist Workers' Party,Spain,,Cleaned_NER_files/mep_party_cleaned2(1).xlsx,Sheet1,357
José Cepeda,Spanish Socialist Workers' Party,Spain,,Cleaned_NER_files/mep_party_cleaned2(1).xlsx,Sheet1,358
Alicia Homs Ginel,Spanish Socialist Workers' Party,Spain,,Cleaned_NER_files/mep_party_cleaned2(1).xlsx,Sheet1,359
Jorge Buxadé,Vox,Spain,,Cleaned_NER_files/mep_party_cleaned2(1).xlsx,Sheet1,360
Hermann Tertsch,Vox,Spain,,Cleaned_NER_files/mep_party_cleaned2(1).xlsx,Sheet1,361
Juan Carlos Girauta,Vox,Spain,,Cleaned_NER_files/mep_party_cleaned2(1).xlsx,Sheet1,362
Mireia Borrás,Vox,Spain,,Cleaned_NER_files/mep_party_cleaned2(1).xlsx,Sheet1,363
Margarita de la Pisa Carrión,Vox,Spain,,Cleaned_NER_files/mep_party_cleaned2(1).xlsx,Sheet1,364
Jorge Martín Frías,Vox,Spain,,Cleaned_NER_files/mep_party_cleaned2(1).xlsx,Sheet1,365
Diana Riba,Republics Now,Spain,,Cleaned_NER_files/mep_party_cleaned2(1).xlsx,Sheet1,366
Pernando Barrena,Republics Now,Spain,,Cleaned_NER_files/mep_party_cleaned2(1).xlsx,Sheet1,367
Ana Miranda Paz,Republics Now,Spain,,Cleaned_NER_files/mep_party_cleaned2(1).xlsx,Sheet1,368
Estrella Galán,Sumar,Spain,,Cleaned_NER_files/mep_party_cleaned2(1).xlsx,Sheet1,369
Jaume Asens[es],Sumar,Spain,,Cleaned_NER_files/mep_party_cleaned2(1).xlsx,Sheet1,370
Vicent Marzà,Sumar,Spain,,Cleaned_NER_files/mep_party_cleaned2(1).xlsx,Sheet1,371
Alvise Pérez,Se Acabó La Fiesta,Spain,,Cleaned_NER_files/mep_party_cleaned2(1).xlsx,Sheet1,372
Diego Solier,Se Acabó La Fiesta,Spain,,Cleaned_NER_files/mep_party_cleaned2(1).xlsx,Sheet1,373
Nora Junco,Se Acabó La Fiesta,Spain,,Cleaned_NER_files/mep_party_cleaned2(1).xlsx,Sheet1,374
Irene Montero,We Can,Spain,,Cleaned_NER_files/mep_party_cleaned2(1).xlsx,Sheet1,375
Isabel Serra,We Can,Spain,,Cleaned_NER_files/mep_party_cleaned2(1).xlsx,Sheet1,376
Toni Comín,Together for Catalonia,Spain,,Cleaned_NER_files/mep_party_cleaned2(1).xlsx,Sheet1,377
Oihane Agirregoitia,Coalition for a Solidary Europe,Spain,,Cleaned_NER_files/mep_party_cleaned2(1).xlsx,Sheet1,378
Heléne Fritzon,Swedish Social Democratic Workers' Party,Sweden,,Cleaned_NER_files/mep_party_cleaned2(1).xlsx,Sheet1,379
Johan Danielsson,Swedish Social Democratic Workers' Party,Sweden,,Cleaned_NER_files/mep_party_cleaned2(1).xlsx,Sheet1,380
Evin Incir,Swedish Social Democratic Workers' Party,Sweden,,Cleaned_NER_files/mep_party_cleaned2(1).xlsx,Sheet1,381
Adnan Dibrani,Swedish Social Democratic Workers' Party,Sweden,,Cleaned_NER_files/mep_party_cleaned2(1).xlsx,Sheet1,382
Sofie Eriksson,Swedish Social Democratic Workers' Party,Sweden,,Cleaned_NER_files/mep_party_cleaned2(1).xlsx,Sheet1,383
Tomas Tobé,Moderate Party,Sweden,,Cleaned_NER_files/mep_party_cleaned2(1).xlsx,Sheet1,384
Jessica Polfjärd,Moderate Party,Sweden,,Cleaned_NER_files/mep_party_cleaned2(1).xlsx,Sheet1,385
Jörgen Warborn,Moderate Party,Sweden,,Cleaned_NER_files/mep_party_cleaned2(1).xlsx,Sheet1,386
Arba Kokalari,Moderate Party,Sweden,,Cleaned_NER_files/mep_party_cleaned2(1).xlsx,Sheet1,387
Alice Bah Kuhnke, Green Party ,Sweden,,Cleaned_NER_files/mep_party_cleaned2(1).xlsx,Sheet1,388
Pär Holmgren, Green Party ,Sweden,,Cleaned_NER_files/mep_party_cleaned2(1).xlsx,Sheet1,389
Isabella Lövin, Green Party ,Sweden,,Cleaned_NER_files/mep_party_cleaned2(1).xlsx,Sheet1,390
Charlie Weimers, Sweden Democrats ,Sweden,,Cleaned_NER_files/mep_party_cleaned2(1).xlsx,Sheet1,391
Beatrice Timgren, Sweden Democrats ,Sweden,,Cleaned_NER_files/mep_party_cleaned2(1).xlsx,Sheet1,392
Dick Erixon, Sweden Democrats ,Sweden,,Cleaned_NER_files/mep_party_cleaned2(1).xlsx,Sheet1,393
Jonas Sjöstedt, Left Party,Sweden,,Cleaned_NER_files/mep_party_cleaned2(1).xlsx,Sheet1,394
Hanna Gedin, Left Party,Sweden,,Cleaned_NER_files/mep_party_cleaned2(1).xlsx,Sheet1,395
Emma Wiesner, Centre Party,Sweden,,Cleaned_NER_files/mep_party_cleaned2(1).xlsx,Sheet1,396
Abir Al-Sahlani, Centre Party,Sweden,,Cleaned_NER_files/mep_party_cleaned2(1).xlsx,Sheet1,397
Alice Teodorescu Måwe,Christian Democrats,Sweden,,Cleaned_NER_files/mep_party_cleaned2(1).xlsx,Sheet1,398
Karin Karlsbro,The Liberals,Sweden,,Cleaned_NER_files/mep_party_cleaned2(1).xlsx,Sheet1,399
André Ventura,Chega,Portugal,,Cleaned_NER_files/mep_party_cleaned2(1).xlsx,Sheet1,400
Keir Starmer,Labour Party,United Kingdom,,Cleaned_NER_files/mep_party_cleaned2(1).xlsx,Sheet1,401
Marine Le Pen,National Rally,France,,Cleaned_NER_files/mep_party_cleaned2(1).xlsx,Sheet1,402
Sanna Marin,Social Democratic Party of Finland,Finland,,Cleaned_NER_files/mep_party_cleaned2(1).xlsx,Sheet1,403
Yair Lapid,Yesh Atid,Israel,,Cleaned_NER_files/mep_party_cleaned2(1).xlsx,Sheet1,404
Andrzej Duda,Law and Justice,Poland,,Cleaned_NER_files/mep_party_cleaned2(1).xlsx,Sheet1,405
Karl Nehammer,Austrian People's Party,Austria,,Cleaned_NER_files/mep_party_cleaned2(1).xlsx,Sheet1,406
Nikolai Denkov,We Continue the Change,Bulgaria,,Cleaned_NER_files/mep_party_cleaned2(1).xlsx,Sheet1,407
Nikos Christodoulides,Independent,Cyprus,,Cleaned_NER_files/mep_party_cleaned2(1).xlsx,Sheet1,408
Petr Fiala,Civic Democratic Party,Czech Republic,,Cleaned_NER_files/mep_party_cleaned2(1).xlsx,Sheet1,409
Mette Frederiksen,Social Democrats,Denmark,,Cleaned_NER_files/mep_party_cleaned2(1).xlsx,Sheet1,410
Kaja Kallas,Reform Party,Estonia,,Cleaned_NER_files/mep_party_cleaned2(1).xlsx,Sheet1,411
Petteri Orpo,National Coalition Party,Finland,,Cleaned_NER_files/mep_party_cleaned2(1).xlsx,Sheet1,412
Kyriakos Mitsotakis,New Democracy,Greece,,Cleaned_NER_files/mep_party_cleaned2(1).xlsx,Sheet1,413
Viktor Orbán,Fidesz,Hungary,,Cleaned_NER_files/mep_party_cleaned2(1).xlsx,Sheet1,414
Giorgia Meloni,Brothers of Italy,Italy,,Cleaned_NER_files/mep_party_cleaned2(1).xlsx,Sheet1,415
Evika Siliņa,New Unity,Latvia,,Cleaned_NER_files/mep_party_cleaned2(1).xlsx,Sheet1,416
Ingrida Šimonytė,Homeland Union,Lithuania,,Cleaned_NER_files/mep_party_cleaned2(1).xlsx,Sheet1,417
Xavier Bettel,Democratic Party,Luxembourg,,Cleaned_NER_files/mep_party_cleaned2(1).xlsx,Sheet1,418
Robert Abela,Labour Party,Malta,,Cleaned_NER_files/mep_party_cleaned2(1).xlsx,Sheet1,419
Mark Rutte,People's Party for Freedom and Democracy,Netherlands,,Cleaned_NER_files/mep_party_cleaned2(1).xlsx,Sheet1,420
Mateusz Morawiecki,Law and Justice,Poland,,Cleaned_NER_files/mep_party_cleaned2(1).xlsx,Sheet1,421
António Costa,Socialist Party,Portugal,,Cleaned_NER_files/mep_party_cleaned2(1).xlsx,Sheet1,422
Marcel Ciolacu,Social Democratic Party,Romania,,Cleaned_NER_files/mep_party_cleaned2(1).xlsx,Sheet1,423
Pedro Sánchez,Spanish Socialist Workers' Party,Spain,,Cleaned_NER_files/mep_party_cleaned2(1).xlsx,Sheet1,424
Ulf Kristersson,Moderate Party,Sweden,,Cleaned_NER_files/mep_party_cleaned2(1).xlsx,Sheet1,425
Sergio Mattarella,Independent,Italy,,Cleaned_NER_files/mep_party_cleaned2(1).xlsx,Sheet1,426
Katerina Sakellaropoulou,Independent,Greece,,Cleaned_NER_files/mep_party_cleaned2(1).xlsx,Sheet1,427
Frank-Walter Steinmeier,Social Democratic Party,Germany,,Cleaned_NER_files/mep_party_cleaned2(1).xlsx,Sheet1,428
Charles Michel,Reformist Movement,Belguim,,Cleaned_NER_files/mep_party_cleaned2(1).xlsx,Sheet1,429
Klaus Iohannis,National Liberal Party,Romania,,Cleaned_NER_files/mep_party_cleaned2(1).xlsx,Sheet1,430
Santiago Abascal,VOX,Spain,,Cleaned_NER_files/mep_party_cleaned2(1).xlsx,Sheet1,431
Ehud Barak,Israel Democratic Party,Israel,,Cleaned_NER_files/mep_party_cleaned2(1).xlsx,Sheet1,432
Donald Tusk,Civic Platform Party,Poland,,Cleaned_NER_files/mep_party_cleaned2(1).xlsx,Sheet1,433
Antoni Macierewicz,Law and Justice,Poland,,Cleaned_NER_files/mep_party_cleaned2(1).xlsx,Sheet1,434
Ewa Zajączkowska,Confederation Liberty and Independence ,Poland,,Cleaned_NER_files/mep_party_cleaned2(1).xlsx,Sheet1,435
Slawomir Mentzen,Confederation Liberty and Independence ,Poland,,Cleaned_NER_files/mep_party_cleaned2(1).xlsx,Sheet1,436
Joanna Kaminska,Civic Coalition,Poland,,Cleaned_NER_files/mep_party_cleaned2(1).xlsx,Sheet1,437
Aleksandra Wiśniewska,Civic Coalition,Poland,,Cleaned_NER_files/mep_party_cleaned2(1).xlsx,Sheet1,438
Maria Niklinska,Third Way,Poland,,Cleaned_NER_files/mep_party_cleaned2(1).xlsx,Sheet1,439
Elżbieta Anna Polak,Civic Coalition,Poland,,Cleaned_NER_files/mep_party_cleaned2(1).xlsx,Sheet1,440
Elżbieta Polak,Civic Coalition,Poland,,Cleaned_NER_files/mep_party_cleaned2(1).xlsx,Sheet1,441
Adrian Zandberg,The Left,Poland,,Cleaned_NER_files/mep_party_cleaned2(1).xlsx,Sheet1,442
Kamila Gasiuk,Civic Coalition,Poland,,Cleaned_NER_files/mep_party_cleaned2(1).xlsx,Sheet1,443
Ursula von der Leyen,Christian Democratic Union of Germany,Germany,,Cleaned_NER_files/mep_party_cleaned2(1).xlsx,Sheet1,444
Von der Leyen,Christian Democratic Union of Germany,Germany,,Cleaned_NER_files/mep_party_cleaned2(1).xlsx,Sheet1,445
Radosław Sikorski,Civic Coalition,Poland,,Cleaned_NER_files/mep_party_cleaned2(1).xlsx,Sheet1,446
Włodzimierz Czarzasty,The Left,Poland,,Cleaned_NER_files/mep_party_cleaned2(1).xlsx,Sheet1,447
Andrzej Rozenek,Civic Coalition,Poland,,Cleaned_NER_files/mep_party_cleaned2(1).xlsx,Sheet1,448
Michał Kołodziejczak,Need help,Poland,,Cleaned_NER_files/mep_party_cleaned2(1).xlsx,Sheet1,449
Yannick Lahti,Others,Finland,Researcher,Cleaned_NER_files/mep_party_cleaned2(1).xlsx,Sheet1,450
Matti Rönkä,Others,Finland,Journalist,Cleaned_NER_files/mep_party_cleaned2(1).xlsx,Sheet1,451
Timo Vornanen,Finns Party,Finland,,Cleaned_NER_files/mep_party_cleaned2(1).xlsx,Sheet1,452
Piia Viitanen,Social Democratic Party of Finland,Finland,,Cleaned_NER_files/mep_party_cleaned2(1).xlsx,Sheet1,453
Alexander Stubb,National Coalition Party,Finland,,Cleaned_NER_files/mep_party_cleaned2(1).xlsx,Sheet1,454
Hjallis Harkimo,Movement Now,Finland,,Cleaned_NER_files/mep_party_cleaned2(1).xlsx,Sheet1,455
Riikka Purra,Finns Party,Finland,,Cleaned_NER_files/mep_party_cleaned2(1).xlsx,Sheet1,456
YLE,Others,Finland,News/Media,Cleaned_NER_files/mep_party_cleaned2(1).xlsx,Sheet1,457
Iltalehti,Others,Finland,News/Media,Cleaned_NER_files/mep_party_cleaned2(1).xlsx,Sheet1,458
Antti Lindtman,Social Democratic Party of Finland,Finland,,Cleaned_NER_files/mep_party_cleaned2(1).xlsx,Sheet1,459
Sofia Virta,The Green League,Finland,Finland,Cleaned_NER_files/mep_party_cleaned2(1).xlsx,Sheet1,460
Timo Harakka,Social Democratic Party of Finland,Finland,,Cleaned_NER_files/mep_party_cleaned2(1).xlsx,Sheet1,461
Anna Kontu,Others,Finland,Researcher,Cleaned_NER_files/mep_party_cleaned2(1).xlsx,Sheet1,462
Nasima Razmyarla,Social Democratic Party of Finland,Finland,,Cleaned_NER_files/mep_party_cleaned2(1).xlsx,Sheet1,463
Nasima Razmyar,Social Democratic Party of Finland,Finland,,Cleaned_NER_files/mep_party_cleaned2(1).xlsx,Sheet1,464
Yanis Varoufakis,Decocracy for Europe Movement 2025,-,DiEM25,Cleaned_NER_files/mep_party_cleaned2(1).xlsx,Sheet1,465
Timo Suhonen,Social Democratic Party of Finland,Finland,,Cleaned_NER_files/mep_party_cleaned2(1).xlsx,Sheet1,466
Clare Daly,IndependentS 4 Change,Ireland,,Cleaned_NER_files/mep_party_cleaned2(1).xlsx,Sheet1,467
Halla-Aho,Finns Party,Finland,,Cleaned_NER_files/mep_party_cleaned2(1).xlsx,Sheet1,468
Jussi Halla-aho,Finns Party,Finland,,Cleaned_NER_files/mep_party_cleaned2(1).xlsx,Sheet1,469
Timo Huhtamäki,Others,Finland,Commerce,Cleaned_NER_files/mep_party_cleaned2(1).xlsx,Sheet1,470
Miina-Anniina Heiskanen,Social Democratic Party of Finland,Finland,,Cleaned_NER_files/mep_party_cleaned2(1).xlsx,Sheet1,471
Tiktok,Others,-,News/Media,Cleaned_NER_files/mep_party_cleaned2(1).xlsx,Sheet1,472
Max Chandler Mather,Australia Greens,Australia,,Cleaned_NER_files/mep_party_cleaned2(1).xlsx,Sheet1,473
Juha Huhtala,Freedom Alliance,Finland,,Cleaned_NER_files/mep_party_cleaned2(1).xlsx,Sheet1,474
Bernie Sanders,Independent,Finland,,Cleaned_NER_files/mep_party_cleaned2(1).xlsx,Sheet1,475
Antti Kaikkonen,Centre Party,Finland,,Cleaned_NER_files/mep_party_cleaned2(1).xlsx,Sheet1,476
Ville Niinistö,The Green League,Finland,Finland,Cleaned_NER_files/mep_party_cleaned2(1).xlsx,Sheet1,477
Harry Harkimo,Movement Now,Finland,,Cleaned_NER_files/mep_party_cleaned2(1).xlsx,Sheet1,478
Päivi Lohikoski,Left Alliance,Finland,,Cleaned_NER_files/mep_party_cleaned2(1).xlsx,Sheet1,479
Perttu Jussila,Green League,Finland,,Cleaned_NER_files/mep_party_cleaned2(1).xlsx,Sheet1,480
Lohikoski,Left Alliance,Finland,,Cleaned_NER_files/mep_party_cleaned2(1).xlsx,Sheet1,481
Valtteri Jussila,Others,Finland,Celebrity,Cleaned_NER_files/mep_party_cleaned2(1).xlsx,Sheet1,482
Aleksanteri Gustafsson,Social Democratic Party of Finland,Finland,,Cleaned_NER_files/mep_party_cleaned2(1).xlsx,Sheet1,483
Péter Szijjártó,Fidesz – Hungarian Civic Alliance – Christian Democratic People's Party,Hungary,,Cleaned_NER_files/mep_party_cleaned2(1).xlsx,Sheet1,484
Mauri Peltokangas,Finns Party,Finland,,Cleaned_NER_files/mep_party_cleaned2(1).xlsx,Sheet1,485
Jocka Träskbäck,National Coalition Party,Finland,,Cleaned_NER_files/mep_party_cleaned2(1).xlsx,Sheet1,486
Teijo Makkonen,Finns Party,Finland,Researcher,Cleaned_NER_files/mep_party_cleaned2(1).xlsx,Sheet1,487
Minja Koskela,Left Alliance,Finland,,Cleaned_NER_files/mep_party_cleaned2(1).xlsx,Sheet1,488
Jessi Jokelainen,Left Alliance,Finland,,Cleaned_NER_files/mep_party_cleaned2(1).xlsx,Sheet1,489
Krzysztof Bosak,Confederation Liberty and Independence,Poland,,Cleaned_NER_files/mep_party_cleaned2(1).xlsx,Sheet1,490
Angela Merkel,Christian Democratic Union,Germany,CDU,Cleaned_NER_files/mep_party_cleaned2(1).xlsx,Sheet1,491
Katarzyna Kotula,The Left,Poland,,Cleaned_NER_files/mep_party_cleaned2(1).xlsx,Sheet1,492
Sławomir Mentzen,Confederation Liberty and Independence,Poland,,Cleaned_NER_files/mep_party_cleaned2(1).xlsx,Sheet1,493
Konrad Berkowicz,Confederation Liberty and Independence,Poland,,Cleaned_NER_files/mep_party_cleaned2(1).xlsx,Sheet1,494
Jan Kanthak,Law and Justice,Poland,,Cleaned_NER_files/mep_party_cleaned2(1).xlsx,Sheet1,495
Anna Maria Żukowska,The Left,Poland,,Cleaned_NER_files/mep_party_cleaned2(1).xlsx,Sheet1,496
Andrzej Lepper,Self-Defence of the Republic of Poland,Poland,Samoobrona,Cleaned_NER_files/mep_party_cleaned2(1).xlsx,Sheet1,497
Katarzyna Pełczyńska-Nałęcz,Third Way,Poland,,Cleaned_NER_files/mep_party_cleaned2(1).xlsx,Sheet1,498
Joanna Senyszyn,The Left,Poland,,Cleaned_NER_files/mep_party_cleaned2(1).xlsx,Sheet1,499
Krzysztof Kwiatkowski,Civic Coalition,Poland,,Cleaned_NER_files/mep_party_cleaned2(1).xlsx,Sheet1,500
Magdalena Filiks,Civic Coalition,Poland,,Cleaned_NER_files/mep_party_cleaned2(1).xlsx,Sheet1,501
Michał Wójcik,Law and Justice,Poland,,Cleaned_NER_files/mep_party_cleaned2(1).xlsx,Sheet1,502
Marek Belka,The Left,Poland,,Cleaned_NER_files/mep_party_cleaned2(1).xlsx,Sheet1,503
Dorota Anna Kolarska,Civic Coalition,Poland,,Cleaned_NER_files/mep_party_cleaned2(1).xlsx,Sheet1,504
Pope John Paul II,Others,Vatican City,Religious Leader,Cleaned_NER_files/mep_party_cleaned2(1).xlsx,Sheet1,505
Barbara Nowacka,Civic Coalition,Poland,,Cleaned_NER_files/mep_party_cleaned2(1).xlsx,Sheet1,506
Róża Thun,Third Way,Poland,,Cleaned_NER_files/mep_party_cleaned2(1).xlsx,Sheet1,507
Olaf Scholz,Social Democratic Party,Germany,SPD,Cleaned_NER_files/mep_party_cleaned2(1).xlsx,Sheet1,508
Ryszard Petru,Modern,Poland,Nowoczesna,Cleaned_NER_files/mep_party_cleaned2(1).xlsx,Sheet1,509
Krzysztof Gawkowski,The Left,Poland,,Cleaned_NER_files/mep_party_cleaned2(1).xlsx,Sheet1,510
Zbigniew Kuźmiuk,Law and Justice,Poland,,Cleaned_NER_files/mep_party_cleaned2(1).xlsx,Sheet1,511
Szymon Hołownia,Third Way,Poland,,Cleaned_NER_files/mep_party_cleaned2(1).xlsx,Sheet1,512
Mariusz Błaszczak,Law and Justice,Poland,,Cleaned_NER_files/mep_party_cleaned2(1).xlsx,Sheet1,513
Gerhard Schröder,Social Democratic Party,Germany,SPD,Cleaned_NER_files/mep_party_cleaned2(1).xlsx,Sheet1,514
Przemysław Wipler,KORWiN,Poland,,Cleaned_NER_files/mep_party_cleaned2(1).xlsx,Sheet1,515
Lech Wałęsa,Others,Poland,Former Politicians,Cleaned_NER_files/mep_party_cleaned2(1).xlsx,Sheet1,516
Władysław Kosiniak-Kamysz,Third Way,Poland,,Cleaned_NER_files/mep_party_cleaned2(1).xlsx,Sheet1,517
Jacek Kurski,Law and Justice,Poland,,Cleaned_NER_files/mep_party_cleaned2(1).xlsx,Sheet1,518
Agnieszka Dziemianowicz-Bąk,The Left,Poland,,Cleaned_NER_files/mep_party_cleaned2(1).xlsx,Sheet1,519
Dobromir Sośnierz,Confederation Liberty and Independence,Poland,,Cleaned_NER_files/mep_party_cleaned2(1).xlsx,Sheet1,520
Joanna Kamińska,Civic Coalition,Poland,,Cleaned_NER_files/mep_party_cleaned2(1).xlsx,Sheet1,521
Danuta Jazłowiecka,Civic Coalition,Poland,,Cleaned_NER_files/mep_party_cleaned2(1).xlsx,Sheet1,522
Lech Walesa,Others,Poland,Former Politicians,Cleaned_NER_files/mep_party_cleaned2(1).xlsx,Sheet1,523
Koalicja Obwatelska,Civic Coalition,Poland,,Cleaned_NER_files/mep_party_cleaned2(1).xlsx,Sheet1,524
Jarosław Kaczyński,Law and Justice,Poland,,Cleaned_NER_files/mep_party_cleaned2(1).xlsx,Sheet1,525
Przemysław Czarnek,Law and Justice,Poland,,Cleaned_NER_files/mep_party_cleaned2(1).xlsx,Sheet1,526
Anna Gembicka,Law and Justice,Poland,,Cleaned_NER_files/mep_party_cleaned2(1).xlsx,Sheet1,527
Grzegorz Schetyna,Civic Platform,Poland,,Cleaned_NER_files/mep_party_cleaned2(1).xlsx,Sheet1,528
Rafał Trzaskowski,Civic Platform,Poland,,Cleaned_NER_files/mep_party_cleaned2(1).xlsx,Sheet1,529
Mariusz Gosek,Law and Justice,Poland,,Cleaned_NER_files/mep_party_cleaned2(1).xlsx,Sheet1,530
Janusz Kowalski,Law and Justice,Poland,,Cleaned_NER_files/mep_party_cleaned2(1).xlsx,Sheet1,531
Mariusz Krystian,Law and Justice,Poland,,Cleaned_NER_files/mep_party_cleaned2(1).xlsx,Sheet1,532
Piotr Korczarowski,Confederation Liberty and Independence,Poland,,Cleaned_NER_files/mep_party_cleaned2(1).xlsx,Sheet1,533
Justyna Walker,Normal Country,Poland,,Cleaned_NER_files/mep_party_cleaned2(1).xlsx,Sheet1,534
Roman Fritz,Confederation Liberty and Independence,Poland,,Cleaned_NER_files/mep_party_cleaned2(1).xlsx,Sheet1,535
Justyna Krasowicz,Confederation Liberty and Independence,Poland,,Cleaned_NER_files/mep_party_cleaned2(1).xlsx,Sheet1,536
Jacek Krzysztof Karnowski,Civic Coalition,Poland,,Cleaned_NER_files/mep_party_cleaned2(1).xlsx,Sheet1,537
Karolina Vidović Krišto,Determination and Justice,Croatia,,Cleaned_NER_files/mep_party_cleaned2(1).xlsx,Sheet1,538
Andrej Plenković,Croatian Democratic Union,Croatia,,Cleaned_NER_files/mep_party_cleaned2(1).xlsx,Sheet1,539
Zoran Milanović,Social Democratic Party of Croatia,Croatia,,Cleaned_NER_files/mep_party_cleaned2(1).xlsx,Sheet1,540
Nino Raspudić,The Bridge,Croatia,,Cleaned_NER_files/mep_party_cleaned2(1).xlsx,Sheet1,541
Katarina Peović,Workers’ Front,Croatia,,Cleaned_NER_files/mep_party_cleaned2(1).xlsx,Sheet1,542
Ivica Todorić,Others,Croatia,,Cleaned_NER_files/mep_party_cleaned2(1).xlsx,Sheet1,543
Ivan Penava,Homeland Movement,Croatia,,Cleaned_NER_files/mep_party_cleaned2(1).xlsx,Sheet1,544
Ivana Kekin,New Left,Croatia,,Cleaned_NER_files/mep_party_cleaned2(1).xlsx,Sheet1,545
Tomislav Tomašević,We Can!,Croatia,,Cleaned_NER_files/mep_party_cleaned2(1).xlsx,Sheet1,546
Vladimir Šeks,Croatian Democratic Union,Croatia,,Cleaned_NER_files/mep_party_cleaned2(1).xlsx,Sheet1,547
Dalija Orešković,Party with a First and Last Name,Croatia,,Cleaned_NER_files/mep_party_cleaned2(1).xlsx,Sheet1,548
Josip Broz Tito,Communist Party of Yugoslavia,Yugoslavia,,Cleaned_NER_files/mep_party_cleaned2(1).xlsx,Sheet1,549
Ivan Kukavica,Others,Croatia,,Cleaned_NER_files/mep_party_cleaned2(1).xlsx,Sheet1,550
Marin Miletić,The Bridge,Croatia,,Cleaned_NER_files/mep_party_cleaned2(1).xlsx,Sheet1,551
Sandra Benčić,We Can!,Croatia,,Cleaned_NER_files/mep_party_cleaned2(1).xlsx,Sheet1,552
Dalibor Domitrović,Social Democratic Party of Croatia,Croatia,,Cleaned_NER_files/mep_party_cleaned2(1).xlsx,Sheet1,553
Aleksandar Vučić,Serbian Progressive Party,Serbia,,Cleaned_NER_files/mep_party_cleaned2(1).xlsx,Sheet1,554
Predrag Fred Matić,Social Democratic Party of Croatia,Croatia,,Cleaned_NER_files/mep_party_cleaned2(1).xlsx,Sheet1,555
Ivica Kukavica,Others,Croatia,,Cleaned_NER_files/mep_party_cleaned2(1).xlsx,Sheet1,556
Lovro Lukavečki,Social Democratic Party of Croatia,Croatia,,Cleaned_NER_files/mep_party_cleaned2(1).xlsx,Sheet1,557
Jelena Miloš,Workers’ Front,Croatia,,Cleaned_NER_files/mep_party_cleaned2(1).xlsx,Sheet1,558
Stipo Mlinarić,Homeland Movement,Croatia,,Cleaned_NER_files/mep_party_cleaned2(1).xlsx,Sheet1,559
Nikola Grmoja,The Bridge,Croatia,,Cleaned_NER_files/mep_party_cleaned2(1).xlsx,Sheet1,560
Milorad Dodik,Alliance of Independent Social Democrats,Bosnia and Herzegovina,,Cleaned_NER_files/mep_party_cleaned2(1).xlsx,Sheet1,561
Ive Ćaleta-Car,Others,Croatia,,Cleaned_NER_files/mep_party_cleaned2(1).xlsx,Sheet1,562
Gordan Jandroković,Croatian Democratic Union,Croatia,,Cleaned_NER_files/mep_party_cleaned2(1).xlsx,Sheet1,563
Mario Banožić,Croatian Democratic Union,Croatia,,Cleaned_NER_files/mep_party_cleaned2(1).xlsx,Sheet1,564
Mario Radić,Homeland Movement,Croatia,,Cleaned_NER_files/mep_party_cleaned2(1).xlsx,Sheet1,565
Enio Meštrović,Others,Croatia,,Cleaned_NER_files/mep_party_cleaned2(1).xlsx,Sheet1,566
Milorad Pupovac,Independent Democratic Serb Party,Croatia,,Cleaned_NER_files/mep_party_cleaned2(1).xlsx,Sheet1,567
Josip Jurčević,Homeland Movement,Croatia,,Cleaned_NER_files/mep_party_cleaned2(1).xlsx,Sheet1,568
Marijana Puljak,Centre,Croatia,,Cleaned_NER_files/mep_party_cleaned2(1).xlsx,Sheet1,569
Dario Zurovec,Focus,Croatia,,Cleaned_NER_files/mep_party_cleaned2(1).xlsx,Sheet1,570
Bojan Glavašević,We Can!,Croatia,,Cleaned_NER_files/mep_party_cleaned2(1).xlsx,Sheet1,571
Daniel Vukelja,Others,Croatia,,Cleaned_NER_files/mep_party_cleaned2(1).xlsx,Sheet1,572
Damir Habijan,Croatian Democratic Union,Croatia,,Cleaned_NER_files/mep_party_cleaned2(1).xlsx,Sheet1,573
Peđa Grbin,Social Democratic Party of Croatia,Croatia,,Cleaned_NER_files/mep_party_cleaned2(1).xlsx,Sheet1,574
Ivan Klarić,Others,Croatia,,Cleaned_NER_files/mep_party_cleaned2(1).xlsx,Sheet1,575
Vili Beroš,Croatian Democratic Union,Croatia,,Cleaned_NER_files/mep_party_cleaned2(1).xlsx,Sheet1,576
Božo Petrov,The Bridge,Croatia,,Cleaned_NER_files/mep_party_cleaned2(1).xlsx,Sheet1,577
Josip Dabro,Homeland Movement,Croatia,,Cleaned_NER_files/mep_party_cleaned2(1).xlsx,Sheet1,578
Piers Morgan,Others,UK,,Cleaned_NER_files/mep_party_cleaned2(1).xlsx,Sheet1,579
Denis Bećirović,Social Democratic Party of Bosnia and Herzegovina,Bosnia and Herzegovina,,Cleaned_NER_files/mep_party_cleaned2(1).xlsx,Sheet1,580
Marko Primorac,Others,Croatia,,Cleaned_NER_files/mep_party_cleaned2(1).xlsx,Sheet1,581
Boris Malagurski,Others,Serbia,,Cleaned_NER_files/mep_party_cleaned2(1).xlsx,Sheet1,582
Carla Denyer,Green Party,UK,,Cleaned_NER_files/mep_party_cleaned2(1).xlsx,Sheet1,583
Dobroslav Paraga,Croatian Party of Rights,Croatia,,Cleaned_NER_files/mep_party_cleaned2(1).xlsx,Sheet1,584
Greta Thunberg,Others,Sweden,,Cleaned_NER_files/mep_party_cleaned2(1).xlsx,Sheet1,585
Igor Peternel,Homeland Movement,Croatia,,Cleaned_NER_files/mep_party_cleaned2(1).xlsx,Sheet1,586
Bas Eickhout,The Greens,Netherlands,,Cleaned_NER_files/mep_party_cleaned2(1).xlsx,Sheet1,587
Geert Wilders,Party for Freedom,Netherlands,,Cleaned_NER_files/mep_party_cleaned2(1).xlsx,Sheet1,588
Nebojša Vukanović,Others,Bosnia and Herzegovina,,Cleaned_NER_files/mep_party_cleaned2(1).xlsx,Sheet1,589
Bjorn Hocke,Alternative for Germany,Germany,,Cleaned_NER_files/mep_party_cleaned2(1).xlsx,Sheet1,590
Lloyd Austin,Others,USA,,Cleaned_NER_files/mep_party_cleaned2(1).xlsx,Sheet1,591
Ivana Mujkić,Others,Croatia,,Cleaned_NER_files/mep_party_cleaned2(1).xlsx,Sheet1,592
Jens Stoltenberg,Others,Norway,,Cleaned_NER_files/mep_party_cleaned2(1).xlsx,Sheet1,593
Dong Jun,Others,China,,Cleaned_NER_files/mep_party_cleaned2(1).xlsx,Sheet1,594
Adrian Ramsay,Green Party,UK,,Cleaned_NER_files/mep_party_cleaned2(1).xlsx,Sheet1,595
Susan Sarandon,Others,USA,,Cleaned_NER_files/mep_party_cleaned2(1).xlsx,Sheet1,596
Alma Dufour,La France Insoumise,France,,Cleaned_NER_files/mep_party_cleaned2(1).xlsx,Sheet1,597
Pedro Sanches,Spanish Socialist Workers' Party,Spain,,Cleaned_NER_files/mep_party_cleaned2(1).xlsx,Sheet1,598
Javier Milei,La Libertad Avanza,Argentina,,Cleaned_NER_files/mep_party_cleaned2(1).xlsx,Sheet1,599
Željko Jovanović,Others,Croatia,,Cleaned_NER_files/mep_party_cleaned2(1).xlsx,Sheet1,600
Urša Raukar-Gamulin,We Can!,Croatia,,Cleaned_NER_files/mep_party_cleaned2(1).xlsx,Sheet1,601
Mirela Ahmetović,Social Democratic Party of Croatia,Croatia,,Cleaned_NER_files/mep_party_cleaned2(1).xlsx,Sheet1,602
Ivančica Pahor,Others,Croatia,,Cleaned_NER_files/mep_party_cleaned2(1).xlsx,Sheet1,603
Peter Szijjarto,Fidesz,Hungary,,Cleaned_NER_files/mep_party_cleaned2(1).xlsx,Sheet1,604
Sergey Lavrov,Others,Russia,,Cleaned_NER_files/mep_party_cleaned2(1).xlsx,Sheet1,605
Miriam Margolyes,Others,UK,,Cleaned_NER_files/mep_party_cleaned2(1).xlsx,Sheet1,606
Matt Carthy,Sinn Féin,Ireland,,Cleaned_NER_files/mep_party_cleaned2(1).xlsx,Sheet1,607
Dorotea Strelec,Others,Croatia,,Cleaned_NER_files/mep_party_cleaned2(1).xlsx,Sheet1,608
Ivan Šipić,Others,Croatia,,Cleaned_NER_files/mep_party_cleaned2(1).xlsx,Sheet1,609
Eva Vlaardingerbroek,Others,Netherlands,,Cleaned_NER_files/mep_party_cleaned2(1).xlsx,Sheet1,610
Jimmy Fallon,Others,USA,,Cleaned_NER_files/mep_party_cleaned2(1).xlsx,Sheet1,611
Malala Yousafzai,Others,Pakistan,,Cleaned_NER_files/mep_party_cleaned2(1).xlsx,Sheet1,612
Nicolas Schmit,Luxembourg Socialist Workers' Party,Luxembourg,,Cleaned_NER_files/mep_party_cleaned2(1).xlsx,Sheet1,613
Jill Ellen Stein,Green Party of the United States,USA,,Cleaned_NER_files/mep_party_cleaned2(1).xlsx,Sheet1,614
Dubravka Šuica,Croatian Democratic Union,Croatia,,Cleaned_NER_files/mep_party_cleaned2(1).xlsx,Sheet1,615
Davor Dretar,Homeland Movement,Croatia,,Cleaned_NER_files/mep_party_cleaned2(1).xlsx,Sheet1,616
Jeremy Corbyn,Labour Party,UK,,Cleaned_NER_files/mep_party_cleaned2(1).xlsx,Sheet1,617
Valter Flego,Istrian Democratic Assembly,Croatia,,Cleaned_NER_files/mep_party_cleaned2(1).xlsx,Sheet1,618
Tomislav Josić,Homeland Movement,Croatia,,Cleaned_NER_files/mep_party_cleaned2(1).xlsx,Sheet1,619
Miro Bulj,The Bridge,Croatia,,Cleaned_NER_files/mep_party_cleaned2(1).xlsx,Sheet1,620
Miroslav Radačovský,Slovak National Party,Slovakia,,Cleaned_NER_files/mep_party_cleaned2(1).xlsx,Sheet1,621
Roberta Metsola,Nationalist Party,Malta,,Cleaned_NER_files/mep_party_cleaned2(1).xlsx,Sheet1,622
Ljubo Ćesić,Pulse of Croatia,Croatia,,Cleaned_NER_files/mep_party_cleaned2(1).xlsx,Sheet1,623
Kevin Spacey,Others,USA,,Cleaned_NER_files/mep_party_cleaned2(1).xlsx,Sheet1,624
Alexandria Ocasio-Cortez,Democratic Party,USA,,Cleaned_NER_files/mep_party_cleaned2(1).xlsx,Sheet1,625
Marija Selak Raspudić,The Bridge,Croatia,,Cleaned_NER_files/mep_party_cleaned2(1).xlsx,Sheet1,626
Marko Milanović Litre,Others,Croatia,,Cleaned_NER_files/mep_party_cleaned2(1).xlsx,Sheet1,627
Walter Baier,Communist Party of Austria,Austria,,Cleaned_NER_files/mep_party_cleaned2(1).xlsx,Sheet1,628
Anthony Blinken,Democratic Party,USA,,Cleaned_NER_files/mep_party_cleaned2(1).xlsx,Sheet1,629
Justin Trudeau,Liberal Party of Canada,Canada,,Cleaned_NER_files/mep_party_cleaned2(1).xlsx,Sheet1,630
Nigel Farage,Reform UK,UK,,Cleaned_NER_files/mep_party_cleaned2(1).xlsx,Sheet1,631
Nina Škocak,Others,Croatia,,Cleaned_NER_files/mep_party_cleaned2(1).xlsx,Sheet1,632
Ava Karabatić,Stranka Ivana Pernara,Croatia,,Cleaned_NER_files/mep_party_cleaned2(1).xlsx,Sheet1,633
Christine Madeleine Odette Lagarde,Others,France,,Cleaned_NER_files/mep_party_cleaned2(1).xlsx,Sheet1,634
Jelena Dolenec,Others,Others,,Cleaned_NER_files/mep_party_cleaned2(1).xlsx,Sheet1,635
Luka Korlaet,We Can!,Others,,Cleaned_NER_files/mep_party_cleaned2(1).xlsx,Sheet1,636
Caroline Lucas,Green Party,UK,,Cleaned_NER_files/mep_party_cleaned2(1).xlsx,Sheet1,637
Jill Stein,Green Party of the United States,USA,,Cleaned_NER_files/mep_party_cleaned2(1).xlsx,Sheet1,638
Natalie Bennett,Green Party,Australia,,Cleaned_NER_files/mep_party_cleaned2(1).xlsx,Sheet1,639
Robert Habeck,Alliance 90/The Greens,Germany,,Cleaned_NER_files/mep_party_cleaned2(1).xlsx,Sheet1,640
Mato Lukic,Others,Others,,Cleaned_NER_files/mep_party_cleaned2(1).xlsx,Sheet1,641
Nina Skočak,Others,Croatia,,Cleaned_NER_files/mep_party_cleaned2(1).xlsx,Sheet1,642
Mislav Kolakušić,Law and Justice,Croatia,,Cleaned_NER_files/mep_party_cleaned2(1).xlsx,Sheet1,643
Jean-Luc Mélenchon,La France Insoumise,France,,Cleaned_NER_files/mep_party_cleaned2(1).xlsx,Sheet1,644
Papacito,Others,France,,Cleaned_NER_files/mep_party_cleaned2(1).xlsx,Sheet1,645
Julien Odoul,National Rally,France,,Cleaned_NER_files/mep_party_cleaned2(1).xlsx,Sheet1,646
Manuel Valls,Renaissance,France,,Cleaned_NER_files/mep_party_cleaned2(1).xlsx,Sheet1,647
Jean Lassalle,Résistons!,France,,Cleaned_NER_files/mep_party_cleaned2(1).xlsx,Sheet1,648
Lionel Jospin,Socialist Party,France,,Cleaned_NER_files/mep_party_cleaned2(1).xlsx,Sheet1,649
Jean-Marc Jancovici,Others,France,,Cleaned_NER_files/mep_party_cleaned2(1).xlsx,Sheet1,650
Bruno Le Maire,Renaissance,France,,Cleaned_NER_files/mep_party_cleaned2(1).xlsx,Sheet1,651
Nicolas Sarkozy,The Republicans,France,,Cleaned_NER_files/mep_party_cleaned2(1).xlsx,Sheet1,652
Prisca Thevenot,Renaissance,France,,Cleaned_NER_files/mep_party_cleaned2(1).xlsx,Sheet1,653
David Guiraud,La France Insoumise,France,,Cleaned_NER_files/mep_party_cleaned2(1).xlsx,Sheet1,654
Yaël Braun-Pivet,Renaissance,France,,Cleaned_NER_files/mep_party_cleaned2(1).xlsx,Sheet1,655
Olivier Faure,Socialist Party,France,,Cleaned_NER_files/mep_party_cleaned2(1).xlsx,Sheet1,656
Léon Defontaine,Others,France,,Cleaned_NER_files/mep_party_cleaned2(1).xlsx,Sheet1,657
François Asselineau,Popular Republican Union,France,,Cleaned_NER_files/mep_party_cleaned2(1).xlsx,Sheet1,658
Manuel Bompard,La France Insoumise,France,,Cleaned_NER_files/mep_party_cleaned2(1).xlsx,Sheet1,659
Frédéric Maillot,For Réunion,France,,Cleaned_NER_files/mep_party_cleaned2(1).xlsx,Sheet1,660
Marc Botenga,Workers’ Party of Belgium,Belgium,,Cleaned_NER_files/mep_party_cleaned2(1).xlsx,Sheet1,661
Louis Boyard,La France Insoumise,France,,Cleaned_NER_files/mep_party_cleaned2(1).xlsx,Sheet1,662
Charles Consigny,The Republicans,France,,Cleaned_NER_files/mep_party_cleaned2(1).xlsx,Sheet1,663
Florian Philippot,The Patriots,France,,Cleaned_NER_files/mep_party_cleaned2(1).xlsx,Sheet1,664
Julien Rochedy,Others,France,,Cleaned_NER_files/mep_party_cleaned2(1).xlsx,Sheet1,665
François Hollande,Socialist Party,France,,Cleaned_NER_files/mep_party_cleaned2(1).xlsx,Sheet1,666
Jacques Attali,Others,France,,Cleaned_NER_files/mep_party_cleaned2(1).xlsx,Sheet1,667
Aymeric Caron,Ecological Revolution for the Living,France,,Cleaned_NER_files/mep_party_cleaned2(1).xlsx,Sheet1,668
Meyer Habib,The Republicans,France,,Cleaned_NER_files/mep_party_cleaned2(1).xlsx,Sheet1,669
Éric Zemmour,Reconquête,France,,Cleaned_NER_files/mep_party_cleaned2(1).xlsx,Sheet1,670
Sandrine Rousseau,The Ecologists,France,,Cleaned_NER_files/mep_party_cleaned2(1).xlsx,Sheet1,671
Marion Maréchal Le Pen,Identity–Freedoms,France,,Cleaned_NER_files/mep_party_cleaned2(1).xlsx,Sheet1,672
Stanislas Rigault,Reconquête,France,,Cleaned_NER_files/mep_party_cleaned2(1).xlsx,Sheet1,673
Jean-Marie Le Pen,Comités Jeanne,France,,Cleaned_NER_files/mep_party_cleaned2(1).xlsx,Sheet1,674
Jimmie Åkesson,Sweden Democrats,Sweden,,Cleaned_NER_files/mep_party_cleaned2(1).xlsx,Sheet1,675
Magdalena Andersson,Swedish Social Democratic Party,Sweden,,Cleaned_NER_files/mep_party_cleaned2(1).xlsx,Sheet1,676
Nooshi Dadgostar,Left Party,Sweden,,Cleaned_NER_files/mep_party_cleaned2(1).xlsx,Sheet1,677
Maria Rosander,Sweden Democrats,Sweden,,Cleaned_NER_files/mep_party_cleaned2(1).xlsx,Sheet1,678
Tobias Andersson,Sweden Democrats,Sweden,,Cleaned_NER_files/mep_party_cleaned2(1).xlsx,Sheet1,679
Rebecka Rapp,Sweden Democrats,Sweden,,Cleaned_NER_files/mep_party_cleaned2(1).xlsx,Sheet1,680
Lisa Nåbo,Swedish Social Democratic Party,Sweden,,Cleaned_NER_files/mep_party_cleaned2(1).xlsx,Sheet1,681
Ola Möller,Swedish Social Democratic Party,Sweden,,Cleaned_NER_files/mep_party_cleaned2(1).xlsx,Sheet1,682
Jan Emanuel,Swedish Social Democratic Party,Sweden,,Cleaned_NER_files/mep_party_cleaned2(1).xlsx,Sheet1,683
Ebba Busch,Christian Democrats,Sweden,,Cleaned_NER_files/mep_party_cleaned2(1).xlsx,Sheet1,684
Johan Pehrson,Liberals,Sweden,,Cleaned_NER_files/mep_party_cleaned2(1).xlsx,Sheet1,685
Amanda Lind,Green Party,Sweden,,Cleaned_NER_files/mep_party_cleaned2(1).xlsx,Sheet1,686
Henrik Wahlström,Others,Sweden,,Cleaned_NER_files/mep_party_cleaned2(1).xlsx,Sheet1,687
Anna Maria Corazza Bildt,Liberals,Sweden,,Cleaned_NER_files/mep_party_cleaned2(1).xlsx,Sheet1,688
Anton Bylin,Green Party,Sweden,,Cleaned_NER_files/mep_party_cleaned2(1).xlsx,Sheet1,689
Leon McManus,Green Party,Sweden,,Cleaned_NER_files/mep_party_cleaned2(1).xlsx,Sheet1,690
Sara Skyttedal,Folklistan,Sweden,,Cleaned_NER_files/mep_party_cleaned2(1).xlsx,Sheet1,691
Muharrem Demirok,Centre Party,Sweden,,Cleaned_NER_files/mep_party_cleaned2(1).xlsx,Sheet1,692
Rebecka Forsberg,Others,Sweden,,Cleaned_NER_files/mep_party_cleaned2(1).xlsx,Sheet1,693
David Lång,Sweden Democrats,Sweden,,Cleaned_NER_files/mep_party_cleaned2(1).xlsx,Sheet1,694
Bloco de Esquerda,Bloco de Esquerda,Portugal,,Cleaned_NER_files/mep_party_cleaned2(1).xlsx,Sheet1,695
Partido Socialista,Partido Socialista,Portugal,,Cleaned_NER_files/mep_party_cleaned2(1).xlsx,Sheet1,696
Chega,Chega,Portugal,,Cleaned_NER_files/mep_party_cleaned2(1).xlsx,Sheet1,697
Nova Direita,Nova Direita,Portugal,,Cleaned_NER_files/mep_party_cleaned2(1).xlsx,Sheet1,698
Joe Biden,Democratic Party,United States,,Cleaned_NER_files/mep_party_cleaned2(1).xlsx,Sheet1,699
Barack Obama,Democratic Party,United States,,Cleaned_NER_files/mep_party_cleaned2(1).xlsx,Sheet1,700
Donald Trump,Republican Party,United States,,Cleaned_NER_files/mep_party_cleaned2(1).xlsx,Sheet1,701
Hillary Clinton,Democratic Party,United States,,Cleaned_NER_files/mep_party_cleaned2(1).xlsx,Sheet1,702
Luiz Inácio Lula da Silva,Workers' Party,Brazil,,Cleaned_NER_files/mep_party_cleaned2(1).xlsx,Sheet1,703
João Galamba,Partido Socialista,Portugal,,Cleaned_NER_files/mep_party_cleaned2(1).xlsx,Sheet1,704
Partido Social Democrata (PSD),Partido Social Democrata,Portugal,,Cleaned_NER_files/mep_party_cleaned2(1).xlsx,Sheet1,705
Pedro Nuno Santos,Partido Socialista,Portugal,,Cleaned_NER_files/mep_party_cleaned2(1).xlsx,Sheet1,706
Aliança Democrática (AD),Aliança Democrática,Portugal,,Cleaned_NER_files/mep_party_cleaned2(1).xlsx,Sheet1,707
Marcelo Rebelo de Sousa,Partido Social Democrata,Portugal,,Cleaned_NER_files/mep_party_cleaned2(1).xlsx,Sheet1,708
Carlos Moedas,Partido Social Democrata,Portugal,,Cleaned_NER_files/mep_party_cleaned2(1).xlsx,Sheet1,709
Rita Matias,Chega,Portugal,,Cleaned_NER_files/mep_party_cleaned2(1).xlsx,Sheet1,710
Rui Tavares,Livre,Portugal,,Cleaned_NER_files/mep_party_cleaned2(1).xlsx,Sheet1,711
Mariana Mortágua,Bloco de Esquerda,Portugal,,Cleaned_NER_files/mep_party_cleaned2(1).xlsx,Sheet1,712
Partido Comunista Português (PCP),Partido Comunista Português,Portugal,,Cleaned_NER_files/mep_party_cleaned2(1).xlsx,Sheet1,713
António Filipe,Partido Comunista Português,Portugal,,Cleaned_NER_files/mep_party_cleaned2(1).xlsx,Sheet1,714
Iniciativa Liberal,Iniciativa Liberal,Portugal,,Cleaned_NER_files/mep_party_cleaned2(1).xlsx,Sheet1,715
Alexandra Leitão,Partido Socialista,Portugal,,Cleaned_NER_files/mep_party_cleaned2(1).xlsx,Sheet1,716
Simon Harris,Fine Gael,Ireland,,Cleaned_NER_files/mep_party_cleaned2(1).xlsx,Sheet1,717
Pedro Frazão,Chega,Portugal,,Cleaned_NER_files/mep_party_cleaned2(1).xlsx,Sheet1,718
Bruno Nunes,Chega,Portugal,,Cleaned_NER_files/mep_party_cleaned2(1).xlsx,Sheet1,719
Pedro Pinto,Chega,Portugal,,Cleaned_NER_files/mep_party_cleaned2(1).xlsx,Sheet1,720
Ergue-te,Ergue-te,Portugal,,Cleaned_NER_files/mep_party_cleaned2(1).xlsx,Sheet1,721
Pedro Passos Coelho,Social Democratic Party,Portugal,PSD,Cleaned_NER_files/mep_party_cleaned2(1).xlsx,Sheet1,722
José Soeiro,Bloco de Esquerda,Portugal,BE,Cleaned_NER_files/mep_party_cleaned2(1).xlsx,Sheet1,723
Volodymyr Zelensky,Servant of the People,Ukraine,,Cleaned_NER_files/mep_party_cleaned2(1).xlsx,Sheet1,724
Ami Ayalon,Israeli Labor Party,Israel,,Cleaned_NER_files/mep_party_cleaned2(1).xlsx,Sheet1,725
Yehuda Shaul,Breaking the Silence,Israel,,Cleaned_NER_files/mep_party_cleaned2(1).xlsx,Sheet1,726
Augusto Santos Silva,Socialist Party,Portugal,PS,Cleaned_NER_files/mep_party_cleaned2(1).xlsx,Sheet1,727
José Sócrates,Socialist Party,Portugal,PS,Cleaned_NER_files/mep_party_cleaned2(1).xlsx,Sheet1,728
Edi Rama,Socialist Party of Albania,Albania,,Cleaned_NER_files/mep_party_cleaned2(1).xlsx,Sheet1,729
Paulo Núncio,CDS – People's Party,Portugal,CDS-PP,Cleaned_NER_files/mep_party_cleaned2(1).xlsx,Sheet1,730
People–Animals–Nature (PAN),People–Animals–Nature,Portugal,PAN,Cleaned_NER_files/mep_party_cleaned2(1).xlsx,Sheet1,731
Inês de Sousa Real,People–Animals–Nature,Portugal,PAN,Cleaned_NER_files/mep_party_cleaned2(1).xlsx,Sheet1,732
Rita Maria Matias,Chega,Portugal,,Cleaned_NER_files/mep_party_cleaned2(1).xlsx,Sheet1,733
Rui Rocha,Liberal Initiative,Portugal,IL,Cleaned_NER_files/mep_party_cleaned2(1).xlsx,Sheet1,734
José Pacheco,Chega,Portugal,,Cleaned_NER_files/mep_party_cleaned2(1).xlsx,Sheet1,735
Chega Açores,Chega,Portugal,,Cleaned_NER_files/mep_party_cleaned2(1).xlsx,Sheet1,736
Joana Mortágua,Bloco de Esquerda,Portugal,BE,Cleaned_NER_files/mep_party_cleaned2(1).xlsx,Sheet1,737
Marisa Matias,Bloco de Esquerda,Portugal,BE,Cleaned_NER_files/mep_party_cleaned2(1).xlsx,Sheet1,738
Luís Montenegro,Social Democratic Party,Portugal,PSD,Cleaned_NER_files/mep_party_cleaned2(1).xlsx,Sheet1,739
Carlos Guimarães Pinto,Iniciativa Liberal,Portugal,IL,Cleaned_NER_files/mep_party_cleaned2(1).xlsx,Sheet1,740
Felipe Melo,Chega,Portugal,,Cleaned_NER_files/mep_party_cleaned2(1).xlsx,Sheet1,741
Jair Bolsonaro,Liberal Party,Brazil,,Cleaned_NER_files/mep_party_cleaned2(1).xlsx,Sheet1,742
José Gusmão,Bloco de Esquerda,Portugal,BE,Cleaned_NER_files/mep_party_cleaned2(1).xlsx,Sheet1,743
Emmanuel Macron,La République En Marche!,France,,Cleaned_NER_files/mep_party_cleaned2(1).xlsx,Sheet1,744
Rishi Sunak,Conservative Party,United Kingdom,,Cleaned_NER_files/mep_party_cleaned2(1).xlsx,Sheet1,745
Dilma Rousseff,Workers' Party,Brazil,,Cleaned_NER_files/mep_party_cleaned2(1).xlsx,Sheet1,746
Nancy Pelosi,Democratic Party,United States,,Cleaned_NER_files/mep_party_cleaned2(1).xlsx,Sheet1,747
António Leitão Amaro,Social Democratic Party,Portugal,PSD,Cleaned_NER_files/mep_party_cleaned2(1).xlsx,Sheet1,748
José Pinto Coelho,National Renovator Party,Portugal,PNR,Cleaned_NER_files/mep_party_cleaned2(1).xlsx,Sheet1,749
ADN,Aliança Democrática Nacional,Portugal,,Cleaned_NER_files/mep_party_cleaned2(1).xlsx,Sheet1,750
Diogo Pacheco de Amorim,Chega,Portugal,,Cleaned_NER_files/mep_party_cleaned2(1).xlsx,Sheet1,751
Volt,Volt Europa,Europe,,Cleaned_NER_files/mep_party_cleaned2(1).xlsx,Sheet1,752
CDS – Partido Popular,CDS – People's Party,Portugal,CDS-PP,Cleaned_NER_files/mep_party_cleaned2(1).xlsx,Sheet1,753
José Pacheco Pereira,Social Democratic Party,Portugal,PSD,Cleaned_NER_files/mep_party_cleaned2(1).xlsx,Sheet1,754
Fabian Figueiredo,Bloco de Esquerda,Portugal,BE,Cleaned_NER_files/mep_party_cleaned2(1).xlsx,Sheet1,755
PML,Partido da Terra,Portugal,,Cleaned_NER_files/mep_party_cleaned2(1).xlsx,Sheet1,756
CDU,Unitary Democratic Coalition,Portugal,,Cleaned_NER_files/mep_party_cleaned2(1).xlsx,Sheet1,757
Chega!,Chega,Portugal,,Cleaned_NER_files/mep_party_cleaned2(1).xlsx,Sheet1,758
Cecília Meireles,CDS – People's Party,Portugal,CDS-PP,Cleaned_NER_files/mep_party_cleaned2(1).xlsx,Sheet1,759
António de Oliveira Salazar,National Union,Portugal,,Cleaned_NER_files/mep_party_cleaned2(1).xlsx,Sheet1,760
Paulo Raimundo,Portuguese Communist Party,Portugal,PCP,Cleaned_NER_files/mep_party_cleaned2(1).xlsx,Sheet1,761
Maria Manuel Leitão Marques,Socialist Party,Portugal,PS,Cleaned_NER_files/mep_party_cleaned2(1).xlsx,Sheet1,762
Margaret Thatcher,Conservative Party,United Kingdom,,Cleaned_NER_files/mep_party_cleaned2(1).xlsx,Sheet1,763
Volt Portugal,Volt Portugal,Portugal,,Cleaned_NER_files/mep_party_cleaned2(1).xlsx,Sheet1,764
Partido Social Democrata,Partido Social Democrata,Portugal,PSD,Cleaned_NER_files/mep_party_cleaned2(1).xlsx,Sheet1,765
Aliança Democrática,Aliança Democrática,Portugal,,Cleaned_NER_files/mep_party_cleaned2(1).xlsx,Sheet1,766
Juventude Chega,Chega Youth Wing,Portugal,,Cleaned_NER_files/mep_party_cleaned2(1).xlsx,Sheet1,767
Partido Comunista Português,Portuguese Communist Party,Portugal,PCP,Cleaned_NER_files/mep_party_cleaned2(1).xlsx,Sheet1,768
Partido Livre,Livre,Portugal,,Cleaned_NER_files/mep_party_cleaned2(1).xlsx,Sheet1,769
Rui Afonso,Chega,Portugal,,Cleaned_NER_files/mep_party_cleaned2(1).xlsx,Sheet1,770
Partido Pessoas-Animais-Natureza (PAN),People–Animals–Nature Party,Portugal,,Cleaned_NER_files/mep_party_cleaned2(1).xlsx,Sheet1,771
Partido Chega,Chega,Portugal,,Cleaned_NER_files/mep_party_cleaned2(1).xlsx,Sheet1,772
Partido Popular Europeu (EPP),European People's Party,Europe,,Cleaned_NER_files/mep_party_cleaned2(1).xlsx,Sheet1,773
Lula da Silva,Workers' Party,Brazil,,Cleaned_NER_files/mep_party_cleaned2(1).xlsx,Sheet1,774
European People's Party,European People's Party,Europe,,Cleaned_NER_files/mep_party_cleaned2(1).xlsx,Sheet1,775
Partido Os Verdes,"Ecologist Party ""The Greens""",Portugal,,Cleaned_NER_files/mep_party_cleaned2(1).xlsx,Sheet1,776
Fratelli d'Italia,Brothers of Italy,Italy,,Cleaned_NER_files/mep_party_cleaned2(1).xlsx,Sheet1,777
Izquierda Unida,United Left,Spain,,Cleaned_NER_files/mep_party_cleaned2(1).xlsx,Sheet1,778
European Left,Party of the European Left,Europe,,Cleaned_NER_files/mep_party_cleaned2(1).xlsx,Sheet1,779
Barry Andrews,Fianna Fáil,Ireland,,Cleaned_NER_files/mep_party_cleaned2(1).xlsx,Sheet1,780
ALDE Party,Alliance of Liberals and Democrats for Europe Party,Europe,,Cleaned_NER_files/mep_party_cleaned2(1).xlsx,Sheet1,781
Renew Europe,Renew Europe,Europe,,Cleaned_NER_files/mep_party_cleaned2(1).xlsx,Sheet1,782
Carla Zambelli,Liberal Party,Brazil,,Cleaned_NER_files/mep_party_cleaned2(1).xlsx,Sheet1,783
Ebrahim Raisi,Combatant Clergy Association,Iran,,Cleaned_NER_files/mep_party_cleaned2(1).xlsx,Sheet1,784
Nuno Melo,CDS – People's Party,Portugal,CDS-PP,Cleaned_NER_files/mep_party_cleaned2(1).xlsx,Sheet1,785
João Ferreira,Portuguese Communist Party,Portugal,PCP,Cleaned_NER_files/mep_party_cleaned2(1).xlsx,Sheet1,786
Rui Fonseca e Castro,Ergue-te,Portugal,,Cleaned_NER_files/mep_party_cleaned2(1).xlsx,Sheet1,787
Benjamin Netanyahu,Likud,Israel,,Cleaned_NER_files/mep_party_cleaned2(1).xlsx,Sheet1,788
José Mujica,Broad Front,Uruguay,,Cleaned_NER_files/mep_party_cleaned2(1).xlsx,Sheet1,789
Boris Johnson,Conservative Party,United Kingdom,,Cleaned_NER_files/mep_party_cleaned2(1).xlsx,Sheet1,790
Ana Gomes,Socialist Party,Portugal,PS,Cleaned_NER_files/mep_party_cleaned2(1).xlsx,Sheet1,791
Fernando Medina,Socialist Party,Portugal,PS,Cleaned_NER_files/mep_party_cleaned2(1).xlsx,Sheet1,792
Anders Vistisen,Danish People's Party,Denmark,,Cleaned_NER_files/mep_party_cleaned2(1).xlsx,Sheet1,793
Gunnar Beck,Alternative for Germany,Germany,AfD,Cleaned_NER_files/mep_party_cleaned2(1).xlsx,Sheet1,794
Jaak Madison,Conservative People's Party of Estonia,Estonia,,Cleaned_NER_files/mep_party_cleaned2(1).xlsx,Sheet1,795
Tom Vandendriessche,Vlaams Belang,Belgium,,Cleaned_NER_files/mep_party_cleaned2(1).xlsx,Sheet1,796
Andrew Bailey,Others,United Kingdom,Governor of the Bank of England,Cleaned_NER_files/mep_party_cleaned2(1).xlsx,Sheet1,797
Hashem bin Al Abdullah,Others,Jordan,Crown Prince of Jordan,Cleaned_NER_files/mep_party_cleaned2(1).xlsx,Sheet1,798
Leo Varadkar,Fine Gael,Ireland,,Cleaned_NER_files/mep_party_cleaned2(1).xlsx,Sheet1,799
Maria Conceição Tavares,Socialist Party,Portugal,PS,Cleaned_NER_files/mep_party_cleaned2(1).xlsx,Sheet1,800
Karoline Edtstadler,Austrian People's Party,Austria,ÖVP,Cleaned_NER_files/mep_party_cleaned2(1).xlsx,Sheet1,801
Ricardo Costa,Others,Portugal,Journalist,Cleaned_NER_files/mep_party_cleaned2(1).xlsx,Sheet1,802
Isabel Damasceno,Social Democratic Party,Portugal,PSD,Cleaned_NER_files/mep_party_cleaned2(1).xlsx,Sheet1,803
Alexander De Croo,Open Flemish Liberals and Democrats,Belgium,Open VLD,Cleaned_NER_files/mep_party_cleaned2(1).xlsx,Sheet1,804
European People's Party (EPP),European People's Party,Europe,,Cleaned_NER_files/mep_party_cleaned2(1).xlsx,Sheet1,805
Mário Soares,Socialist Party,Portugal,PS,Cleaned_NER_files/mep_party_cleaned2(1).xlsx,Sheet1,806
CDS – People's Party (CDS-PP),CDS – People's Party,Portugal,,Cleaned_NER_files/mep_party_cleaned2(1).xlsx,Sheet1,807
Rui Rio,Social Democratic Party,Portugal,PSD,Cleaned_NER_files/mep_party_cleaned2(1).xlsx,Sheet1,808
Anthony Albanese,Australian Labor Party,Australia,,Cleaned_NER_files/mep_party_cleaned2(1).xlsx,Sheet1,809
Sadiq Khan,Labour Party,United Kingdom,,Cleaned_NER_files/mep_party_cleaned2(1).xlsx,Sheet1,810
Boyko Borissov,GERB,Bulgaria,,Cleaned_NER_files/mep_party_cleaned2(1).xlsx,Sheet1,811
GERB,GERB,Bulgaria,,Cleaned_NER_files/mep_party_cleaned2(1).xlsx,Sheet1,812
Kiril Petkov,We Continue the Change,Bulgaria,,Cleaned_NER_files/mep_party_cleaned2(1).xlsx,Sheet1,813
Hristo Ivanov,"Yes, Bulgaria",Bulgaria,,Cleaned_NER_files/mep_party_cleaned2(1).xlsx,Sheet1,814
"Yes, Bulgaria","Yes, Bulgaria",Bulgaria,,Cleaned_NER_files/mep_party_cleaned2(1).xlsx,Sheet1,815
Democratic Bulgaria,Democratic Bulgaria,Bulgaria,,Cleaned_NER_files/mep_party_cleaned2(1).xlsx,Sheet1,816
We Continue the Change,We Continue the Change,Bulgaria,,Cleaned_NER_files/mep_party_cleaned2(1).xlsx,Sheet1,817
Denitsa Simeonova,We Continue the Change,Bulgaria,,Cleaned_NER_files/mep_party_cleaned2(1).xlsx,Sheet1,818
There Is Such a People,There Is Such a People,Bulgaria,,Cleaned_NER_files/mep_party_cleaned2(1).xlsx,Sheet1,819
Slavi Trifonov,There Is Such a People,Bulgaria,,Cleaned_NER_files/mep_party_cleaned2(1).xlsx,Sheet1,820
Vladimir Putin,United Russia,Russia,,Cleaned_NER_files/mep_party_cleaned2(1).xlsx,Sheet1,821
Kostadin Kostadinov,Revival,Bulgaria,,Cleaned_NER_files/mep_party_cleaned2(1).xlsx,Sheet1,822
Maya Manolova,Solidary Bulgaria,Bulgaria,,Cleaned_NER_files/mep_party_cleaned2(1).xlsx,Sheet1,823
Nikolay Denkov,We Continue the Change,Bulgaria,,Cleaned_NER_files/mep_party_cleaned2(1).xlsx,Sheet1,824
Tomislav Donchev,GERB,Bulgaria,,Cleaned_NER_files/mep_party_cleaned2(1).xlsx,Sheet1,825
Volen Siderov,Ataka,Bulgaria,,Cleaned_NER_files/mep_party_cleaned2(1).xlsx,Sheet1,826
Sebastian Tynkkynen,Perussuomalaiset,Finland,,Cleaned_NER_files/mep_party_cleaned2(1).xlsx,Sheet1,827
Henna Virkkunen,Kansallinen Kokoomus,Finland,,Cleaned_NER_files/mep_party_cleaned2(1).xlsx,Sheet1,828
Li Andersson,Vasemmistoliitto,Finland,,Cleaned_NER_files/mep_party_cleaned2(1).xlsx,Sheet1,829
Anna Kontula,Left Alliance,Finland,,Cleaned_NER_files/mep_party_cleaned2(1).xlsx,Sheet1,830
Max Chandler-Mather,Greens,Australia,,Cleaned_NER_files/mep_party_cleaned2(1).xlsx,Sheet1,831
Maria Ohisalo,Green League,Finland,,Cleaned_NER_files/mep_party_cleaned2(1).xlsx,Sheet1,832
Pia Lohikoski,Left Alliance,Finland,,Cleaned_NER_files/mep_party_cleaned2(1).xlsx,Sheet1,833
Jussi Saramo,Left Alliance,Finland,,Cleaned_NER_files/mep_party_cleaned2(1).xlsx,Sheet1,834
Niina Ratilainen,Green League,Finland,,Cleaned_NER_files/mep_party_cleaned2(1).xlsx,Sheet1,835
Fatim Diarra,Green League,Finland,,Cleaned_NER_files/mep_party_cleaned2(1).xlsx,Sheet1,836
Melanie Joly,Liberal Party,Canada,,Cleaned_NER_files/mep_party_cleaned2(1).xlsx,Sheet1,837
Arto Satonen,National Coalition Party,Finland,,Cleaned_NER_files/mep_party_cleaned2(1).xlsx,Sheet1,838
Perttu Jussila,Green League,Finland,,Cleaned_NER_files/mep_party_cleaned2(1).xlsx,Sheet1,839
Päivi Räsänen,Christian Democrats,Finland,,Cleaned_NER_files/mep_party_cleaned2(1).xlsx,Sheet1,840
Lauri Lindén,Left Alliance,Finland,,Cleaned_NER_files/mep_party_cleaned2(1).xlsx,Sheet1,841
Joonas Räsänen,Social Democratic Party,Finland,,Cleaned_NER_files/mep_party_cleaned2(1).xlsx,Sheet1,842
Petri Honkonen,Centre Party,Finland,,Cleaned_NER_files/mep_party_cleaned2(1).xlsx,Sheet1,843
Iratxe García Pérez,Spanish Socialist Workers' Party,Spain,,Cleaned_NER_files/mep_party_cleaned2(1).xlsx,Sheet1,844
Mika Aaltola,Others,Finland,Director of the Finnish Institute of International Affairs,Cleaned_NER_files/mep_party_cleaned2(1).xlsx,Sheet1,845
Ben Zyskowicz,National Coalition Party,Finland,,Cleaned_NER_files/mep_party_cleaned2(1).xlsx,Sheet1,846
Niko A. Kauko,Others,Finland,Common Name,Cleaned_NER_files/mep_party_cleaned2(1).xlsx,Sheet1,847
Vapauden Liitto,Vapauden Liitto,Finland,,Cleaned_NER_files/mep_party_cleaned2(1).xlsx,Sheet1,848
Pekka Toveri,Others,Finland,Retired Major General,Cleaned_NER_files/mep_party_cleaned2(1).xlsx,Sheet1,849
Sinimusta Liike,Sinimusta Liike,Finland,,Cleaned_NER_files/mep_party_cleaned2(1).xlsx,Sheet1,850
Annika Saarikko,Centre Party,Finland,,Cleaned_NER_files/mep_party_cleaned2(1).xlsx,Sheet1,851
Dimitri Qvintus,Social Democratic Party,Finland,,Cleaned_NER_files/mep_party_cleaned2(1).xlsx,Sheet1,852
Mika Lintilä,Centre Party,Finland,,Cleaned_NER_files/mep_party_cleaned2(1).xlsx,Sheet1,853
Sauli Niinistö,National Coalition Party,Finland,,Cleaned_NER_files/mep_party_cleaned2(1).xlsx,Sheet1,854
Perussuomalaiset Nuoret,Finns Party Youth,Finland,,Cleaned_NER_files/mep_party_cleaned2(1).xlsx,Sheet1,855
Ivan Puopolo,Others,Finland,Journalist,Cleaned_NER_files/mep_party_cleaned2(1).xlsx,Sheet1,856
Shawn Huff,Others,Finland,Basketball Player,Cleaned_NER_files/mep_party_cleaned2(1).xlsx,Sheet1,857
Left Alliance,Left Alliance,Finland,,Cleaned_NER_files/mep_party_cleaned2(1).xlsx,Sheet1,858
Mari Rantanen,Finns Party,Finland,,Cleaned_NER_files/mep_party_cleaned2(1).xlsx,Sheet1,859
Bella Forsgrén,Green League,Finland,,Cleaned_NER_files/mep_party_cleaned2(1).xlsx,Sheet1,860
Atte Harjanne,Green League,Finland,,Cleaned_NER_files/mep_party_cleaned2(1).xlsx,Sheet1,861
Jussi Hiippavuori,National Coalition Party,Finland,,Cleaned_NER_files/mep_party_cleaned2(1).xlsx,Sheet1,862
Tuulia Alanko,Others,Finland,Finns Party Youth,Cleaned_NER_files/mep_party_cleaned2(1).xlsx,Sheet1,863
Anna-Maja Henriksson,Swedish People's Party,Finland,,Cleaned_NER_files/mep_party_cleaned2(1).xlsx,Sheet1,864
Joakim Vigelius,Finns Party,Finland,,Cleaned_NER_files/mep_party_cleaned2(1).xlsx,Sheet1,865
Matias Mäkynen,Social Democratic Party,Finland,,Cleaned_NER_files/mep_party_cleaned2(1).xlsx,Sheet1,866
Laura Huhtasaari,Finns Party,Finland,,Cleaned_NER_files/mep_party_cleaned2(1).xlsx,Sheet1,867
Jukka Polvinen,National Coalition Party,Finland,,Cleaned_NER_files/mep_party_cleaned2(1).xlsx,Sheet1,868
Eero Heinäluoma,Social Democratic Party,Finland,,Cleaned_NER_files/mep_party_cleaned2(1).xlsx,Sheet1,869
Ilkka Nuotio,National Coalition Party,Finland,,Cleaned_NER_files/mep_party_cleaned2(1).xlsx,Sheet1,870
Nikolaj Villumsen,Red-Green Alliance,Denmark,,Cleaned_NER_files/mep_party_cleaned2(1).xlsx,Sheet1,871
Tiina Sandberg,Communist Party of Finland,Finland,,Cleaned_NER_files/mep_party_cleaned2(1).xlsx,Sheet1,872
Lauri Laitinen,Finns Party,Finland,,Cleaned_NER_files/mep_party_cleaned2(1).xlsx,Sheet1,873
Ritva Elomaa,Finns Party,Finland,,Cleaned_NER_files/mep_party_cleaned2(1).xlsx,Sheet1,874
Jaana Sandström,National Coalition Party,Finland,,Cleaned_NER_files/mep_party_cleaned2(1).xlsx,Sheet1,875
Oras Tynkkynen,Green League,Finland,,Cleaned_NER_files/mep_party_cleaned2(1).xlsx,Sheet1,876
Kaisa Garedew,Green League,Finland,,Cleaned_NER_files/mep_party_cleaned2(1).xlsx,Sheet1,877
Saara Hyrkkö,Green League,Finland,,Cleaned_NER_files/mep_party_cleaned2(1).xlsx,Sheet1,878
Pia Sillanpää,Social Democratic Party,Finland,,Cleaned_NER_files/mep_party_cleaned2(1).xlsx,Sheet1,879
Jari Koskela,Finns Party,Finland,,Cleaned_NER_files/mep_party_cleaned2(1).xlsx,Sheet1,880
Teemu Keskisarja,National Coalition Party,Finland,,Cleaned_NER_files/mep_party_cleaned2(1).xlsx,Sheet1,881
Jenni Pitko,Green League,Finland,,Cleaned_NER_files/mep_party_cleaned2(1).xlsx,Sheet1,882
Jiri Mäntysalo,Finns Party,Finland,,Cleaned_NER_files/mep_party_cleaned2(1).xlsx,Sheet1,883
Paco Diop,Green League,Finland,,Cleaned_NER_files/mep_party_cleaned2(1).xlsx,Sheet1,884
Jouni Jussinniemi,Left Alliance,Finland,,Cleaned_NER_files/mep_party_cleaned2(1).xlsx,Sheet1,885
Kaisa Jussila,National Coalition Party,Finland,,Cleaned_NER_files/mep_party_cleaned2(1).xlsx,Sheet1,886
Pinja Perholehto,Green League,Finland,,Cleaned_NER_files/mep_party_cleaned2(1).xlsx,Sheet1,887
Jukka Hirvasjoki,National Coalition Party,Finland,,Cleaned_NER_files/mep_party_cleaned2(1).xlsx,Sheet1,888
Rosa Meriläinen,Green League,Finland,,Cleaned_NER_files/mep_party_cleaned2(1).xlsx,Sheet1,889
Ted Apter,National Coalition Party,Finland,,Cleaned_NER_files/mep_party_cleaned2(1).xlsx,Sheet1,890
Erkki Tuomioja,Social Democratic Party,Finland,,Cleaned_NER_files/mep_party_cleaned2(1).xlsx,Sheet1,891
Tarja Halonen,Social Democratic Party,Finland,,Cleaned_NER_files/mep_party_cleaned2(1).xlsx,Sheet1,892
Elsi Katainen,Centre Party,Finland,,Cleaned_NER_files/mep_party_cleaned2(1).xlsx,Sheet1,893
Eija-Riitta Korhola,National Coalition Party,Finland,,Cleaned_NER_files/mep_party_cleaned2(1).xlsx,Sheet1,894
Henriina Rantala,National Coalition Party,Finland,,Cleaned_NER_files/mep_party_cleaned2(1).xlsx,Sheet1,895
Miapetra Kumpula-Natri,Social Democratic Party,Finland,,Cleaned_NER_files/mep_party_cleaned2(1).xlsx,Sheet1,896
Teuvo Hakkarainen,Finns Party,Finland,,Cleaned_NER_files/mep_party_cleaned2(1).xlsx,Sheet1,897
Jouni Jussiniemi,National Coalition Party,Finland,,Cleaned_NER_files/mep_party_cleaned2(1).xlsx,Sheet1,898
Hanna Parkkinen,Green League,Finland,,Cleaned_NER_files/mep_party_cleaned2(1).xlsx,Sheet1,899
Mai Kivelä,Left Alliance,Finland,,Cleaned_NER_files/mep_party_cleaned2(1).xlsx,Sheet1,900
Jenna Simula,Finns Party,Finland,,Cleaned_NER_files/mep_party_cleaned2(1).xlsx,Sheet1,901
Katri Kulmuni,Centre Party,Finland,,Cleaned_NER_files/mep_party_cleaned2(1).xlsx,Sheet1,902
Aura Salla,National Coalition Party,Finland,,Cleaned_NER_files/mep_party_cleaned2(1).xlsx,Sheet1,903
Wille Rydman,Finns Party,Finland,,Cleaned_NER_files/mep_party_cleaned2(1).xlsx,Sheet1,904
Suna Kymäläinen,Social Democratic Party,Finland,,Cleaned_NER_files/mep_party_cleaned2(1).xlsx,Sheet1,905
Tuomas Kettunen,Centre Party,Finland,,Cleaned_NER_files/mep_party_cleaned2(1).xlsx,Sheet1,906
Mauri Pekkarinen,Centre Party,Finland,,Cleaned_NER_files/mep_party_cleaned2(1).xlsx,Sheet1,907
Petri Sarvamaa,National Coalition Party,Finland,,Cleaned_NER_files/mep_party_cleaned2(1).xlsx,Sheet1,908
Antti Rinne,Social Democratic Party,Finland,,Cleaned_NER_files/mep_party_cleaned2(1).xlsx,Sheet1,909
Björn Wahlroos,None,Finland,Business Executive,Cleaned_NER_files/mep_party_cleaned2(1).xlsx,Sheet1,910
Mikko Lohi,Centre Party,Finland,,Cleaned_NER_files/mep_party_cleaned2(1).xlsx,Sheet1,911
Matti Vanhanen,Centre Party,Finland,,Cleaned_NER_files/mep_party_cleaned2(1).xlsx,Sheet1,912
Antti Kurvinen,Centre Party,Finland,,Cleaned_NER_files/mep_party_cleaned2(1).xlsx,Sheet1,913
Joonas Pesonen,Green League,Finland,,Cleaned_NER_files/mep_party_cleaned2(1).xlsx,Sheet1,914
Elokapina,Environmental Movement,Finland,,Cleaned_NER_files/mep_party_cleaned2(1).xlsx,Sheet1,915
Kimmo Sasi,National Coalition Party,Finland,,Cleaned_NER_files/mep_party_cleaned2(1).xlsx,Sheet1,916
Charly Salonius-Pasternak,None,Finland,Researcher,Cleaned_NER_files/mep_party_cleaned2(1).xlsx,Sheet1,917
Pekka Aittakumpu,Centre Party,Finland,,Cleaned_NER_files/mep_party_cleaned2(1).xlsx,Sheet1,918
Sanna Nieminiitty,Social Democratic Party,Finland,,Cleaned_NER_files/mep_party_cleaned2(1).xlsx,Sheet1,919
Iiris Suomela,Green League,Finland,,Cleaned_NER_files/mep_party_cleaned2(1).xlsx,Sheet1,920
Nicole Shanahan,None,United States,Business Executive,Cleaned_NER_files/mep_party_cleaned2(1).xlsx,Sheet1,921
Aino-Kaisa Pekonen,Left Alliance,Finland,,Cleaned_NER_files/mep_party_cleaned2(1).xlsx,Sheet1,922
Jenni Jokelainen,Green League,Finland,,Cleaned_NER_files/mep_party_cleaned2(1).xlsx,Sheet1,923
Tiina-Maria Sandberg,Communist Party of Finland,Finland,,Cleaned_NER_files/mep_party_cleaned2(1).xlsx,Sheet1,924
Pauli Kiuru,National Coalition Party,Finland,,Cleaned_NER_files/mep_party_cleaned2(1).xlsx,Sheet1,925
Elina Valtonen,National Coalition Party,Finland,,Cleaned_NER_files/mep_party_cleaned2(1).xlsx,Sheet1,926
Jukka Kopra,National Coalition Party,Finland,,Cleaned_NER_files/mep_party_cleaned2(1).xlsx,Sheet1,927
Minna Minkkinen,Left Alliance,Finland,,Cleaned_NER_files/mep_party_cleaned2(1).xlsx,Sheet1,928
Olli Rehn,Centre Party,Finland,,Cleaned_NER_files/mep_party_cleaned2(1).xlsx,Sheet1,929
Paavo Väyrynen,Centre Party,Finland,,Cleaned_NER_files/mep_party_cleaned2(1).xlsx,Sheet1,930
Robert F. Kennedy Jr.,Democratic Party,United States,,Cleaned_NER_files/mep_party_cleaned2(1).xlsx,Sheet1,931
Susanna Kierkegaard,Social Democratic Party,Finland,,Cleaned_NER_files/mep_party_cleaned2(1).xlsx,Sheet1,932
Teija Makkonen,Finns Party,Finland,,Cleaned_NER_files/mep_party_cleaned2(1).xlsx,Sheet1,933
Onni Härkönen,National Coalition Party,Finland,,Cleaned_NER_files/mep_party_cleaned2(1).xlsx,Sheet1,934
Juhani Lohikoski,Left Alliance,Finland,,Cleaned_NER_files/mep_party_cleaned2(1).xlsx,Sheet1,935
Jani Mäkelä,Finns Party,Finland,,Cleaned_NER_files/mep_party_cleaned2(1).xlsx,Sheet1,936
Pasi Liukkonen,National Coalition Party,Finland,,Cleaned_NER_files/mep_party_cleaned2(1).xlsx,Sheet1,937
Ilmari Nurminen,Social Democratic Party,Finland,,Cleaned_NER_files/mep_party_cleaned2(1).xlsx,Sheet1,938
Merja Kyllönen,Left Alliance,Finland,,Cleaned_NER_files/mep_party_cleaned2(1).xlsx,Sheet1,939
Noora Korpela,Green League,Finland,,Cleaned_NER_files/mep_party_cleaned2(1).xlsx,Sheet1,940
Juho Salmi,National Coalition Party,Finland,,Cleaned_NER_files/mep_party_cleaned2(1).xlsx,Sheet1,941
Eetu Korhonen,Centre Party,Finland,,Cleaned_NER_files/mep_party_cleaned2(1).xlsx,Sheet1,942
Robert de Niro,None,United States,Actor,Cleaned_NER_files/mep_party_cleaned2(1).xlsx,Sheet1,943
Elisa Aaltola,Green League,Finland,,Cleaned_NER_files/mep_party_cleaned2(1).xlsx,Sheet1,944
Joona Räsänen,Social Democratic Party,Finland,,Cleaned_NER_files/mep_party_cleaned2(1).xlsx,Sheet1,945
Sirpa Pietikäinen,National Coalition Party,Finland,,Cleaned_NER_files/mep_party_cleaned2(1).xlsx,Sheet1,946
Sofia Merinen,Green League,Finland,,Cleaned_NER_files/mep_party_cleaned2(1).xlsx,Sheet1,947
Helin Elfgren,National Coalition Party,Finland,,Cleaned_NER_files/mep_party_cleaned2(1).xlsx,Sheet1,948
Jyrki Katainen,National Coalition Party,Finland,,Cleaned_NER_files/mep_party_cleaned2(1).xlsx,Sheet1,949
Krista Mikkonen,Green League,Finland,,Cleaned_NER_files/mep_party_cleaned2(1).xlsx,Sheet1,950
Simo Grönroos,Finns Party,Finland,,Cleaned_NER_files/mep_party_cleaned2(1).xlsx,Sheet1,951
Viivi Mäkinen,Green League,Finland,,Cleaned_NER_files/mep_party_cleaned2(1).xlsx,Sheet1,952
Lotta Tuominen,Social Democratic Party,Finland,,Cleaned_NER_files/mep_party_cleaned2(1).xlsx,Sheet1,953
Susanne Päivärinta,None,Finland,Journalist,Cleaned_NER_files/mep_party_cleaned2(1).xlsx,Sheet1,954
Matti Paalanen,None,Finland,Musician,Cleaned_NER_files/mep_party_cleaned2(1).xlsx,Sheet1,955
Austin Nasso,None,United States,Comedian,Cleaned_NER_files/mep_party_cleaned2(1).xlsx,Sheet1,956
Petr Pavel,Independent,Czech Republic,,Cleaned_NER_files/mep_party_cleaned2(1).xlsx,Sheet1,957
Adam Schiff,Democratic Party,United States,,Cleaned_NER_files/mep_party_cleaned2(1).xlsx,Sheet1,958
Lulu Ranne,Finns Party,Finland,,Cleaned_NER_files/mep_party_cleaned2(1).xlsx,Sheet1,959
Markku Rentto,National Coalition Party,Finland,,Cleaned_NER_files/mep_party_cleaned2(1).xlsx,Sheet1,960
Patrik Borg,None,Finland,Nutritionist,Cleaned_NER_files/mep_party_cleaned2(1).xlsx,Sheet1,961
Perttu Helin,National Coalition Party,Finland,,Cleaned_NER_files/mep_party_cleaned2(1).xlsx,Sheet1,962
Susanna Kirsner,Green League,Finland,,Cleaned_NER_files/mep_party_cleaned2(1).xlsx,Sheet1,963
Sauli Seittenranta,National Coalition Party,Finland,,Cleaned_NER_files/mep_party_cleaned2(1).xlsx,Sheet1,964
Pekka Haavisto,Green League,Finland,,Cleaned_NER_files/mep_party_cleaned2(1).xlsx,Sheet1,965
Samuel Broman,National Coalition Party,Finland,,Cleaned_NER_files/mep_party_cleaned2(1).xlsx,Sheet1,966
Petrus Pennanen,Pirate Party,Finland,,Cleaned_NER_files/mep_party_cleaned2(1).xlsx,Sheet1,967
Kamala Harris,Democratic Party,United States,,Cleaned_NER_files/mep_party_cleaned2(1).xlsx,Sheet1,968
Hennariikka Rantala,Green League,Finland,,Cleaned_NER_files/mep_party_cleaned2(1).xlsx,Sheet1,969
Kim Berg,Social Democratic Party,Finland,,Cleaned_NER_files/mep_party_cleaned2(1).xlsx,Sheet1,970
Ville Merinen,Green League,Finland,,Cleaned_NER_files/mep_party_cleaned2(1).xlsx,Sheet1,971
Paavo Arhinmäki,Left Alliance,Finland,,Cleaned_NER_files/mep_party_cleaned2(1).xlsx,Sheet1,972
Janne Hirvasvoipio,Left Alliance,Finland,,Cleaned_NER_files/mep_party_cleaned2(1).xlsx,Sheet1,973
Heidi Hautala,Green League,Finland,,Cleaned_NER_files/mep_party_cleaned2(1).xlsx,Sheet1,974
Ville Pietikäinen,National Coalition Party,Finland,,Cleaned_NER_files/mep_party_cleaned2(1).xlsx,Sheet1,975
Tuuli Kousa,Green League,Finland,,Cleaned_NER_files/mep_party_cleaned2(1).xlsx,Sheet1,976
Joakim Träskbäck,National Coalition Party,Finland,,Cleaned_NER_files/mep_party_cleaned2(1).xlsx,Sheet1,977
Xi Jinping,Communist Party,China,,Cleaned_NER_files/mep_party_cleaned2(1).xlsx,Sheet1,978
Mick Wallace,Independents 4 Change,Ireland,,Cleaned_NER_files/mep_party_cleaned2(1).xlsx,Sheet1,979
Christine Lagarde,None,France,Economist,Cleaned_NER_files/mep_party_cleaned2(1).xlsx,Sheet1,980
Grace O'Sullivan,Green Party,Ireland,,Cleaned_NER_files/mep_party_cleaned2(1).xlsx,Sheet1,981
Krista Kiuru,Social Democratic Party,Finland,,Cleaned_NER_files/mep_party_cleaned2(1).xlsx,Sheet1,982
Inka Hopsu,Green League,Finland,,Cleaned_NER_files/mep_party_cleaned2(1).xlsx,Sheet1,983
Janne Sankelo,National Coalition Party,Finland,,Cleaned_NER_files/mep_party_cleaned2(1).xlsx,Sheet1,984
Ari Koponen,Finns Party,Finland,,Cleaned_NER_files/mep_party_cleaned2(1).xlsx,Sheet1,985
Kaisu Juuso,Finns Party,Finland,,Cleaned_NER_files/mep_party_cleaned2(1).xlsx,Sheet1,986
Tytti Tuppurainen,Social Democratic Party,Finland,,Cleaned_NER_files/mep_party_cleaned2(1).xlsx,Sheet1,987
Gashaw Bibani,Green League,Finland,,Cleaned_NER_files/mep_party_cleaned2(1).xlsx,Sheet1,988
Emmi Lintonen,Social Democratic Party,Finland,,Cleaned_NER_files/mep_party_cleaned2(1).xlsx,Sheet1,989
Antti Heikkilä,National Coalition Party,Finland,,Cleaned_NER_files/mep_party_cleaned2(1).xlsx,Sheet1,990
Susa Vikeväkorva,Green League,Finland,,Cleaned_NER_files/mep_party_cleaned2(1).xlsx,Sheet1,991
Viivi Järvelä,Green League,Finland,,Cleaned_NER_files/mep_party_cleaned2(1).xlsx,Sheet1,992
Jutta Urpilainen,Social Democratic Party,Finland,,Cleaned_NER_files/mep_party_cleaned2(1).xlsx,Sheet1,993
Niina Malm,Social Democratic Party,Finland,,Cleaned_NER_files/mep_party_cleaned2(1).xlsx,Sheet1,994
Piia Elo,Green League,Finland,,Cleaned_NER_files/mep_party_cleaned2(1).xlsx,Sheet1,995
Unna Eteläinen,Green League,Finland,,Cleaned_NER_files/mep_party_cleaned2(1).xlsx,Sheet1,996
Niklas Villumsen,Red-Green Alliance,Denmark,,Cleaned_NER_files/mep_party_cleaned2(1).xlsx,Sheet1,997
Harri Pikkarainen,Finns Party,Finland,,Cleaned_NER_files/mep_party_cleaned2(1).xlsx,Sheet1,998
Valtteri Paakki,National Coalition Party,Finland,,Cleaned_NER_files/mep_party_cleaned2(1).xlsx,Sheet1,999
Susanna Kisner,Green League,Finland,,Cleaned_NER_files/mep_party_cleaned2(1).xlsx,Sheet1,1000
Henrik Meinander,None,Finland,Historian,Cleaned_NER_files/mep_party_cleaned2(1).xlsx,Sheet1,1001
Roosa Grönberg,Green League,Finland,,Cleaned_NER_files/mep_party_cleaned2(1).xlsx,Sheet1,1002
Volodymyr Zelenskyy,Servant of the People,Ukraine,,Cleaned_NER_files/mep_party_cleaned2(1).xlsx,Sheet1,1003
Esko Kiviranta,Centre Party,Finland,,Cleaned_NER_files/mep_party_cleaned2(1).xlsx,Sheet1,1004
Peppi Seppälä,Green League,Finland,,Cleaned_NER_files/mep_party_cleaned2(1).xlsx,Sheet1,1005
Dita Charanzová,ANO 2011,Czech Republic,,Cleaned_NER_files/mep_party_cleaned2(1).xlsx,Sheet1,1006
Mika Niikko,Finns Party,Finland,,Cleaned_NER_files/mep_party_cleaned2(1).xlsx,Sheet1,1007
Eva Biaudet,Swedish People's Party,Finland,,Cleaned_NER_files/mep_party_cleaned2(1).xlsx,Sheet1,1008
Marjo Matikainen-Kallström,National Coalition Party,Finland,,Cleaned_NER_files/mep_party_cleaned2(1).xlsx,Sheet1,1009
Lasse Lehtinen,Social Democratic Party,Finland,,Cleaned_NER_files/mep_party_cleaned2(1).xlsx,Sheet1,1010
Timo Kaunisto,Centre Party,Finland,,Cleaned_NER_files/mep_party_cleaned2(1).xlsx,Sheet1,1011
Ville Merisalo,None,Finland,Not a public figure,Cleaned_NER_files/mep_party_cleaned2(1).xlsx,Sheet1,1012
Janne Hirvasvuo,None,Finland,Not a public figure,Cleaned_NER_files/mep_party_cleaned2(1).xlsx,Sheet1,1013
Hannariina Rantala,Green League,Finland,,Cleaned_NER_files/mep_party_cleaned2(1).xlsx,Sheet1,1014
Kimmo Kiljunen,Social Democratic Party,Finland,,Cleaned_NER_files/mep_party_cleaned2(1).xlsx,Sheet1,1015
Christina Gestrin,Swedish People's Party,Finland,,Cleaned_NER_files/mep_party_cleaned2(1).xlsx,Sheet1,1016
Stefan Wallin,Swedish People's Party,Finland,,Cleaned_NER_files/mep_party_cleaned2(1).xlsx,Sheet1,1017
Mikko Lundén,Finns Party,Finland,,Cleaned_NER_files/mep_party_cleaned2(1).xlsx,Sheet1,1018
Sari Multala,National Coalition Party,Finland,,Cleaned_NER_files/mep_party_cleaned2(1).xlsx,Sheet1,1019
Heikki Autto,National Coalition Party,Finland,,Cleaned_NER_files/mep_party_cleaned2(1).xlsx,Sheet1,1020
Roosa Meriläinen,Green League,Finland,,Cleaned_NER_files/mep_party_cleaned2(1).xlsx,Sheet1,1021
Veera Mertsola,Green League,Finland,,Cleaned_NER_files/mep_party_cleaned2(1).xlsx,Sheet1,1022
Tiina Elo,Green League,Finland,,Cleaned_NER_files/mep_party_cleaned2(1).xlsx,Sheet1,1023
Judith Butler,None,United States,Philosopher,Cleaned_NER_files/mep_party_cleaned2(1).xlsx,Sheet1,1024
Jan Vapaavuori,National Coalition Party,Finland,,Cleaned_NER_files/mep_party_cleaned2(1).xlsx,Sheet1,1025
Silvia Modig,Left Alliance,Finland,,Cleaned_NER_files/mep_party_cleaned2(1).xlsx,Sheet1,1026
Julia Ståhle,Green League,Finland,,Cleaned_NER_files/mep_party_cleaned2(1).xlsx,Sheet1,1027
Sari Essayah,Christian Democrats,Finland,,Cleaned_NER_files/mep_party_cleaned2(1).xlsx,Sheet1,1028
Urho Kekkonen,Centre Party,Finland,,Cleaned_NER_files/mep_party_cleaned2(1).xlsx,Sheet1,1029
Linus Torvalds,None,Finland,Software Engineer,Cleaned_NER_files/mep_party_cleaned2(1).xlsx,Sheet1,1030
Ville Rydman,National Coalition Party,Finland,,Cleaned_NER_files/mep_party_cleaned2(1).xlsx,Sheet1,1031
Sari Helin,None,Finland,Journalist,Cleaned_NER_files/mep_party_cleaned2(1).xlsx,Sheet1,1032
Gergely Karácsony,Dialogue for Hungary,Hungary,,Cleaned_NER_files/mep_party_cleaned2(1).xlsx,Sheet1,1033
Péter Róna,None,Hungary,Economist,Cleaned_NER_files/mep_party_cleaned2(1).xlsx,Sheet1,1034
Anna Donáth,Momentum Movement,Hungary,,Cleaned_NER_files/mep_party_cleaned2(1).xlsx,Sheet1,1035
László Toroczkai,Our Homeland Movement,Hungary,,Cleaned_NER_files/mep_party_cleaned2(1).xlsx,Sheet1,1036
Gergely Gulyás,Fidesz,Hungary,,Cleaned_NER_files/mep_party_cleaned2(1).xlsx,Sheet1,1037
Dóra Dúró,Our Homeland Movement,Hungary,,Cleaned_NER_files/mep_party_cleaned2(1).xlsx,Sheet1,1038
George Soros,None,United States,Philanthropist,Cleaned_NER_files/mep_party_cleaned2(1).xlsx,Sheet1,1039
András Fekete-Győr,Momentum Movement,Hungary,,Cleaned_NER_files/mep_party_cleaned2(1).xlsx,Sheet1,1040
Péter Márki-Zay,Everyone's Hungary Movement,Hungary,,Cleaned_NER_files/mep_party_cleaned2(1).xlsx,Sheet1,1041
Antal Rogán,Fidesz,Hungary,,Cleaned_NER_files/mep_party_cleaned2(1).xlsx,Sheet1,1042
Richárd Barabás,Dialogue for Hungary,Hungary,,Cleaned_NER_files/mep_party_cleaned2(1).xlsx,Sheet1,1043
Ákos Hadházy,Independent,Hungary,,Cleaned_NER_files/mep_party_cleaned2(1).xlsx,Sheet1,1044
Tamás Menczer,Fidesz,Hungary,,Cleaned_NER_files/mep_party_cleaned2(1).xlsx,Sheet1,1045
Kovács Gergely,Fidesz,Hungary,,Cleaned_NER_files/mep_party_cleaned2(1).xlsx,Sheet1,1046
Jakab Péter,Jobbik,Hungary,,Cleaned_NER_files/mep_party_cleaned2(1).xlsx,Sheet1,1047
Donáth Anna,Momentum Movement,Hungary,,Cleaned_NER_files/mep_party_cleaned2(1).xlsx,Sheet1,1048
Gyurcsány Ferenc,Democratic Coalition,Hungary,DK,Cleaned_NER_files/mep_party_cleaned2(1).xlsx,Sheet1,1049
Szentkirályi Alexandra,Fidesz,Hungary,,Cleaned_NER_files/mep_party_cleaned2(1).xlsx,Sheet1,1050
Cseh Katalin,Momentum Movement,Hungary,,Cleaned_NER_files/mep_party_cleaned2(1).xlsx,Sheet1,1051
Dúró Dóra,Mi Hazánk,Hungary,,Cleaned_NER_files/mep_party_cleaned2(1).xlsx,Sheet1,1052
Terri Reintke,Alliance 90/The Greens,Germany,,Cleaned_NER_files/mep_party_cleaned2(1).xlsx,Sheet1,1053
Semjén Zsolt,Christian Democratic People's Party,Hungary,KDNP,Cleaned_NER_files/mep_party_cleaned2(1).xlsx,Sheet1,1054
Márki-Zay Péter,Everyone’s Hungary Movement,Hungary,MHM,Cleaned_NER_files/mep_party_cleaned2(1).xlsx,Sheet1,1055
Dobrev Klára,Democratic Coalition,Hungary,DK,Cleaned_NER_files/mep_party_cleaned2(1).xlsx,Sheet1,1056
Vona Gábor,Jobbik,Hungary,,Cleaned_NER_files/mep_party_cleaned2(1).xlsx,Sheet1,1057
Fekete Győr András,Momentum Movement,Hungary,,Cleaned_NER_files/mep_party_cleaned2(1).xlsx,Sheet1,1058
Lázár János,Fidesz,Hungary,,Cleaned_NER_files/mep_party_cleaned2(1).xlsx,Sheet1,1059
Nagy Márton,Fidesz,Hungary,,Cleaned_NER_files/mep_party_cleaned2(1).xlsx,Sheet1,1060
Baranyi Krisztina,Independent,Hungary,,Cleaned_NER_files/mep_party_cleaned2(1).xlsx,Sheet1,1061
Charles III,None,United Kingdom,Monarch,Cleaned_NER_files/mep_party_cleaned2(1).xlsx,Sheet1,1062
Theresa May,Conservative Party,United Kingdom,,Cleaned_NER_files/mep_party_cleaned2(1).xlsx,Sheet1,1063
Konrad Adenauer,Christian Democratic Union,Germany,,Cleaned_NER_files/mep_party_cleaned2(1).xlsx,Sheet1,1064
Mi Hazánk,Mi Hazánk,Hungary,,Cleaned_NER_files/mep_party_cleaned2(1).xlsx,Sheet1,1065
Deutsch Tamás,Fidesz,Hungary,,Cleaned_NER_files/mep_party_cleaned2(1).xlsx,Sheet1,1066
Schmuck Andor,Social Democratic Party,Hungary,,Cleaned_NER_files/mep_party_cleaned2(1).xlsx,Sheet1,1067
RMDSZ,Democratic Alliance of Hungarians in Romania,Romania,,Cleaned_NER_files/mep_party_cleaned2(1).xlsx,Sheet1,1068
Green,European Green Party,Europe,,Cleaned_NER_files/mep_party_cleaned2(1).xlsx,Sheet1,1069
Bayer Zsolt,Fidesz,Hungary,,Cleaned_NER_files/mep_party_cleaned2(1).xlsx,Sheet1,1070
Kim Jong Un,Workers' Party of Korea,North Korea,,Cleaned_NER_files/mep_party_cleaned2(1).xlsx,Sheet1,1071
Attila Mesterházy,Hungarian Socialist Party,Hungary,MSZP,Cleaned_NER_files/mep_party_cleaned2(1).xlsx,Sheet1,1072
Pope Francis,None,Vatican City,Religious Leader,Cleaned_NER_files/mep_party_cleaned2(1).xlsx,Sheet1,1073
Zuzana Čaputová,Progressive Slovakia,Slovakia,,Cleaned_NER_files/mep_party_cleaned2(1).xlsx,Sheet1,1074
Balázs Orbán,Fidesz,Hungary,,Cleaned_NER_files/mep_party_cleaned2(1).xlsx,Sheet1,1075
Tibor Szanyi,Hungarian Socialist Party,Hungary,MSZP,Cleaned_NER_files/mep_party_cleaned2(1).xlsx,Sheet1,1076
Catherine Ashton,Labour Party,United Kingdom,,Cleaned_NER_files/mep_party_cleaned2(1).xlsx,Sheet1,1077
Ione Belarra,Podemos,Spain,,Cleaned_NER_files/mep_party_cleaned2(1).xlsx,Sheet1,1078
Isa Serra,Podemos,Spain,,Cleaned_NER_files/mep_party_cleaned2(1).xlsx,Sheet1,1079
José Manuel Albares,Spanish Socialist Workers' Party,Spain,PSOE,Cleaned_NER_files/mep_party_cleaned2(1).xlsx,Sheet1,1080
José Luis Rodríguez Zapatero,Spanish Socialist Workers' Party,Spain,PSOE,Cleaned_NER_files/mep_party_cleaned2(1).xlsx,Sheet1,1081
Gabriel Rufián,Republican Left of Catalonia,Spain,ERC,Cleaned_NER_files/mep_party_cleaned2(1).xlsx,Sheet1,1082
Markus Allard,Örebro Party,Sweden,,Cleaned_NER_files/mep_party_cleaned2(1).xlsx,Sheet1,1083
Alberto Núñez Feijóo,People's Party,Spain,PP,Cleaned_NER_files/mep_party_cleaned2(1).xlsx,Sheet1,1084
Oriol Junqueras,Republican Left of Catalonia,Spain,ERC,Cleaned_NER_files/mep_party_cleaned2(1).xlsx,Sheet1,1085
María Jesús Montero,Spanish Socialist Workers' Party,Spain,PSOE,Cleaned_NER_files/mep_party_cleaned2(1).xlsx,Sheet1,1086
Félix Bolaños,Spanish Socialist Workers' Party,Spain,PSOE,Cleaned_NER_files/mep_party_cleaned2(1).xlsx,Sheet1,1087
Yolanda Díaz,Sumar,Spain,,Cleaned_NER_files/mep_party_cleaned2(1).xlsx,Sheet1,1088
Íñigo Errejón,Más País,Spain,,Cleaned_NER_files/mep_party_cleaned2(1).xlsx,Sheet1,1089
Teresa Ribera,Spanish Socialist Workers' Party,Spain,PSOE,Cleaned_NER_files/mep_party_cleaned2(1).xlsx,Sheet1,1090
Javier Ortega Smith,Vox,Spain,,Cleaned_NER_files/mep_party_cleaned2(1).xlsx,Sheet1,1091
Felipe González,Spanish Socialist Workers' Party,Spain,PSOE,Cleaned_NER_files/mep_party_cleaned2(1).xlsx,Sheet1,1092
Isabel Díaz Ayuso,People's Party,Spain,PP,Cleaned_NER_files/mep_party_cleaned2(1).xlsx,Sheet1,1093
Pilar Alegría,Spanish Socialist Workers' Party,Spain,PSOE,Cleaned_NER_files/mep_party_cleaned2(1).xlsx,Sheet1,1094
Manuel Adorni,Libertarian Party,Argentina,,Cleaned_NER_files/mep_party_cleaned2(1).xlsx,Sheet1,1095
Óscar Puente,Spanish Socialist Workers' Party,Spain,PSOE,Cleaned_NER_files/mep_party_cleaned2(1).xlsx,Sheet1,1096
Oskar Matute,EH Bildu,Spain,,Cleaned_NER_files/mep_party_cleaned2(1).xlsx,Sheet1,1097
Pablo Iglesias,Podemos,Spain,,Cleaned_NER_files/mep_party_cleaned2(1).xlsx,Sheet1,1098
Patxi López,Spanish Socialist Workers' Party,Spain,PSOE,Cleaned_NER_files/mep_party_cleaned2(1).xlsx,Sheet1,1099
Gerardo Pisarello,En Comú Podem,Spain,,Cleaned_NER_files/mep_party_cleaned2(1).xlsx,Sheet1,1100
Nayib Bukele,Nuevas Ideas,El Salvador,,Cleaned_NER_files/mep_party_cleaned2(1).xlsx,Sheet1,1101
Josep Borrell,Spanish Socialist Workers' Party,Spain,PSOE,Cleaned_NER_files/mep_party_cleaned2(1).xlsx,Sheet1,1102
Ernest Urtasun,En Comú Podem,Spain,,Cleaned_NER_files/mep_party_cleaned2(1).xlsx,Sheet1,1103
Manu Pineda,United Left,Spain,IU,Cleaned_NER_files/mep_party_cleaned2(1).xlsx,Sheet1,1104
Andrés Manuel López Obrador,National Regeneration Movement,Mexico,MORENA,Cleaned_NER_files/mep_party_cleaned2(1).xlsx,Sheet1,1105
Pepa Millán,Vox,Spain,,Cleaned_NER_files/mep_party_cleaned2(1).xlsx,Sheet1,1106
Ignacio Garriga,Vox,Spain,,Cleaned_NER_files/mep_party_cleaned2(1).xlsx,Sheet1,1107
Cristina Fernández de Kirchner,Justicialist Party,Argentina,,Cleaned_NER_files/mep_party_cleaned2(1).xlsx,Sheet1,1108
Pablo Bustinduy,Podemos,Spain,,Cleaned_NER_files/mep_party_cleaned2(1).xlsx,Sheet1,1109
Vito Quiles,None,Spain,Journalist,Cleaned_NER_files/mep_party_cleaned2(1).xlsx,Sheet1,1110
Ana Rosa Quintana,None,Spain,Journalist,Cleaned_NER_files/mep_party_cleaned2(1).xlsx,Sheet1,1111
Cristian Terheș,Christian Democratic National Peasants' Party,Romania,PNT-CD,Cleaned_NER_files/mep_party_cleaned2(1).xlsx,Sheet1,1112
Albert Rivera,Citizens,Spain,Ciudadanos,Cleaned_NER_files/mep_party_cleaned2(1).xlsx,Sheet1,1113
Ana Pastor,People's Party,Spain,PP,Cleaned_NER_files/mep_party_cleaned2(1).xlsx,Sheet1,1114
Francina Armengol,Spanish Socialist Workers' Party,Spain,PSOE,Cleaned_NER_files/mep_party_cleaned2(1).xlsx,Sheet1,1115
Diana Morant,Spanish Socialist Workers' Party,Spain,PSOE,Cleaned_NER_files/mep_party_cleaned2(1).xlsx,Sheet1,1116
Francisco Camps,People's Party,Spain,PP,Cleaned_NER_files/mep_party_cleaned2(1).xlsx,Sheet1,1117
Pablo Fernández,Podemos,Spain,,Cleaned_NER_files/mep_party_cleaned2(1).xlsx,Sheet1,1118
Fernando Martínez,Spanish Socialist Workers' Party,Spain,PSOE,Cleaned_NER_files/mep_party_cleaned2(1).xlsx,Sheet1,1119
Juan López de Uralde,Unidas Podemos,Spain,,Cleaned_NER_files/mep_party_cleaned2(1).xlsx,Sheet1,1120
Guillermo Fernández Vara,Spanish Socialist Workers' Party,Spain,PSOE,Cleaned_NER_files/mep_party_cleaned2(1).xlsx,Sheet1,1121
Ander Gil,Spanish Socialist Workers' Party,Spain,PSOE,Cleaned_NER_files/mep_party_cleaned2(1).xlsx,Sheet1,1122
Juan Manuel Moreno Bonilla,People's Party,Spain,PP,Cleaned_NER_files/mep_party_cleaned2(1).xlsx,Sheet1,1123
Arnaldo Otegi,EH Bildu,Spain,,Cleaned_NER_files/mep_party_cleaned2(1).xlsx,Sheet1,1124
Carles Puigdemont,Junts per Catalunya,Spain,,Cleaned_NER_files/mep_party_cleaned2(1).xlsx,Sheet1,1125
Mónica García,Más Madrid,Spain,,Cleaned_NER_files/mep_party_cleaned2(1).xlsx,Sheet1,1126
Pablo Echenique,Podemos,Spain,,Cleaned_NER_files/mep_party_cleaned2(1).xlsx,Sheet1,1127
Alfonso Serrano,People's Party,Spain,PP,Cleaned_NER_files/mep_party_cleaned2(1).xlsx,Sheet1,1128
Miguel Tellado,People's Party,Spain,PP,Cleaned_NER_files/mep_party_cleaned2(1).xlsx,Sheet1,1129
Salvador Illa,Spanish Socialist Workers' Party,Spain,PSOE,Cleaned_NER_files/mep_party_cleaned2(1).xlsx,Sheet1,1130
José Luis Martínez-Almeida,People's Party,Spain,PP,Cleaned_NER_files/mep_party_cleaned2(1).xlsx,Sheet1,1131
Rocío Monasterio,Vox,Spain,,Cleaned_NER_files/mep_party_cleaned2(1).xlsx,Sheet1,1132
Olga Viza,None,Spain,Journalist,Cleaned_NER_files/mep_party_cleaned2(1).xlsx,Sheet1,1133
Anabel Bernal Triviño,None,Spain,Journalist,Cleaned_NER_files/mep_party_cleaned2(1).xlsx,Sheet1,1134
Jordi Cañas,Citizens,Spain,Ciudadanos,Cleaned_NER_files/mep_party_cleaned2(1).xlsx,Sheet1,1135
Esther Gil de Reboleño,People's Party,Spain,PP,Cleaned_NER_files/mep_party_cleaned2(1).xlsx,Sheet1,1136
Amparo Folgado Tonda,People's Party,Spain,PP,Cleaned_NER_files/mep_party_cleaned2(1).xlsx,Sheet1,1137
Juanfran Pérez,None,Spain,Activist,Cleaned_NER_files/mep_party_cleaned2(1).xlsx,Sheet1,1138
José Antonio Rovira,None,Spain,Activist,Cleaned_NER_files/mep_party_cleaned2(1).xlsx,Sheet1,1139
Begoña Gómez,None,Spain,First Lady,Cleaned_NER_files/mep_party_cleaned2(1).xlsx,Sheet1,1140
José Ignacio García,Adelante Andalucía,Spain,,Cleaned_NER_files/mep_party_cleaned2(1).xlsx,Sheet1,1141
Alicia García,People's Party,Spain,PP,Cleaned_NER_files/mep_party_cleaned2(1).xlsx,Sheet1,1142
Ángel Gaitán,None,Spain,Activist,Cleaned_NER_files/mep_party_cleaned2(1).xlsx,Sheet1,1143
Daniel Esteve,None,Spain,Activist,Cleaned_NER_files/mep_party_cleaned2(1).xlsx,Sheet1,1144
Blanca Armario,None,Spain,Activist,Cleaned_NER_files/mep_party_cleaned2(1).xlsx,Sheet1,1145
Alfonso Rojo,None,Spain,Journalist,Cleaned_NER_files/mep_party_cleaned2(1).xlsx,Sheet1,1146
Joaquín Bosch,None,Spain,Judge,Cleaned_NER_files/mep_party_cleaned2(1).xlsx,Sheet1,1147
Alicia García Rodríguez,People's Party,Spain,PP,Cleaned_NER_files/mep_party_cleaned2(1).xlsx,Sheet1,1148
Diego Cañamero,United Left,Spain,IU,Cleaned_NER_files/mep_party_cleaned2(1).xlsx,Sheet1,1149
Mónica Oltra,Commitment Coalition,Spain,Compromís,Cleaned_NER_files/mep_party_cleaned2(1).xlsx,Sheet1,1150
Joan Baldoví,Commitment Coalition,Spain,Compromís,Cleaned_NER_files/mep_party_cleaned2(1).xlsx,Sheet1,1151
Pablo Gómez Perpinyà,Más Madrid,Spain,,Cleaned_NER_files/mep_party_cleaned2(1).xlsx,Sheet1,1152
Cristina Fallarás,None,Spain,Journalist,Cleaned_NER_files/mep_party_cleaned2(1).xlsx,Sheet1,1153
Rassemblement National,National Rally,France,,Cleaned_NER_files/mep_party_cleaned2(1).xlsx,Sheet1,1154
Podemos Andalucía,Podemos,Spain,,Cleaned_NER_files/mep_party_cleaned2(1).xlsx,Sheet1,1155
Fátima Hamed Hossain,Movement for Dignity and Citizenship,Spain,MDyC,Cleaned_NER_files/mep_party_cleaned2(1).xlsx,Sheet1,1156
Margarita Robles,Spanish Socialist Workers' Party,Spain,PSOE,Cleaned_NER_files/mep_party_cleaned2(1).xlsx,Sheet1,1157
José Manuel García Jurado,None,Spain,Activist,Cleaned_NER_files/mep_party_cleaned2(1).xlsx,Sheet1,1158
Alejandro Gutiérrez,None,Spain,Activist,Cleaned_NER_files/mep_party_cleaned2(1).xlsx,Sheet1,1159
Podemos Cieza,Podemos,Spain,,Cleaned_NER_files/mep_party_cleaned2(1).xlsx,Sheet1,1160
Se Acabó La Fiesta,Se Acabó La Fiesta,Spain,,Cleaned_NER_files/mep_party_cleaned2(1).xlsx,Sheet1,1161
Enrique Santiago,United Left,Spain,IU,Cleaned_NER_files/mep_party_cleaned2(1).xlsx,Sheet1,1162
Txema Oleaga,Spanish Socialist Workers' Party,Spain,PSOE,Cleaned_NER_files/mep_party_cleaned2(1).xlsx,Sheet1,1163
Carla Toscano,Vox,Spain,,Cleaned_NER_files/mep_party_cleaned2(1).xlsx,Sheet1,1164
Greens–European Free Alliance,Greens–European Free Alliance,European Union,,Cleaned_NER_files/mep_party_cleaned2(1).xlsx,Sheet1,1165
The Left,The Left,European Union,,Cleaned_NER_files/mep_party_cleaned2(1).xlsx,Sheet1,1166
Sumar,Sumar,Spain,,Cleaned_NER_files/mep_party_cleaned2(1).xlsx,Sheet1,1167
Podemos Girona,Podemos,Spain,,Cleaned_NER_files/mep_party_cleaned2(1).xlsx,Sheet1,1168
Más Madrid Alcobendas,Más Madrid,Spain,,Cleaned_NER_files/mep_party_cleaned2(1).xlsx,Sheet1,1169
El Gran Wyoming,None,Spain,Comedian,Cleaned_NER_files/mep_party_cleaned2(1).xlsx,Sheet1,1170
Cayetana Álvarez de Toledo,People's Party,Spain,PP,Cleaned_NER_files/mep_party_cleaned2(1).xlsx,Sheet1,1171
Nicolás Maduro,United Socialist Party of Venezuela,Venezuela,,Cleaned_NER_files/mep_party_cleaned2(1).xlsx,Sheet1,1172
María Corina Machado,Vente Venezuela,Venezuela,,Cleaned_NER_files/mep_party_cleaned2(1).xlsx,Sheet1,1173
Luc André Diouf,Spanish Socialist Workers' Party,Spain,PSOE,Cleaned_NER_files/mep_party_cleaned2(1).xlsx,Sheet1,1174
Àngels Barceló,None,Spain,Journalist,Cleaned_NER_files/mep_party_cleaned2(1).xlsx,Sheet1,1175
Ander Nieva,None,Spain,Activist,Cleaned_NER_files/mep_party_cleaned2(1).xlsx,Sheet1,1176
Más Madrid,Más Madrid,Spain,,Cleaned_NER_files/mep_party_cleaned2(1).xlsx,Sheet1,1177
Carlos Mazón,People's Party,Spain,PP,Cleaned_NER_files/mep_party_cleaned2(1).xlsx,Sheet1,1178
Rita Maestre,Más Madrid,Spain,,Cleaned_NER_files/mep_party_cleaned2(1).xlsx,Sheet1,1179
Noelia Núñez,People's Party,Spain,PP,Cleaned_NER_files/mep_party_cleaned2(1).xlsx,Sheet1,1180
Podemos,Podemos,Spain,,Cleaned_NER_files/mep_party_cleaned2(1).xlsx,Sheet1,1181
Jaume Duch,European Parliament,Spain,Spokesperson,Cleaned_NER_files/mep_party_cleaned2(1).xlsx,Sheet1,1182
Cuca Gamarra,People's Party,Spain,PP,Cleaned_NER_files/mep_party_cleaned2(1).xlsx,Sheet1,1183
Mariano Rajoy,People's Party,Spain,PP,Cleaned_NER_files/mep_party_cleaned2(1).xlsx,Sheet1,1184
Carlos Tarife,People's Party,Spain,PP,Cleaned_NER_files/mep_party_cleaned2(1).xlsx,Sheet1,1185
Juan Espadas,Spanish Socialist Workers' Party,Spain,PSOE,Cleaned_NER_files/mep_party_cleaned2(1).xlsx,Sheet1,1186
Sira Rego,United Left,Spain,IU,Cleaned_NER_files/mep_party_cleaned2(1).xlsx,Sheet1,1187
José Luis Ábalos,Spanish Socialist Workers' Party,Spain,PSOE,Cleaned_NER_files/mep_party_cleaned2(1).xlsx,Sheet1,1188
Juventudes Socialistas,Spanish Socialist Workers' Party,Spain,PSOE,Cleaned_NER_files/mep_party_cleaned2(1).xlsx,Sheet1,1189
Gonzalo de Oro-Pulido,Vox,Spain,,Cleaned_NER_files/mep_party_cleaned2(1).xlsx,Sheet1,1190
Elizabeth Duval,None,Spain,Writer and Activist,Cleaned_NER_files/mep_party_cleaned2(1).xlsx,Sheet1,1191
María Fernández Figaredo,Vox,Spain,,Cleaned_NER_files/mep_party_cleaned2(1).xlsx,Sheet1,1192
José Manuel García-Margallo,People's Party,Spain,PP,Cleaned_NER_files/mep_party_cleaned2(1).xlsx,Sheet1,1193
Víctor Camino,Más País,Spain,,Cleaned_NER_files/mep_party_cleaned2(1).xlsx,Sheet1,1194
Natalia Chueca,People's Party,Spain,PP,Cleaned_NER_files/mep_party_cleaned2(1).xlsx,Sheet1,1195
Mercedes González,Spanish Socialist Workers' Party,Spain,PSOE,Cleaned_NER_files/mep_party_cleaned2(1).xlsx,Sheet1,1196
Juan Lobato,Spanish Socialist Workers' Party,Spain,PSOE,Cleaned_NER_files/mep_party_cleaned2(1).xlsx,Sheet1,1197
Ester Muñoz,People's Party,Spain,PP,Cleaned_NER_files/mep_party_cleaned2(1).xlsx,Sheet1,1198
Javier Negre,None,Spain,Journalist,Cleaned_NER_files/mep_party_cleaned2(1).xlsx,Sheet1,1199
Emiliano García-Page,Spanish Socialist Workers' Party,Spain,PSOE,Cleaned_NER_files/mep_party_cleaned2(1).xlsx,Sheet1,1200
Borja Sémper,People's Party,Spain,PP,Cleaned_NER_files/mep_party_cleaned2(1).xlsx,Sheet1,1201
Pablo Pradilla,None,Spain,Activist,Cleaned_NER_files/mep_party_cleaned2(1).xlsx,Sheet1,1202
Jorge Azcón,People's Party,Spain,PP,Cleaned_NER_files/mep_party_cleaned2(1).xlsx,Sheet1,1203
Sanz Vitorio,People's Party,Spain,PP,Cleaned_NER_files/mep_party_cleaned2(1).xlsx,Sheet1,1204
Miguel Frontera,None,Spain,Activist,Cleaned_NER_files/mep_party_cleaned2(1).xlsx,Sheet1,1205
Nicasio Galván,None,Spain,Activist,Cleaned_NER_files/mep_party_cleaned2(1).xlsx,Sheet1,1206
Pedro Narro,None,Spain,Activist,Cleaned_NER_files/mep_party_cleaned2(1).xlsx,Sheet1,1207
Miquel Ramos,None,Spain,Journalist,Cleaned_NER_files/mep_party_cleaned2(1).xlsx,Sheet1,1208
Tomás Guitarte,Teruel Existe,Spain,,Cleaned_NER_files/mep_party_cleaned2(1).xlsx,Sheet1,1209
Partido Animalista Contra el Maltrato Animal (PACMA),PACMA,Spain,,Cleaned_NER_files/mep_party_cleaned2(1).xlsx,Sheet1,1210
Eduardo Delgado,None,Argentina,Pianist,Cleaned_NER_files/mep_party_cleaned2(1).xlsx,Sheet1,1211
Gustavo Petro,Colombia Humana,Colombia,,Cleaned_NER_files/mep_party_cleaned2(1).xlsx,Sheet1,1212
Giovanni Mori,Fridays for Future,Italy,,Cleaned_NER_files/mep_party_cleaned2(1).xlsx,Sheet1,1213
Rubén Pulido,Vox,Spain,,Cleaned_NER_files/mep_party_cleaned2(1).xlsx,Sheet1,1214
Javier Cárdenas,None,Spain,Journalist,Cleaned_NER_files/mep_party_cleaned2(1).xlsx,Sheet1,1215
Ángel Expósito,None,Spain,Journalist,Cleaned_NER_files/mep_party_cleaned2(1).xlsx,Sheet1,1216
Federico Jiménez Losantos,None,Spain,Journalist,Cleaned_NER_files/mep_party_cleaned2(1).xlsx,Sheet1,1217
Iván Espinosa de los Monteros,Vox,Spain,,Cleaned_NER_files/mep_party_cleaned2(1).xlsx,Sheet1,1218
Laura Antonelli,None,Italy,Actress,Cleaned_NER_files/mep_party_cleaned2(1).xlsx,Sheet1,1219
Esperanza Aguirre,People's Party,Spain,PP,Cleaned_NER_files/mep_party_cleaned2(1).xlsx,Sheet1,1220
Sílvia Orriols,Aliança Catalana,Spain,,Cleaned_NER_files/mep_party_cleaned2(1).xlsx,Sheet1,1221
María José Catalá,People's Party,Spain,PP,Cleaned_NER_files/mep_party_cleaned2(1).xlsx,Sheet1,1222
Ana Pontón,Bloque Nacionalista Galego,Spain,BNG,Cleaned_NER_files/mep_party_cleaned2(1).xlsx,Sheet1,1223
Carla Antonelli,Spanish Socialist Workers' Party,Spain,PSOE,Cleaned_NER_files/mep_party_cleaned2(1).xlsx,Sheet1,1224
Alfonso Rueda,People's Party,Spain,PP,Cleaned_NER_files/mep_party_cleaned2(1).xlsx,Sheet1,1225
Rocío De Meer,Vox,Spain,,Cleaned_NER_files/mep_party_cleaned2(1).xlsx,Sheet1,1226
Pedro Navarro,People's Party,Spain,PP,Cleaned_NER_files/mep_party_cleaned2(1).xlsx,Sheet1,1227
Juan José Sanz Vitorio,People's Party,Spain,PP,Cleaned_NER_files/mep_party_cleaned2(1).xlsx,Sheet1,1228
Junts per Catalunya (Junts),Junts per Catalunya,Spain,,Cleaned_NER_files/mep_party_cleaned2(1).xlsx,Sheet1,1229
Kim Jong-un,Workers' Party of Korea,North Korea,,Cleaned_NER_files/mep_party_cleaned2(1).xlsx,Sheet1,1230
Martin Melin,Liberalerna,Sweden,L,Cleaned_NER_files/mep_party_cleaned2(1).xlsx,Sheet1,1231
Lina Nordquist,Liberalerna,Sweden,L,Cleaned_NER_files/mep_party_cleaned2(1).xlsx,Sheet1,1232
Marcin Przydacz,Law and Justice,Prawo i Sprawiedliwość (PiS),,Cleaned_NER_files/mep_party_cleaned2(1).xlsx,Sheet1,1233
Marcelina Zawisza,Left Together,Lewica Razem,,Cleaned_NER_files/mep_party_cleaned2(1).xlsx,Sheet1,1234
Małgorzata Gromadzka,Civic Coalition,Koalicja Obywatelska (KO),,Cleaned_NER_files/mep_party_cleaned2(1).xlsx,Sheet1,1235
Zofia Malisz,Left Together,Lewica Razem,,Cleaned_NER_files/mep_party_cleaned2(1).xlsx,Sheet1,1236
Paulina Matysiak,Left Together,Lewica Razem,,Cleaned_NER_files/mep_party_cleaned2(1).xlsx,Sheet1,1237
Magdalena Biejat,The Left,Lewica,,Cleaned_NER_files/mep_party_cleaned2(1).xlsx,Sheet1,1238
Maciej Konieczny,Left Together,Lewica Razem,,Cleaned_NER_files/mep_party_cleaned2(1).xlsx,Sheet1,1239
Robert Fico,Direction – Social Democracy,Smer – sociálna demokracia (Slovakia),,Cleaned_NER_files/mep_party_cleaned2(1).xlsx,Sheet1,1240
Anna Zabska,Civic Platform,Platforma Obywatelska (PO),,Cleaned_NER_files/mep_party_cleaned2(1).xlsx,Sheet1,1241
Paweł Kukiz,Kukiz'15,Kukiz'15,,Cleaned_NER_files/mep_party_cleaned2(1).xlsx,Sheet1,1242
Leszek Balcerowicz,Civic Platform,Platforma Obywatelska (PO),,Cleaned_NER_files/mep_party_cleaned2(1).xlsx,Sheet1,1243
Civic Platform,Civic Platform,Platforma Obywatelska (PO),,Cleaned_NER_files/mep_party_cleaned2(1).xlsx,Sheet1,1244
Urszula Zielińska,The Greens,Partia Zieloni,,Cleaned_NER_files/mep_party_cleaned2(1).xlsx,Sheet1,1245
Marta Lempart,All-Poland Women's Strike,Ogólnopolski Strajk Kobiet,,Cleaned_NER_files/mep_party_cleaned2(1).xlsx,Sheet1,1246
Bożena Przyłuska,The Left,Lewica,,Cleaned_NER_files/mep_party_cleaned2(1).xlsx,Sheet1,1247
Piotr Kraśko,Civic Platform,Platforma Obywatelska (PO),,Cleaned_NER_files/mep_party_cleaned2(1).xlsx,Sheet1,1248
Jakub Wilk,The Left,Lewica,,Cleaned_NER_files/mep_party_cleaned2(1).xlsx,Sheet1,1249
Dorota Kolarska,Civic Platform,Platforma Obywatelska (PO),,Cleaned_NER_files/mep_party_cleaned2(1).xlsx,Sheet1,1250
Lena Kolarska-Bobińska,Civic Platform,Platforma Obywatelska (PO),,Cleaned_NER_files/mep_party_cleaned2(1).xlsx,Sheet1,1251
Aleksander Kwaśniewski,Democratic Left Alliance,Sojusz Lewicy Demokratycznej (SLD),,Cleaned_NER_files/mep_party_cleaned2(1).xlsx,Sheet1,1252
Małgorzata Łoboda,Civic Coalition,Koalicja Obywatelska (KO),,Cleaned_NER_files/mep_party_cleaned2(1).xlsx,Sheet1,1253
Krzysztof Pamuła,Civic Platform,Platforma Obywatelska (PO),,Cleaned_NER_files/mep_party_cleaned2(1).xlsx,Sheet1,1254
Dariusz Matecki,Law and Justice,Prawo i Sprawiedliwość (PiS),,Cleaned_NER_files/mep_party_cleaned2(1).xlsx,Sheet1,1255
Krzysztof Czabański,Law and Justice,Prawo i Sprawiedliwość (PiS),,Cleaned_NER_files/mep_party_cleaned2(1).xlsx,Sheet1,1256
Hanna Gronkiewicz-Waltz,Civic Platform,Platforma Obywatelska (PO),,Cleaned_NER_files/mep_party_cleaned2(1).xlsx,Sheet1,1257
Izabela Leszczyna,Civic Platform,Platforma Obywatelska (PO),,Cleaned_NER_files/mep_party_cleaned2(1).xlsx,Sheet1,1258
Linnea Bengtsso,Left Party,Sweden,,Cleaned_NER_files/mep_party_cleaned2(1).xlsx,Sheet1,1259
Karl Persson,Not publicly known,Sweden,,Cleaned_NER_files/mep_party_cleaned2(1).xlsx,Sheet1,1260
Jan Emanuel Johansson,Social Democrats,Sweden,,Cleaned_NER_files/mep_party_cleaned2(1).xlsx,Sheet1,1261
Louise Grabo,Centre Party,Sweden,,Cleaned_NER_files/mep_party_cleaned2(1).xlsx,Sheet1,1262
Denice Westerberg,Sweden Democrats,Sweden,,Cleaned_NER_files/mep_party_cleaned2(1).xlsx,Sheet1,1263
Richard Jomshof,Sweden Democrats,Sweden,,Cleaned_NER_files/mep_party_cleaned2(1).xlsx,Sheet1,1264
Chrille,Not publicly known,Not specified,,Cleaned_NER_files/mep_party_cleaned2(1).xlsx,Sheet1,1265
Per Holmberg,Not publicly known,Not specified,,Cleaned_NER_files/mep_party_cleaned2(1).xlsx,Sheet1,1266
Katrin Wissing,Green Party,Sweden,,Cleaned_NER_files/mep_party_cleaned2(1).xlsx,Sheet1,1267
Stefan Löfven,Social Democrats,Sweden,,Cleaned_NER_files/mep_party_cleaned2(1).xlsx,Sheet1,1268
Anders Ygeman,Social Democrats,Sweden,,Cleaned_NER_files/mep_party_cleaned2(1).xlsx,Sheet1,1269
Jan Björklund,Liberals,Sweden,,Cleaned_NER_files/mep_party_cleaned2(1).xlsx,Sheet1,1270
Norman Finkelstein,Not affiliated,United States,,Cleaned_NER_files/mep_party_cleaned2(1).xlsx,Sheet1,1271
Aida Badeli,Green Party,Sweden,,Cleaned_NER_files/mep_party_cleaned2(1).xlsx,Sheet1,1272
Martina Johansson,Sweden Democrats,Sweden,,Cleaned_NER_files/mep_party_cleaned2(1).xlsx,Sheet1,1273
Emelie Nyman,Green Party,Sweden,,Cleaned_NER_files/mep_party_cleaned2(1).xlsx,Sheet1,1274
Pär Holmberg,Not publicly known,Sweden,,Cleaned_NER_files/mep_party_cleaned2(1).xlsx,Sheet1,1275
Julia Sangervo,Green League,Finland,,Cleaned_NER_files/mep_party_cleaned2(1).xlsx,Sheet1,1276
Brian Mast,Republican Party,United States,,Cleaned_NER_files/mep_party_cleaned2(1).xlsx,Sheet1,1277
Fredrik af Malmborg,Not publicly known,Sweden,,Cleaned_NER_files/mep_party_cleaned2(1).xlsx,Sheet1,1278
Tomas Eneroth,Social Democrats,Sweden,,Cleaned_NER_files/mep_party_cleaned2(1).xlsx,Sheet1,1279
Elisabeth Svantesson,Moderate Party,Sweden,,Cleaned_NER_files/mep_party_cleaned2(1).xlsx,Sheet1,1280
Maria Malmer Stenergard,Moderate Party,Sweden,,Cleaned_NER_files/mep_party_cleaned2(1).xlsx,Sheet1,1281
Helén Wahlgren,Not publicly known,Sweden,,Cleaned_NER_files/mep_party_cleaned2(1).xlsx,Sheet1,1282
Klimatallians,Climate Alliance,Sweden,,Cleaned_NER_files/mep_party_cleaned2(1).xlsx,Sheet1,1283
Jessica Stegrud,Sweden Democrats,Sweden,,Cleaned_NER_files/mep_party_cleaned2(1).xlsx,Sheet1,1284
Carolina Gustafsson,Not publicly known,Sweden,,Cleaned_NER_files/mep_party_cleaned2(1).xlsx,Sheet1,1285
Tobias Baudin,Social Democrats,Sweden,,Cleaned_NER_files/mep_party_cleaned2(1).xlsx,Sheet1,1286
Mattias Vepsä,Social Democrats,Sweden,,Cleaned_NER_files/mep_party_cleaned2(1).xlsx,Sheet1,1287
Kommunistiska Partiet Göteborg,Communist Party,Sweden,,Cleaned_NER_files/mep_party_cleaned2(1).xlsx,Sheet1,1288
Alexandra Pascalidou,Not publicly known,Sweden,,Cleaned_NER_files/mep_party_cleaned2(1).xlsx,Sheet1,1289
Ermin Skoric,Not publicly known,Sweden,,Cleaned_NER_files/mep_party_cleaned2(1).xlsx,Sheet1,1290
Gustav Johansson,Not publicly known,Sweden,,Cleaned_NER_files/mep_party_cleaned2(1).xlsx,Sheet1,1291
Miljöpartiet,Green Party,Sweden,,Cleaned_NER_files/mep_party_cleaned2(1).xlsx,Sheet1,1292
Fredrik Kärrholm,Moderate Party,Sweden,,Cleaned_NER_files/mep_party_cleaned2(1).xlsx,Sheet1,1293
Emanuel Karsten,Not publicly known,Sweden,,Cleaned_NER_files/mep_party_cleaned2(1).xlsx,Sheet1,1294
So,Not publicly known,Not specified,,Cleaned_NER_files/mep_party_cleaned2(1).xlsx,Sheet1,1295
Ci James,Not publicly known,Not specified,,Cleaned_NER_files/mep_party_cleaned2(1).xlsx,Sheet1,1296
Rebecka Le Moine,Green Party,Sweden,,Cleaned_NER_files/mep_party_cleaned2(1).xlsx,Sheet1,1297
The Christian Democrats,Christian Democrats,Sweden,,Cleaned_NER_files/mep_party_cleaned2(1).xlsx,Sheet1,1298
Alf Svensson,Christian Democrats,Sweden,,Cleaned_NER_files/mep_party_cleaned2(1).xlsx,Sheet1,1299
The Moderate Youth League,Moderate Party,Sweden,,Cleaned_NER_files/mep_party_cleaned2(1).xlsx,Sheet1,1300
Carl-Viktor Svensson,Moderate Party,Sweden,,Cleaned_NER_files/mep_party_cleaned2(1).xlsx,Sheet1,1301
Simona Mohamsson,Sweden Democrats,Sweden,,Cleaned_NER_files/mep_party_cleaned2(1).xlsx,Sheet1,1302
Alexander Bard,Liberals,Sweden,,Cleaned_NER_files/mep_party_cleaned2(1).xlsx,Sheet1,1303
Stefan Sarmes,Not publicly known,Sweden,,Cleaned_NER_files/mep_party_cleaned2(1).xlsx,Sheet1,1304
Parisa Liljestrand,Moderate Party,Sweden,,Cleaned_NER_files/mep_party_cleaned2(1).xlsx,Sheet1,1305
Åsa Westlund,Social Democrats,Sweden,,Cleaned_NER_files/mep_party_cleaned2(1).xlsx,Sheet1,1306
The Centre Party,Centre Party,Sweden,,Cleaned_NER_files/mep_party_cleaned2(1).xlsx,Sheet1,1307
Linda Eskilsson,Green Party,Sweden,,Cleaned_NER_files/mep_party_cleaned2(1).xlsx,Sheet1,1308
Mariya Voyvodova,Not publicly known,Sweden,,Cleaned_NER_files/mep_party_cleaned2(1).xlsx,Sheet1,1309
Diana Ghafour Feyli,Not publicly known,Sweden,,Cleaned_NER_files/mep_party_cleaned2(1).xlsx,Sheet1,1310
Peter Persson,Social Democrats,Sweden,,Cleaned_NER_files/mep_party_cleaned2(1).xlsx,Sheet1,1311
Fredrik Brange,Not publicly known,Sweden,,Cleaned_NER_files/mep_party_cleaned2(1).xlsx,Sheet1,1312
Moderate Youth League,Moderate Party,Sweden,,Cleaned_NER_files/mep_party_cleaned2(1).xlsx,Sheet1,1313
Andreas Norlén,Moderate Party,Sweden,,Cleaned_NER_files/mep_party_cleaned2(1).xlsx,Sheet1,1314
Mattias Karlsson,Sweden Democrats,Sweden,,Cleaned_NER_files/mep_party_cleaned2(1).xlsx,Sheet1,1315
Grön Ungdom,Green Party,Sweden,Youth Wing,Cleaned_NER_files/mep_party_cleaned2(1).xlsx,Sheet1,1316
Romina Pourmokhtari,Liberals,Sweden,,Cleaned_NER_files/mep_party_cleaned2(1).xlsx,Sheet1,1317
Richard Nixon,Republican Party,United States,,Cleaned_NER_files/mep_party_cleaned2(1).xlsx,Sheet1,1318
Conservative Party,Conservative Party,United Kingdom,,Cleaned_NER_files/mep_party_cleaned2(1).xlsx,Sheet1,1319
Tobias Tobé,Moderate Party,Sweden,,Cleaned_NER_files/mep_party_cleaned2(1).xlsx,Sheet1,1320
Oliver Rosengren,Moderate Party,Sweden,,Cleaned_NER_files/mep_party_cleaned2(1).xlsx,Sheet1,1321
Louise Meijer,Moderate Party,Sweden,,Cleaned_NER_files/mep_party_cleaned2(1).xlsx,Sheet1,1322
Centerpartiet,Centre Party,Sweden,,Cleaned_NER_files/mep_party_cleaned2(1).xlsx,Sheet1,1323
Liberalerna,Liberals,Sweden,,Cleaned_NER_files/mep_party_cleaned2(1).xlsx,Sheet1,1324
Jakop Dalunde,Green Party,Sweden,,Cleaned_NER_files/mep_party_cleaned2(1).xlsx,Sheet1,1325
Tilda Lagerhall,Not publicly known,Sweden,,Cleaned_NER_files/mep_party_cleaned2(1).xlsx,Sheet1,1326
Carl XVI Gustaf,Not affiliated,Sweden,Monarch,Cleaned_NER_files/mep_party_cleaned2(1).xlsx,Sheet1,1327
Center Party,Centre Party,Sweden,,Cleaned_NER_files/mep_party_cleaned2(1).xlsx,Sheet1,1328
Daniel Helldén,Green Party,Sweden,,Cleaned_NER_files/mep_party_cleaned2(1).xlsx,Sheet1,1329
Michael Gove,Conservative Party,United Kingdom,,Cleaned_NER_files/mep_party_cleaned2(1).xlsx,Sheet1,1330
Mikael Damberg,Social Democrats,Sweden,,Cleaned_NER_files/mep_party_cleaned2(1).xlsx,Sheet1,1331
Julian Assange,Not affiliated,Australia,,Cleaned_NER_files/mep_party_cleaned2(1).xlsx,Sheet1,1332
Social Democrats,Social Democrats,Sweden,,Cleaned_NER_files/mep_party_cleaned2(1).xlsx,Sheet1,1333
Greens/EFA,Greens/EFA,European Union,,Cleaned_NER_files/mep_party_cleaned2(1).xlsx,Sheet1,1334
Emil Eneblad,Not publicly known,Sweden,,Cleaned_NER_files/mep_party_cleaned2(1).xlsx,Sheet1,1335
Ulrika Westerlund,Green Party,Sweden,,Cleaned_NER_files/mep_party_cleaned2(1).xlsx,Sheet1,1336
Vänsterpartiet,Left Party,Sweden,,Cleaned_NER_files/mep_party_cleaned2(1).xlsx,Sheet1,1337
The Green Party,Green Party,Sweden,,Cleaned_NER_files/mep_party_cleaned2(1).xlsx,Sheet1,1338
Margrethe Vestager,Social Liberal Party,Denmark,,Cleaned_NER_files/mep_party_cleaned2(1).xlsx,Sheet1,1339
Lena Hallengren,Social Democrats,Sweden,,Cleaned_NER_files/mep_party_cleaned2(1).xlsx,Sheet1,1340
European Conservatives and Reformists,ECR,European Union,,Cleaned_NER_files/mep_party_cleaned2(1).xlsx,Sheet1,1341
DiEM25,DiEM25,European Union,,Cleaned_NER_files/mep_party_cleaned2(1).xlsx,Sheet1,1342
Pat Mandziy,Not publicly known,Not specified,,Cleaned_NER_files/mep_party_cleaned2(1).xlsx,Sheet1,1343
Johanna Ekman,Finns Party,Finland,,Cleaned_NER_files/mep_party_cleaned2(1).xlsx,Sheet1,1344
Noam Chomsky,Not affiliated,United States,,Cleaned_NER_files/mep_party_cleaned2(1).xlsx,Sheet1,1345
Luisa Neubauer,Alliance 90/The Greens,Germany,,Cleaned_NER_files/mep_party_cleaned2(1).xlsx,Sheet1,1346
Alice Weidel,Alternative for Germany,Germany,,Cleaned_NER_files/mep_party_cleaned2(1).xlsx,Sheet1,1347
Alexander Gauland,Alternative for Germany,Germany,AfD,Cleaned_NER_files/mep_party_cleaned2(1).xlsx,Sheet1,1348
Albrecht Glaser,Alternative for Germany,Germany,AfD,Cleaned_NER_files/mep_party_cleaned2(1).xlsx,Sheet1,1349
Markus Frohnmaier,Alternative for Germany,Germany,AfD,Cleaned_NER_files/mep_party_cleaned2(1).xlsx,Sheet1,1350
Kristina Baum,Alternative for Germany,Germany,AfD,Cleaned_NER_files/mep_party_cleaned2(1).xlsx,Sheet1,1351
Christian Lindner,Free Democratic Party,Germany,FDP,Cleaned_NER_files/mep_party_cleaned2(1).xlsx,Sheet1,1352
Gregor Gysi,The Left,Germany,Die Linke,Cleaned_NER_files/mep_party_cleaned2(1).xlsx,Sheet1,1353
Stephen Colbert,Democratic Party,United States,supporter,Cleaned_NER_files/mep_party_cleaned2(1).xlsx,Sheet1,1354
Friedrich Merz,Christian Democratic Union,Germany,CDU,Cleaned_NER_files/mep_party_cleaned2(1).xlsx,Sheet1,1355
Annalena Baerbock,Alliance 90/The Greens,Germany,Bündnis 90/Die Grünen,Cleaned_NER_files/mep_party_cleaned2(1).xlsx,Sheet1,1356
Ulrich Siegmund,Alternative for Germany,Germany,AfD,Cleaned_NER_files/mep_party_cleaned2(1).xlsx,Sheet1,1357
Sahra Wagenknecht,Bündnis Sahra Wagenknecht,Germany,BSW,Cleaned_NER_files/mep_party_cleaned2(1).xlsx,Sheet1,1358
Alliance 90/The Greens,Alliance 90/The Greens,Germany,,Cleaned_NER_files/mep_party_cleaned2(1).xlsx,Sheet1,1359
Martin Schulz,Social Democratic Party,Germany,SPD,Cleaned_NER_files/mep_party_cleaned2(1).xlsx,Sheet1,1360
Tim Achtermeyer,Alliance 90/The Greens,Germany,,Cleaned_NER_files/mep_party_cleaned2(1).xlsx,Sheet1,1361
Macklemore,Not publicly affiliated,United States,,Cleaned_NER_files/mep_party_cleaned2(1).xlsx,Sheet1,1362
Kay Gottschalk,Alternative for Germany,Germany,AfD,Cleaned_NER_files/mep_party_cleaned2(1).xlsx,Sheet1,1363
Dieter Bohlen,Not publicly affiliated,Germany,,Cleaned_NER_files/mep_party_cleaned2(1).xlsx,Sheet1,1364
Daniel Halemba,Alternative for Germany,Germany,AfD,Cleaned_NER_files/mep_party_cleaned2(1).xlsx,Sheet1,1365
Marco Rima,Not publicly affiliated,Switzerland,,Cleaned_NER_files/mep_party_cleaned2(1).xlsx,Sheet1,1366
Harald Lesch,Not publicly affiliated,Germany,,Cleaned_NER_files/mep_party_cleaned2(1).xlsx,Sheet1,1367
Tino Chrupalla,Alternative for Germany,Germany,AfD,Cleaned_NER_files/mep_party_cleaned2(1).xlsx,Sheet1,1368
Armin Laschet,Christian Democratic Union,Germany,CDU,Cleaned_NER_files/mep_party_cleaned2(1).xlsx,Sheet1,1369
Maybrit Illner,Not publicly affiliated,Germany,,Cleaned_NER_files/mep_party_cleaned2(1).xlsx,Sheet1,1370
Markus Söder,Christian Social Union,Germany,CSU,Cleaned_NER_files/mep_party_cleaned2(1).xlsx,Sheet1,1371
Karl-Theodor zu Guttenberg,Christian Social Union,Germany,CSU,Cleaned_NER_files/mep_party_cleaned2(1).xlsx,Sheet1,1372
Thomas Oppermann,Social Democratic Party,Germany,SPD,Cleaned_NER_files/mep_party_cleaned2(1).xlsx,Sheet1,1373
Lars Klingbeil,Social Democratic Party,Germany,SPD,Cleaned_NER_files/mep_party_cleaned2(1).xlsx,Sheet1,1374
Katrin Göring-Eckardt,Alliance 90/The Greens,Germany,,Cleaned_NER_files/mep_party_cleaned2(1).xlsx,Sheet1,1375
Karl Lauterbach,Social Democratic Party,Germany,SPD,Cleaned_NER_files/mep_party_cleaned2(1).xlsx,Sheet1,1376
Udo Lindenberg,Not publicly affiliated,Germany,,Cleaned_NER_files/mep_party_cleaned2(1).xlsx,Sheet1,1377
Björn Höcke,Alternative for Germany,Germany,AfD,Cleaned_NER_files/mep_party_cleaned2(1).xlsx,Sheet1,1378
Mario Voigt,Christian Democratic Union,Germany,CDU,Cleaned_NER_files/mep_party_cleaned2(1).xlsx,Sheet1,1379
Heute Show,Satirical television program,Germany,,Cleaned_NER_files/mep_party_cleaned2(1).xlsx,Sheet1,1380
Fridays for Future (FFF),Environmental movement,International,,Cleaned_NER_files/mep_party_cleaned2(1).xlsx,Sheet1,1381
Kevin Kühnert,Social Democratic Party,Germany,SPD,Cleaned_NER_files/mep_party_cleaned2(1).xlsx,Sheet1,1382
Bundestag,Federal Parliament,Germany,,Cleaned_NER_files/mep_party_cleaned2(1).xlsx,Sheet1,1383
Bärbel Bas,Social Democratic Party,Germany,SPD,Cleaned_NER_files/mep_party_cleaned2(1).xlsx,Sheet1,1384
Christian Democratic Union/Christian Social Union (CDU/CSU),Political alliance,Germany,,Cleaned_NER_files/mep_party_cleaned2(1).xlsx,Sheet1,1385
Ecological Democratic Party (ÖDP),Ecological Democratic Party,Germany,,Cleaned_NER_files/mep_party_cleaned2(1).xlsx,Sheet1,1386
Gerhart Baum,Free Democratic Party,Germany,FDP,Cleaned_NER_files/mep_party_cleaned2(1).xlsx,Sheet1,1387
Green Youth,Youth wing of Alliance 90/The Greens,Germany,,Cleaned_NER_files/mep_party_cleaned2(1).xlsx,Sheet1,1388
Boris Pistorius,Social Democratic Party,Germany,SPD,Cleaned_NER_files/mep_party_cleaned2(1).xlsx,Sheet1,1389
Saskia Esken,Social Democratic Party,Germany,SPD,Cleaned_NER_files/mep_party_cleaned2(1).xlsx,Sheet1,1390
Omid Nouripour,Alliance 90/The Greens,Germany,,Cleaned_NER_files/mep_party_cleaned2(1).xlsx,Sheet1,1391
Ricarda Lang,Alliance 90/The Greens,Germany,,Cleaned_NER_files/mep_party_cleaned2(1).xlsx,Sheet1,1392
Marc Friedrich,Not publicly affiliated,Germany,,Cleaned_NER_files/mep_party_cleaned2(1).xlsx,Sheet1,1393
European Parliament,Supranational legislative body,European Union,,Cleaned_NER_files/mep_party_cleaned2(1).xlsx,Sheet1,1394
Klaas Heufer-Umlauf,Not publicly affiliated,Germany,,Cleaned_NER_files/mep_party_cleaned2(1).xlsx,Sheet1,1395
Anne Will,Not publicly affiliated,Germany,,Cleaned_NER_files/mep_party_cleaned2(1).xlsx,Sheet1,1396
Lukas Brandweiner,Austrian People's Party,Austria,ÖVP,Cleaned_NER_files/mep_party_cleaned2(1).xlsx,Sheet1,1397
Austrian People's Party (ÖVP),Austrian People's Party,Austria,ÖVP,Cleaned_NER_files/mep_party_cleaned2(1).xlsx,Sheet1,1398
Joachim Gauck,Independent,Germany,,Cleaned_NER_files/mep_party_cleaned2(1).xlsx,Sheet1,1399
Jens Riewa,Not publicly affiliated,Germany,,Cleaned_NER_files/mep_party_cleaned2(1).xlsx,Sheet1,1400
Jörg Urban,Alternative for Germany,Germany,AfD,Cleaned_NER_files/mep_party_cleaned2(1).xlsx,Sheet1,1401
Robert Malorny,Alternative for Germany,Germany,AfD,Cleaned_NER_files/mep_party_cleaned2(1).xlsx,Sheet1,1402
Claus Kleber,Not publicly affiliated,Germany,,Cleaned_NER_files/mep_party_cleaned2(1).xlsx,Sheet1,1403
Wolfgang Kubicki,Free Democratic Party,Germany,FDP,Cleaned_NER_files/mep_party_cleaned2(1).xlsx,Sheet1,1404
The Left (Die Linke),The Left,Germany,Die Linke,Cleaned_NER_files/mep_party_cleaned2(1).xlsx,Sheet1,1405
Markus Lanz,Not publicly affiliated,Germany,,Cleaned_NER_files/mep_party_cleaned2(1).xlsx,Sheet1,1406
Philipp Türmer,Not publicly affiliated,Germany,,Cleaned_NER_files/mep_party_cleaned2(1).xlsx,Sheet1,1407
Florence Gaub,Not publicly affiliated,Germany,,Cleaned_NER_files/mep_party_cleaned2(1).xlsx,Sheet1,1408
Caroline Bosbach,Christian Democratic Union,Germany,CDU,Cleaned_NER_files/mep_party_cleaned2(1).xlsx,Sheet1,1409
Lars Patrick Berg,Alternative for Germany,Germany,AfD,Cleaned_NER_files/mep_party_cleaned2(1).xlsx,Sheet1,1410
Claudia Roth,Alliance 90/The Greens,Germany,,Cleaned_NER_files/mep_party_cleaned2(1).xlsx,Sheet1,1411
United Nations Security Council,International Organization,International,,Cleaned_NER_files/mep_party_cleaned2(1).xlsx,Sheet1,1412
Bushido,Not publicly affiliated,Germany,,Cleaned_NER_files/mep_party_cleaned2(1).xlsx,Sheet1,1413
Beatrix von Storch,Alternative for Germany,Germany,AfD,Cleaned_NER_files/mep_party_cleaned2(1).xlsx,Sheet1,1414
Sandra Maischberger,Not publicly affiliated,Germany,,Cleaned_NER_files/mep_party_cleaned2(1).xlsx,Sheet1,1415
Markus Lenz,Not publicly affiliated,Germany,,Cleaned_NER_files/mep_party_cleaned2(1).xlsx,Sheet1,1416
Ulrike Herrmann,Not publicly affiliated,Germany,,Cleaned_NER_files/mep_party_cleaned2(1).xlsx,Sheet1,1417
Franz Josef Strauß,Christian Social Union,Germany,CSU,Cleaned_NER_files/mep_party_cleaned2(1).xlsx,Sheet1,1418
Gaby Bischoff,Social Democratic Party,Germany,SPD,Cleaned_NER_files/mep_party_cleaned2(1).xlsx,Sheet1,1419
Gabriele Krone-Schmalz,Not publicly affiliated,Germany,,Cleaned_NER_files/mep_party_cleaned2(1).xlsx,Sheet1,1420
Christian Dürr,Free Democratic Party,Germany,FDP,Cleaned_NER_files/mep_party_cleaned2(1).xlsx,Sheet1,1421
Theodor Weimer,Not publicly affiliated,Germany,,Cleaned_NER_files/mep_party_cleaned2(1).xlsx,Sheet1,1422
Freedom Party of Austria (FPÖ),Freedom Party of Austria,Austria,FPÖ,Cleaned_NER_files/mep_party_cleaned2(1).xlsx,Sheet1,1423
Janine Wissler,The Left,Germany,Die Linke,Cleaned_NER_files/mep_party_cleaned2(1).xlsx,Sheet1,1424
Erich Honecker,Socialist Unity Party,Germany,SED,Cleaned_NER_files/mep_party_cleaned2(1).xlsx,Sheet1,1425
Alliance 90/The Greens (Die Grünen),Alliance 90/The Greens,Germany,,Cleaned_NER_files/mep_party_cleaned2(1).xlsx,Sheet1,1426
International Criminal Court (ICC),International Organization,International,,Cleaned_NER_files/mep_party_cleaned2(1).xlsx,Sheet1,1427
Steffen Große,Not publicly affiliated,Germany,,Cleaned_NER_files/mep_party_cleaned2(1).xlsx,Sheet1,1428
Hans-Georg Maaßen,Christian Democratic Union,Germany,CDU,Cleaned_NER_files/mep_party_cleaned2(1).xlsx,Sheet1,1429
Helmut Schmidt,Social Democratic Party,Germany,SPD,Cleaned_NER_files/mep_party_cleaned2(1).xlsx,Sheet1,1430
Hubert Aiwanger,Free Voters,Germany,Freie Wähler,Cleaned_NER_files/mep_party_cleaned2(1).xlsx,Sheet1,1431
Anton Hofreiter,Alliance 90/The Greens,Germany,,Cleaned_NER_files/mep_party_cleaned2(1).xlsx,Sheet1,1432
Liz Cheney,Republican Party,United States,,Cleaned_NER_files/mep_party_cleaned2(1).xlsx,Sheet1,1433
Michael Kretschmer,Christian Democratic Union,Germany,CDU,Cleaned_NER_files/mep_party_cleaned2(1).xlsx,Sheet1,1434
Svenja Appuhn,Formerly Alliance 90/The Greens,Germany,,Cleaned_NER_files/mep_party_cleaned2(1).xlsx,Sheet1,1435
Julian Nagelsmann,Not publicly affiliated,Germany,,Cleaned_NER_files/mep_party_cleaned2(1).xlsx,Sheet1,1436
Marina Weisband,Alliance 90/The Greens,Germany,,Cleaned_NER_files/mep_party_cleaned2(1).xlsx,Sheet1,1437
Marvin Neumann,Not publicly affiliated,Germany,,Cleaned_NER_files/mep_party_cleaned2(1).xlsx,Sheet1,1438
Florian Merz,Not publicly affiliated,Germany,,Cleaned_NER_files/mep_party_cleaned2(1).xlsx,Sheet1,1439
Phoenix,Public television broadcaster,Germany,,Cleaned_NER_files/mep_party_cleaned2(1).xlsx,Sheet1,1440
Alternative for Germany (AfD),Alternative for Germany,Germany,AfD,Cleaned_NER_files/mep_party_cleaned2(1).xlsx,Sheet1,1441
Philipp Amthor,Christian Democratic Union,Germany,CDU,Cleaned_NER_files/mep_party_cleaned2(1).xlsx,Sheet1,1442
Evangelische Jugend,Protestant Youth Organization,Germany,,Cleaned_NER_files/mep_party_cleaned2(1).xlsx,Sheet1,1443
ARD ZDF Deutschlandradio Beitragsservice (commonly known as GEZ),Public broadcasting fee collection agency,Germany,,Cleaned_NER_files/mep_party_cleaned2(1).xlsx,Sheet1,1444
Albert Einstein,Not applicable,Germany,,Cleaned_NER_files/mep_party_cleaned2(1).xlsx,Sheet1,1445
Klimaliste,Environmentalist political party,Germany,,Cleaned_NER_files/mep_party_cleaned2(1).xlsx,Sheet1,1446
European Democratic Party (EDP/PDE),"Centrist, pro-European political party",Europe-wide,,Cleaned_NER_files/mep_party_cleaned2(1).xlsx,Sheet1,1447
Partei Mensch Umwelt Tierschutz,Animal Protection Party,Germany,,Cleaned_NER_files/mep_party_cleaned2(1).xlsx,Sheet1,1448
Cate Blanchett,Not publicly affiliated,Australia,,Cleaned_NER_files/mep_party_cleaned2(1).xlsx,Sheet1,1449
Morten Messerschmidt,Danish People's Party,Denmark,DF,Cleaned_NER_files/mep_party_cleaned2(1).xlsx,Sheet1,1450
Wernher von Braun,Not applicable,Germany,deceased,Cleaned_NER_files/mep_party_cleaned2(1).xlsx,Sheet1,1451
Association of European Journalists (AEJ),Professional association,Europe-wide,,Cleaned_NER_files/mep_party_cleaned2(1).xlsx,Sheet1,1452
Free Voters (Freie Wähler),Centrist political party,Germany,,Cleaned_NER_files/mep_party_cleaned2(1).xlsx,Sheet1,1453
Deutsche Bahn,State-owned railway company,Germany,,Cleaned_NER_files/mep_party_cleaned2(1).xlsx,Sheet1,1454
Party of Humanists (Partei der Humanisten),Secular humanist political party,Germany,,Cleaned_NER_files/mep_party_cleaned2(1).xlsx,Sheet1,1455
European People's Party (EPP/EVP),Center-right European political party,Europe-wide,,Cleaned_NER_files/mep_party_cleaned2(1).xlsx,Sheet1,1456
van Lovrinović,Pravo i Pravda,Croatia,Right and Justice,Cleaned_NER_files/mep_party_cleaned2(1).xlsx,Sheet1,1457
Isaac Herzog,Israeli Labor Party,Israel,,Cleaned_NER_files/mep_party_cleaned2(1).xlsx,Sheet1,1458
Andrija Klarić,Not publicly affiliated,Croatia,,Cleaned_NER_files/mep_party_cleaned2(1).xlsx,Sheet1,1459
Mehdi Hasan,Not publicly affiliated,United Kingdom,,Cleaned_NER_files/mep_party_cleaned2(1).xlsx,Sheet1,1460
Cenk Uygur,Democratic Party,United States,,Cleaned_NER_files/mep_party_cleaned2(1).xlsx,Sheet1,1461
Odlučnost i Pravednost (Determination and Justice),Political party,Croatia,,Cleaned_NER_files/mep_party_cleaned2(1).xlsx,Sheet1,1462
Željko Komšić,Democratic Front,Bosnia and Herzegovina,,Cleaned_NER_files/mep_party_cleaned2(1).xlsx,Sheet1,1463
Chase Oliver,Libertarian Party,United States,,Cleaned_NER_files/mep_party_cleaned2(1).xlsx,Sheet1,1464
Avi Hyman,Likud,Israel,,Cleaned_NER_files/mep_party_cleaned2(1).xlsx,Sheet1,1465
Micheál Martin,Fianna Fáil,Ireland,,Cleaned_NER_files/mep_party_cleaned2(1).xlsx,Sheet1,1466
Jess Phillips,Labour Party,United Kingdom,,Cleaned_NER_files/mep_party_cleaned2(1).xlsx,Sheet1,1467
Michael Ellis,Conservative Party,United Kingdom,,Cleaned_NER_files/mep_party_cleaned2(1).xlsx,Sheet1,1468
Sébastien Delogu,La France Insoumise,France,,Cleaned_NER_files/mep_party_cleaned2(1).xlsx,Sheet1,1469
Ned Mannoun,Liberal Party,Australia,,Cleaned_NER_files/mep_party_cleaned2(1).xlsx,Sheet1,1470
Slobodan Novak,Croatian Democratic Union,Croatia,HDZ,Cleaned_NER_files/mep_party_cleaned2(1).xlsx,Sheet1,1471
Mato Lukić,Croatian Democratic Union,Croatia,HDZ,Cleaned_NER_files/mep_party_cleaned2(1).xlsx,Sheet1,1472
Stjepan Mesić,Social Democratic Party,Croatia,SDP,Cleaned_NER_files/mep_party_cleaned2(1).xlsx,Sheet1,1473
John Oliver,Not publicly affiliated,United Kingdom,,Cleaned_NER_files/mep_party_cleaned2(1).xlsx,Sheet1,1474
Gideon Levy,Not publicly affiliated,Israel,,Cleaned_NER_files/mep_party_cleaned2(1).xlsx,Sheet1,1475
Jan Mišković,Croatian Democratic Union,Croatia,HDZ,Cleaned_NER_files/mep_party_cleaned2(1).xlsx,Sheet1,1476
Plaid Cymru,Plaid Cymru,United Kingdom (Wales),,Cleaned_NER_files/mep_party_cleaned2(1).xlsx,Sheet1,1477
Carmen Smith,Not publicly affiliated,United Kingdom,,Cleaned_NER_files/mep_party_cleaned2(1).xlsx,Sheet1,1478
Mishal Al-Ahmad Al-Jaber Al-Sabah,Not publicly affiliated,Kuwait,,Cleaned_NER_files/mep_party_cleaned2(1).xlsx,Sheet1,1479
Liam Byrne,Labour Party,United Kingdom,,Cleaned_NER_files/mep_party_cleaned2(1).xlsx,Sheet1,1480
Federation of Young European Greens,European Green Party,Europe-wide,,Cleaned_NER_files/mep_party_cleaned2(1).xlsx,Sheet1,1481
Die Grünen – Die Grüne Alternative,The Greens – The Green Alternative,Austria,,Cleaned_NER_files/mep_party_cleaned2(1).xlsx,Sheet1,1482
Alma Zadić,The Greens – The Green Alternative,Austria,,Cleaned_NER_files/mep_party_cleaned2(1).xlsx,Sheet1,1483
Marcus König,Christian Social Union,Germany,CSU,Cleaned_NER_files/mep_party_cleaned2(1).xlsx,Sheet1,1484
Luc Frieden,Christian Social People's Party,Luxembourg,,Cleaned_NER_files/mep_party_cleaned2(1).xlsx,Sheet1,1485
Matko Dujmović,Croatian Democratic Union,Croatia,HDZ,Cleaned_NER_files/mep_party_cleaned2(1).xlsx,Sheet1,1486
European Greens,European Green Party,Europe-wide,,Cleaned_NER_files/mep_party_cleaned2(1).xlsx,Sheet1,1487
Davor Božinović,Croatian Democratic Union,Croatia,HDZ,Cleaned_NER_files/mep_party_cleaned2(1).xlsx,Sheet1,1488
Gabrijela Žalac,Croatian Democratic Union,Croatia,HDZ,Cleaned_NER_files/mep_party_cleaned2(1).xlsx,Sheet1,1489
Vitali Klitschko,Ukrainian Democratic Alliance for Reform,Ukraine,UDAR,Cleaned_NER_files/mep_party_cleaned2(1).xlsx,Sheet1,1490
Yonnec Polet,Party of European Socialists,Belgium,PES,Cleaned_NER_files/mep_party_cleaned2(1).xlsx,Sheet1,1491
Ante Mihanović,Croatian Democratic Union,Croatia,HDZ,Cleaned_NER_files/mep_party_cleaned2(1).xlsx,Sheet1,1492
UK Labour,Labour Party,United Kingdom,,Cleaned_NER_files/mep_party_cleaned2(1).xlsx,Sheet1,1493
Harrison Ford,Not publicly affiliated,United States,,Cleaned_NER_files/mep_party_cleaned2(1).xlsx,Sheet1,1494
Österreichische Volkspartei (ÖVP),Austrian People's Party,Austria,,Cleaned_NER_files/mep_party_cleaned2(1).xlsx,Sheet1,1495
António Guterres,Socialist Party,Portugal,,Cleaned_NER_files/mep_party_cleaned2(1).xlsx,Sheet1,1496
Mahmoud Abbas,Fatah,Palestine,,Cleaned_NER_files/mep_party_cleaned2(1).xlsx,Sheet1,1497
Peter Casey,Independent,Ireland,,Cleaned_NER_files/mep_party_cleaned2(1).xlsx,Sheet1,1498
The Left in the EU,Party of the European Left,Europe-wide,,Cleaned_NER_files/mep_party_cleaned2(1).xlsx,Sheet1,1499
Benny Gantz,National Unity Party,Israel,,Cleaned_NER_files/mep_party_cleaned2(1).xlsx,Sheet1,1500
Mary Lou McDonald,Sinn Féin,Ireland,,Cleaned_NER_files/mep_party_cleaned2(1).xlsx,Sheet1,1501
Annie Lennox,Not publicly affiliated,United Kingdom,,Cleaned_NER_files/mep_party_cleaned2(1).xlsx,Sheet1,1502
Holly Cairns,Social Democrats,Ireland,,Cleaned_NER_files/mep_party_cleaned2(1).xlsx,Sheet1,1503
Fine Gael,Fine Gael,Ireland,,Cleaned_NER_files/mep_party_cleaned2(1).xlsx,Sheet1,1504
Partit Nazzjonalista,Nationalist Party,Malta,,Cleaned_NER_files/mep_party_cleaned2(1).xlsx,Sheet1,1505
Ante Šušnjar,Croatian Democratic Union,Croatia,HDZ,Cleaned_NER_files/mep_party_cleaned2(1).xlsx,Sheet1,1506
Jennifer Aniston,Not publicly affiliated,United States,,Cleaned_NER_files/mep_party_cleaned2(1).xlsx,Sheet1,1507
Michelle Obama,Democratic Party,United States,,Cleaned_NER_files/mep_party_cleaned2(1).xlsx,Sheet1,1508
The Labour Party,Labour Party,United Kingdom,,Cleaned_NER_files/mep_party_cleaned2(1).xlsx,Sheet1,1509
Fumio Kishida,Liberal Democratic Party,Japan,,Cleaned_NER_files/mep_party_cleaned2(1).xlsx,Sheet1,1510
Anna Strolenberg,Volt Europa,Netherlands,,Cleaned_NER_files/mep_party_cleaned2(1).xlsx,Sheet1,1511
Reinier van Lanschot,Volt Europa,Netherlands,,Cleaned_NER_files/mep_party_cleaned2(1).xlsx,Sheet1,1512
Gibanje Svoboda,Freedom Movement,Slovenia,,Cleaned_NER_files/mep_party_cleaned2(1).xlsx,Sheet1,1513
MOST,Bridge of Independent Lists,Croatia,,Cleaned_NER_files/mep_party_cleaned2(1).xlsx,Sheet1,1514
Robert Golob,Freedom Movement,Slovenia,,Cleaned_NER_files/mep_party_cleaned2(1).xlsx,Sheet1,1515
Oliver Vogt,Christian Democratic Union,Germany,CDU,Cleaned_NER_files/mep_party_cleaned2(1).xlsx,Sheet1,1516
Cem Özdemir,Alliance 90/The Greens,Germany,,Cleaned_NER_files/mep_party_cleaned2(1).xlsx,Sheet1,1517
Mary Robinson,Labour Party,Ireland,,Cleaned_NER_files/mep_party_cleaned2(1).xlsx,Sheet1,1518
Zvonimir Troskot,Bridge of Independent Lists,Croatia,MOST,Cleaned_NER_files/mep_party_cleaned2(1).xlsx,Sheet1,1519
Bulgarian Socialist Party,Bulgarian Socialist Party,Bulgaria,BSP,Cleaned_NER_files/mep_party_cleaned2(1).xlsx,Sheet1,1520
Kornelia Petrova Ninova,Independent,Bulgaria,formerly BSP,Cleaned_NER_files/mep_party_cleaned2(1).xlsx,Sheet1,1521
We Continue the Change – Democratic Bulgaria (PP–DB),PP–DB Coalition,Bulgaria,,Cleaned_NER_files/mep_party_cleaned2(1).xlsx,Sheet1,1522
Assen Vassilev,We Continue the Change,Bulgaria,PP,Cleaned_NER_files/mep_party_cleaned2(1).xlsx,Sheet1,1523
Solidaristic Bulgaria,Solidaristic Bulgaria,Bulgaria,,Cleaned_NER_files/mep_party_cleaned2(1).xlsx,Sheet1,1524
Stanislav Balabanov,There Is Such a People,Bulgaria,ITN,Cleaned_NER_files/mep_party_cleaned2(1).xlsx,Sheet1,1525
Sword,Sword,Bulgaria,,Cleaned_NER_files/mep_party_cleaned2(1).xlsx,Sheet1,1526
Radostin Vassilev,Independent,Bulgaria,formerly PP,Cleaned_NER_files/mep_party_cleaned2(1).xlsx,Sheet1,1527
Movement for Rights and Freedoms,Movement for Rights and Freedoms,Bulgaria,DPS,Cleaned_NER_files/mep_party_cleaned2(1).xlsx,Sheet1,1528
Delyan Peevski,Movement for Rights and Freedoms,Bulgaria,DPS,Cleaned_NER_files/mep_party_cleaned2(1).xlsx,Sheet1,1529
Tsoncho Ganev,Revival,Bulgaria,Vazrazhdane,Cleaned_NER_files/mep_party_cleaned2(1).xlsx,Sheet1,1530
Rumen Radev,Independent,Bulgaria,,Cleaned_NER_files/mep_party_cleaned2(1).xlsx,Sheet1,1531
Angel Dzhambazki,IMRO – Bulgarian National Movement,Bulgaria,,Cleaned_NER_files/mep_party_cleaned2(1).xlsx,Sheet1,1532
Manol Peykov,We Continue the Change – Democratic Bulgaria,Bulgaria,PP–DB,Cleaned_NER_files/mep_party_cleaned2(1).xlsx,Sheet1,1533
Antoaneta Tsoneva,Democratic Bulgaria,Bulgaria,DB,Cleaned_NER_files/mep_party_cleaned2(1).xlsx,Sheet1,1534
Ivaylo Mirchev,Democratic Bulgaria,Bulgaria,DB,Cleaned_NER_files/mep_party_cleaned2(1).xlsx,Sheet1,1535
Petar Volgin,Independent,Bulgaria,,Cleaned_NER_files/mep_party_cleaned2(1).xlsx,Sheet1,1536
Kuzman Iliev,Revival,Bulgaria,Vazrazhdane,Cleaned_NER_files/mep_party_cleaned2(1).xlsx,Sheet1,1537
Boyko Rashkov,We Continue the Change,Bulgaria,PP,Cleaned_NER_files/mep_party_cleaned2(1).xlsx,Sheet1,1538
Roumen Gechev,Bulgarian Socialist Party,Bulgaria,BSP,Cleaned_NER_files/mep_party_cleaned2(1).xlsx,Sheet1,1539
Tatyana Doncheva,Movement 21,Bulgaria,,Cleaned_NER_files/mep_party_cleaned2(1).xlsx,Sheet1,1540
Levitsata,Levitsata,Bulgaria,,Cleaned_NER_files/mep_party_cleaned2(1).xlsx,Sheet1,1541
Vanya Georgieva,Bulgarian Socialist Party,Bulgaria,BSP,Cleaned_NER_files/mep_party_cleaned2(1).xlsx,Sheet1,1542
Todor Zhivkov,Bulgarian Communist Party,Bulgaria,BCP,Cleaned_NER_files/mep_party_cleaned2(1).xlsx,Sheet1,1543
Osman Oktay,Movement for Rights and Freedoms,Bulgaria,DPS,Cleaned_NER_files/mep_party_cleaned2(1).xlsx,Sheet1,1544
Revival,Revival,Bulgaria,Vazrazhdane,Cleaned_NER_files/mep_party_cleaned2(1).xlsx,Sheet1,1545
Velichie,Velichie,Bulgaria,,Cleaned_NER_files/mep_party_cleaned2(1).xlsx,Sheet1,1546
VMRO,IMRO – Bulgarian National Movement,Bulgaria,VMRO,Cleaned_NER_files/mep_party_cleaned2(1).xlsx,Sheet1,1547
Asen Vassilev,We Continue the Change,Bulgaria,PP,Cleaned_NER_files/mep_party_cleaned2(1).xlsx,Sheet1,1548
Lena Borislavova,We Continue the Change,Bulgaria,PP,Cleaned_NER_files/mep_party_cleaned2(1).xlsx,Sheet1,1549
Todor Angelov,Bulgarian Communist Party,Bulgaria,BCP,Cleaned_NER_files/mep_party_cleaned2(1).xlsx,Sheet1,1550
Yavor Bozhankov,Bulgarian Socialist Party,Bulgaria,BSP,Cleaned_NER_files/mep_party_cleaned2(1).xlsx,Sheet1,1551
Hristo Petrov (Itzo Hazarta),We Continue the Change,Bulgaria,PP,Cleaned_NER_files/mep_party_cleaned2(1).xlsx,Sheet1,1552
Peter Volgin,Revival,Bulgaria,Vazrazhdane,Cleaned_NER_files/mep_party_cleaned2(1).xlsx,Sheet1,1553
Mustafa Karadayi,Movement for Rights and Freedoms,Bulgaria,DPS,Cleaned_NER_files/mep_party_cleaned2(1).xlsx,Sheet1,1554
Kostadin Paskalev,Bulgarian Socialist Party,Bulgaria,BSP,Cleaned_NER_files/mep_party_cleaned2(1).xlsx,Sheet1,1555
We Continue the Change – Democratic Bulgaria,We Continue the Change – Democratic Bulgaria,Bulgaria,PP–DB,Cleaned_NER_files/mep_party_cleaned2(1).xlsx,Sheet1,1556
Krasimir Karakachanov,IMRO – Bulgarian National Movement,Bulgaria,VMRO,Cleaned_NER_files/mep_party_cleaned2(1).xlsx,Sheet1,1557
Vassil Bozhkov,Bulgarian Summer,Bulgaria,,Cleaned_NER_files/mep_party_cleaned2(1).xlsx,Sheet1,1558
Grozdan Karadzhov,There Is Such a People,Bulgaria,ITN,Cleaned_NER_files/mep_party_cleaned2(1).xlsx,Sheet1,1559
Rumen Gechev,Bulgarian Socialist Party,Bulgaria,BSP,Cleaned_NER_files/mep_party_cleaned2(1).xlsx,Sheet1,1560
Vessela Lecheva,Bulgarian Socialist Party,Bulgaria,BSP,Cleaned_NER_files/mep_party_cleaned2(1).xlsx,Sheet1,1561
Martin Karbovski,Independent,Bulgaria,,Cleaned_NER_files/mep_party_cleaned2(1).xlsx,Sheet1,1562
Iliana Benovska,Independent,Bulgaria,,Cleaned_NER_files/mep_party_cleaned2(1).xlsx,Sheet1,1563
SWORD,SWORD,Bulgaria,,Cleaned_NER_files/mep_party_cleaned2(1).xlsx,Sheet1,1564
Iskren Mitev,We Continue the Change,Bulgaria,PP,Cleaned_NER_files/mep_party_cleaned2(1).xlsx,Sheet1,1565
Georgi Georgiev,We Continue the Change,Bulgaria,PP,Cleaned_NER_files/mep_party_cleaned2(1).xlsx,Sheet1,1566
Anton Hekimyan,Citizens for European Development of Bulgaria,Bulgaria,GERB,Cleaned_NER_files/mep_party_cleaned2(1).xlsx,Sheet1,1567
Atanas Atanasov,Democratic Bulgaria,Bulgaria,DB,Cleaned_NER_files/mep_party_cleaned2(1).xlsx,Sheet1,1568
Petar Petrov,Revival,Bulgaria,Vazrazhdane,Cleaned_NER_files/mep_party_cleaned2(1).xlsx,Sheet1,1569
Ivo Hristov,Bulgarian Socialist Party,Bulgaria,BSP,Cleaned_NER_files/mep_party_cleaned2(1).xlsx,Sheet1,1570
Metodi Andreev,Union of Democratic Forces,Bulgaria,SDS,Cleaned_NER_files/mep_party_cleaned2(1).xlsx,Sheet1,1571
Ahmed Dogan,Movement for Rights and Freedoms,Bulgaria,DPS,Cleaned_NER_files/mep_party_cleaned2(1).xlsx,Sheet1,1572
Petar Klissarov,Direct Democracy,Bulgaria,,Cleaned_NER_files/mep_party_cleaned2(1).xlsx,Sheet1,1573
Eleonora Mitrofanova,Others,Russia,Russian Ambassador to Bulgaria,Cleaned_NER_files/mep_party_cleaned2(1).xlsx,Sheet1,1574
Vanya Grigorova,Bulgarian Socialist Party,Bulgaria,BSP,Cleaned_NER_files/mep_party_cleaned2(1).xlsx,Sheet1,1575
Kornelia Ninova,Bulgarian Socialist Party,Bulgaria,BSP,Cleaned_NER_files/mep_party_cleaned2(1).xlsx,Sheet1,1576
МЕЧ/SWORD,SWORD,Bulgaria,,Cleaned_NER_files/mep_party_cleaned2(1).xlsx,Sheet1,1577
Toshko Yordanov,There Is Such a People,Bulgaria,ITN,Cleaned_NER_files/mep_party_cleaned2(1).xlsx,Sheet1,1578
Ivan Geshev,Others,Bulgaria,Prosecutor General,Cleaned_NER_files/mep_party_cleaned2(1).xlsx,Sheet1,1579
Tsveta Karayancheva,Citizens for European Development of Bulgaria,Bulgaria,GERB,Cleaned_NER_files/mep_party_cleaned2(1).xlsx,Sheet1,1580
Antony Blinken,Others,USA,U.S. Secretary of State,Cleaned_NER_files/mep_party_cleaned2(1).xlsx,Sheet1,1581
Maria Zakharova,Others,Russia,Russian Foreign Ministry Spokesperson,Cleaned_NER_files/mep_party_cleaned2(1).xlsx,Sheet1,1582
Rosen Zhelyazkov,Citizens for European Development of Bulgaria,Bulgaria,GERB,Cleaned_NER_files/mep_party_cleaned2(1).xlsx,Sheet1,1583
Delyan Dobrev,Citizens for European Development of Bulgaria,Bulgaria,GERB,Cleaned_NER_files/mep_party_cleaned2(1).xlsx,Sheet1,1584
Stella Nikolova,Democratic Bulgaria,Bulgaria,DB,Cleaned_NER_files/mep_party_cleaned2(1).xlsx,Sheet1,1585
Yes Bulgaria,Democratic Bulgaria,Bulgaria,DB,Cleaned_NER_files/mep_party_cleaned2(1).xlsx,Sheet1,1586
Nikolay Malinov,Russophiles for the Revival of the Fatherland,Bulgaria,,Cleaned_NER_files/mep_party_cleaned2(1).xlsx,Sheet1,1587
Dimitar Glavchev,Citizens for European Development of Bulgaria,Bulgaria,GERB,Cleaned_NER_files/mep_party_cleaned2(1).xlsx,Sheet1,1588
Vasil Bozhkov,Bulgarian Summer,Bulgaria,,Cleaned_NER_files/mep_party_cleaned2(1).xlsx,Sheet1,1589
Vassil Bojkov,Bulgarian Summer,Bulgaria,,Cleaned_NER_files/mep_party_cleaned2(1).xlsx,Sheet1,1590
Petar Moskov,Conservative Union of the Right,Bulgaria,KOD,Cleaned_NER_files/mep_party_cleaned2(1).xlsx,Sheet1,1591
Blue Bulgaria,Blue Bulgaria,Bulgaria,,Cleaned_NER_files/mep_party_cleaned2(1).xlsx,Sheet1,1592
Mihail Mikov,Bulgarian Socialist Party,Bulgaria,BSP,Cleaned_NER_files/mep_party_cleaned2(1).xlsx,Sheet1,1593
Movement Bulgaria Can,Movement Bulgaria Can,Bulgaria,,Cleaned_NER_files/mep_party_cleaned2(1).xlsx,Sheet1,1594
Dimitar Naydenov,We Continue the Change – Democratic Bulgaria,Bulgaria,PP–DB,Cleaned_NER_files/mep_party_cleaned2(1).xlsx,Sheet1,1595
Velichie [Greatness],Velichie,Bulgaria,,Cleaned_NER_files/mep_party_cleaned2(1).xlsx,Sheet1,1596
Daniel Lorer,We Continue the Change,Bulgaria,PP,Cleaned_NER_files/mep_party_cleaned2(1).xlsx,Sheet1,1597
Todor Tagarev,We Continue the Change – Democratic Bulgaria,Bulgaria,PP–DB,Cleaned_NER_files/mep_party_cleaned2(1).xlsx,Sheet1,1598
Mariya Gabriel,Citizens for European Development of Bulgaria,Bulgaria,GERB,Cleaned_NER_files/mep_party_cleaned2(1).xlsx,Sheet1,1599
Vladislav Goranov,Citizens for European Development of Bulgaria,Bulgaria,GERB,Cleaned_NER_files/mep_party_cleaned2(1).xlsx,Sheet1,1600
Iskren Arabadjiev,We Continue the Change – Democratic Bulgaria,Bulgaria,PP–DB,Cleaned_NER_files/mep_party_cleaned2(1).xlsx,Sheet1,1601
Nastimir Ananiev,We Continue the Change – Democratic Bulgaria,Bulgaria,PP–DB,Cleaned_NER_files/mep_party_cleaned2(1).xlsx,Sheet1,1602
Democrats for a Strong Bulgaria (DSB),Democratic Bulgaria Coalition,Bulgaria,DB,Cleaned_NER_files/mep_party_cleaned2(1).xlsx,Sheet1,1603
Yordan Tsonev,Movement for Rights and Freedoms,Bulgaria,DPS,Cleaned_NER_files/mep_party_cleaned2(1).xlsx,Sheet1,1604
Kiril Veselinov,We Continue the Change – Democratic Bulgaria,Bulgaria,PP–DB,Cleaned_NER_files/mep_party_cleaned2(1).xlsx,Sheet1,1605
Nikola Dimitrov,We Continue the Change – Democratic Bulgaria,Bulgaria,PP–DB,Cleaned_NER_files/mep_party_cleaned2(1).xlsx,Sheet1,1606
Ekaterina Zaharieva,Citizens for European Development of Bulgaria,Bulgaria,GERB,Cleaned_NER_files/mep_party_cleaned2(1).xlsx,Sheet1,1607
National Movement for Stability and Progress (NDSV),NDSV Party,Bulgaria,,Cleaned_NER_files/mep_party_cleaned2(1).xlsx,Sheet1,1608
Rossen Zhelyazkov,Citizens for European Development of Bulgaria,Bulgaria,GERB,Cleaned_NER_files/mep_party_cleaned2(1).xlsx,Sheet1,1609
Iskra Mihaylova,Movement for Rights and Freedoms,Bulgaria,DPS,Cleaned_NER_files/mep_party_cleaned2(1).xlsx,Sheet1,1610
Bulgaria Can (Bulgaria Mozhe),Bulgaria Can Party,Bulgaria,,Cleaned_NER_files/mep_party_cleaned2(1).xlsx,Sheet1,1611
Velichie (Greatness),Velichie Party,Bulgaria,,Cleaned_NER_files/mep_party_cleaned2(1).xlsx,Sheet1,1612
Miroslava Petrova,Velichie Party,Bulgaria,,Cleaned_NER_files/mep_party_cleaned2(1).xlsx,Sheet1,1613
Milla Ilieva,Velichie Party,Bulgaria,,Cleaned_NER_files/mep_party_cleaned2(1).xlsx,Sheet1,1614
Darin Georgiev,Velichie Party,Bulgaria,,Cleaned_NER_files/mep_party_cleaned2(1).xlsx,Sheet1,1615
Georgi Svilenski,Bulgarian Socialist Party,Bulgaria,BSP,Cleaned_NER_files/mep_party_cleaned2(1).xlsx,Sheet1,1616
Daniel Mitov,Citizens for European Development of Bulgaria,Bulgaria,GERB,Cleaned_NER_files/mep_party_cleaned2(1).xlsx,Sheet1,1617
Angel Georgiev,Revival,Bulgaria,Vazrazhdane,Cleaned_NER_files/mep_party_cleaned2(1).xlsx,Sheet1,1618
Lyuben Dilov,Bulgarian Socialist Party,Bulgaria,BSP,Cleaned_NER_files/mep_party_cleaned2(1).xlsx,Sheet1,1619
Borislav Gutsanov,Bulgarian Socialist Party,Bulgaria,BSP,Cleaned_NER_files/mep_party_cleaned2(1).xlsx,Sheet1,1620
Aleksandar Tomov,Bulgarian Social Democratic Party,Bulgaria,BSDP,Cleaned_NER_files/mep_party_cleaned2(1).xlsx,Sheet1,1621
Stefan Tafrov,Democratic Bulgaria,Bulgaria,DB,Cleaned_NER_files/mep_party_cleaned2(1).xlsx,Sheet1,1622
Nadezhda Yordanova,Democratic Bulgaria,Bulgaria,DB,Cleaned_NER_files/mep_party_cleaned2(1).xlsx,Sheet1,1623
Tsveta Rangelova,Revival,Bulgaria,Vazrazhdane,Cleaned_NER_files/mep_party_cleaned2(1).xlsx,Sheet1,1624
Tsveta Kirilova,Independent,Bulgaria,,Cleaned_NER_files/mep_party_cleaned2(1).xlsx,Sheet1,1625
Martin Dimitrov,Democratic Bulgaria,Bulgaria,DB,Cleaned_NER_files/mep_party_cleaned2(1).xlsx,Sheet1,1626
Rada Lyakova,Bulgaria Can,Bulgaria,Bulgaria Mozhe,Cleaned_NER_files/mep_party_cleaned2(1).xlsx,Sheet1,1627
Hristo Rastev,Revival,Bulgaria,Vazrazhdane,Cleaned_NER_files/mep_party_cleaned2(1).xlsx,Sheet1,1628
Maria Gabriel,Citizens for European Development of Bulgaria,Bulgaria,GERB,Cleaned_NER_files/mep_party_cleaned2(1).xlsx,Sheet1,1629
Venko Sabrutev,We Continue the Change,Bulgaria,PP,Cleaned_NER_files/mep_party_cleaned2(1).xlsx,Sheet1,1630
Denitsa Sacheva,Citizens for European Development of Bulgaria,Bulgaria,GERB,Cleaned_NER_files/mep_party_cleaned2(1).xlsx,Sheet1,1631
Raya Nazaryan,Democratic Bulgaria,Bulgaria,DB,Cleaned_NER_files/mep_party_cleaned2(1).xlsx,Sheet1,1632
Yordanka Fandakova,Citizens for European Development of Bulgaria,Bulgaria,GERB,Cleaned_NER_files/mep_party_cleaned2(1).xlsx,Sheet1,1633
Dzhevdet Chakarov,Movement for Rights and Freedoms,Bulgaria,DPS,Cleaned_NER_files/mep_party_cleaned2(1).xlsx,Sheet1,1634
Mihal Kambarev,We Continue the Change,Bulgaria,PP,Cleaned_NER_files/mep_party_cleaned2(1).xlsx,Sheet1,1635
Vassil Terziev,We Continue the Change – Democratic Bulgaria,Bulgaria,PP–DB,Cleaned_NER_files/mep_party_cleaned2(1).xlsx,Sheet1,1636
Temenuzhka Petkova,Citizens for European Development of Bulgaria,Bulgaria,GERB,Cleaned_NER_files/mep_party_cleaned2(1).xlsx,Sheet1,1637
Emil Yankov,Democratic Bulgaria,Bulgaria,DB,Cleaned_NER_files/mep_party_cleaned2(1).xlsx,Sheet1,1638
Elena Poptodorova,Bulgarian Socialist Party,Bulgaria,BSP,Cleaned_NER_files/mep_party_cleaned2(1).xlsx,Sheet1,1639
Peter Petrov,Revival,Bulgaria,Vazrazhdane,Cleaned_NER_files/mep_party_cleaned2(1).xlsx,Sheet1,1640
Zhecho Stankov,Citizens for European Development of Bulgaria,Bulgaria,GERB,Cleaned_NER_files/mep_party_cleaned2(1).xlsx,Sheet1,1641
Radostin Vasilev,Independent,Bulgaria,formerly We Continue the Change,Cleaned_NER_files/mep_party_cleaned2(1).xlsx,Sheet1,1642
Elisaveta Belobradova,Democratic Bulgaria,Bulgaria,DB,Cleaned_NER_files/mep_party_cleaned2(1).xlsx,Sheet1,1643
Deyan Nikolov,Revival,Bulgaria,Vazrazhdane,Cleaned_NER_files/mep_party_cleaned2(1).xlsx,Sheet1,1644
Viktoriya Vasileva,There Is Such a People,Bulgaria,ITN,Cleaned_NER_files/mep_party_cleaned2(1).xlsx,Sheet1,1645
GERB-SDS,GERB-SDS Coalition,Bulgaria,,Cleaned_NER_files/mep_party_cleaned2(1).xlsx,Sheet1,1646
Ivalin Mihaylov,Bulgaria Can,Bulgaria,Bulgaria Mozhe,Cleaned_NER_files/mep_party_cleaned2(1).xlsx,Sheet1,1647
Nikolay Radulov,There Is Such a People,Bulgaria,ITN,Cleaned_NER_files/mep_party_cleaned2(1).xlsx,Sheet1,1648
Desislava Atanasova,Citizens for European Development of Bulgaria,Bulgaria,GERB,Cleaned_NER_files/mep_party_cleaned2(1).xlsx,Sheet1,1649
Radoslav Ribarski,We Continue the Change,Bulgaria,PP,Cleaned_NER_files/mep_party_cleaned2(1).xlsx,Sheet1,1650
Rumen Petkov,Alternative for Bulgarian Revival,Bulgaria,ABV,Cleaned_NER_files/mep_party_cleaned2(1).xlsx,Sheet1,1651
Nikolay Barekov,Bulgaria Without Censorship,Bulgaria,,Cleaned_NER_files/mep_party_cleaned2(1).xlsx,Sheet1,1652
Kalin Stoyanov,Independent,Bulgaria,,Cleaned_NER_files/mep_party_cleaned2(1).xlsx,Sheet1,1653
Ananiev,We Continue the Change,Bulgaria,PP,Cleaned_NER_files/mep_party_cleaned2(1).xlsx,Sheet1,1654
Vezhdi Rashidov,Citizens for European Development of Bulgaria,Bulgaria,GERB,Cleaned_NER_files/mep_party_cleaned2(1).xlsx,Sheet1,1655
Viktoria Vassileva,There Is Such a People,Bulgaria,ITN,Cleaned_NER_files/mep_party_cleaned2(1).xlsx,Sheet1,1656
Vasya Mihaylova,Not publicly affiliated,Bulgaria,,Cleaned_NER_files/mep_party_cleaned2(1).xlsx,Sheet1,1657
Colonel Nikolay Markov,Velichie,Bulgaria,Greatness,Cleaned_NER_files/mep_party_cleaned2(1).xlsx,Sheet1,1658
Kiro Brejka,Independent,Bulgaria,,Cleaned_NER_files/mep_party_cleaned2(1).xlsx,Sheet1,1659
Valentin Vatsev,Bulgarian Socialist Party,Bulgaria,BSP,Cleaned_NER_files/mep_party_cleaned2(1).xlsx,Sheet1,1660
Manol Glishev,Independent,Bulgaria,,Cleaned_NER_files/mep_party_cleaned2(1).xlsx,Sheet1,1661
Recep Tayyip Erdoğan,Justice and Development Party,Turkey,AKP,Cleaned_NER_files/mep_party_cleaned2(1).xlsx,Sheet1,1662
Sasho Dikov,Independent,Bulgaria,,Cleaned_NER_files/mep_party_cleaned2(1).xlsx,Sheet1,1663
Ivan Bedrov,Independent,Bulgaria,,Cleaned_NER_files/mep_party_cleaned2(1).xlsx,Sheet1,1664
Genka Shikerova,Independent,Bulgaria,,Cleaned_NER_files/mep_party_cleaned2(1).xlsx,Sheet1,1665
John Mearsheimer,Others,USA,Political Scientist,Cleaned_NER_files/mep_party_cleaned2(1).xlsx,Sheet1,1666
Nadezhda Mihaylova,Union of Democratic Forces,Bulgaria,SDS,Cleaned_NER_files/mep_party_cleaned2(1).xlsx,Sheet1,1667
Mihail Kambarev,We Continue the Change,Bulgaria,PP,Cleaned_NER_files/mep_party_cleaned2(1).xlsx,Sheet1,1668
Iskren Ivanov,Others,Bulgaria,Political Scientist,Cleaned_NER_files/mep_party_cleaned2(1).xlsx,Sheet1,1669
Sonya Koltuklieva,Others,Bulgaria,Journalist,Cleaned_NER_files/mep_party_cleaned2(1).xlsx,Sheet1,1670
Dinko Valev (Shivikov),Others,Bulgaria,Public Figure,Cleaned_NER_files/mep_party_cleaned2(1).xlsx,Sheet1,1671
Matteo Salvini,League,Italy,Lega,Cleaned_NER_files/mep_party_cleaned2(1).xlsx,Sheet1,1672
Ilian Vassilev,Independent,Bulgaria,,Cleaned_NER_files/mep_party_cleaned2(1).xlsx,Sheet1,1673
Hristo Petrov (Ico Hazarta),We Continue the Change,Bulgaria,PP,Cleaned_NER_files/mep_party_cleaned2(1).xlsx,Sheet1,1674
We Continue the Change (PP),We Continue the Change,Bulgaria,PP,Cleaned_NER_files/mep_party_cleaned2(1).xlsx,Sheet1,1675
Dmitry Medvedev,United Russia,Russia,,Cleaned_NER_files/mep_party_cleaned2(1).xlsx,Sheet1,1676
Steven Seagal,Others,USA,Actor,Cleaned_NER_files/mep_party_cleaned2(1).xlsx,Sheet1,1677
Mech (Sword),Sword,Bulgaria,,Cleaned_NER_files/mep_party_cleaned2(1).xlsx,Sheet1,1678
Elena Mitrofanova,Others,Russia,Russian Ambassador to Bulgaria,Cleaned_NER_files/mep_party_cleaned2(1).xlsx,Sheet1,1679
General Dinko Valev (Shivikov),Independent,Bulgaria,,Cleaned_NER_files/mep_party_cleaned2(1).xlsx,Sheet1,1680
Boyan Chukov,Independent,Bulgaria,,Cleaned_NER_files/mep_party_cleaned2(1).xlsx,Sheet1,1681
Boris Pankin,Others,Russia,Former Soviet Diplomat,Cleaned_NER_files/mep_party_cleaned2(1).xlsx,Sheet1,1682
Denitza Simeonova,Save Sofia,Bulgaria,,Cleaned_NER_files/mep_party_cleaned2(1).xlsx,Sheet1,1683
Atanas Slavov,We Continue the Change – Democratic Bulgaria,Bulgaria,PP–DB,Cleaned_NER_files/mep_party_cleaned2(1).xlsx,Sheet1,1684
Michelle Gildernew,Sinn Féin,Northern Ireland,,Cleaned_NER_files/mep_party_cleaned2(1).xlsx,Sheet1,1685
Vyara Todeva,Bulgarian Socialist Party,Bulgaria,BSP,Cleaned_NER_files/mep_party_cleaned2(1).xlsx,Sheet1,1686
Tanya Andreeva,Bulgarian Socialist Party,Bulgaria,BSP,Cleaned_NER_files/mep_party_cleaned2(1).xlsx,Sheet1,1687
Velizar Enchev,Bulgarian Socialist Party,Bulgaria,BSP,Cleaned_NER_files/mep_party_cleaned2(1).xlsx,Sheet1,1688
Paul Gavan,Sinn Féin,Ireland,,Cleaned_NER_files/mep_party_cleaned2(1).xlsx,Sheet1,1689
Grozdan Karadjov,There Is Such a People,Bulgaria,ITN,Cleaned_NER_files/mep_party_cleaned2(1).xlsx,Sheet1,1690
Ivaylo Vulchev,There Is Such a People,Bulgaria,ITN,Cleaned_NER_files/mep_party_cleaned2(1).xlsx,Sheet1,1691
Maria Walsh,Fine Gael,Ireland,,Cleaned_NER_files/mep_party_cleaned2(1).xlsx,Sheet1,1692
Ivan Hristanov,We Continue the Change,Bulgaria,PP,Cleaned_NER_files/mep_party_cleaned2(1).xlsx,Sheet1,1693
Miroslav Radacovsky,Freedom and Direct Democracy,Slovakia,SPD,Cleaned_NER_files/mep_party_cleaned2(1).xlsx,Sheet1,1694
Jeroen Lenaers,Christian Democratic Appeal,Netherlands,CDA,Cleaned_NER_files/mep_party_cleaned2(1).xlsx,Sheet1,1695
Ryszard Legutko,Law and Justice,Poland,PiS,Cleaned_NER_files/mep_party_cleaned2(1).xlsx,Sheet1,1696
Marco Zanni,League,Italy,Lega,Cleaned_NER_files/mep_party_cleaned2(1).xlsx,Sheet1,1697
Philippe Lamberts,Ecolo,Belgium,,Cleaned_NER_files/mep_party_cleaned2(1).xlsx,Sheet1,1698
Dimitar Gardev,There Is Such a People,Bulgaria,ITN,Cleaned_NER_files/mep_party_cleaned2(1).xlsx,Sheet1,1699
Dr. Alexander Simidchiev,We Continue the Change – Democratic Bulgaria,Bulgaria,PP–DB,Cleaned_NER_files/mep_party_cleaned2(1).xlsx,Sheet1,1700
Bozhidar Bozhanov,Democratic Bulgaria,Bulgaria,DB,Cleaned_NER_files/mep_party_cleaned2(1).xlsx,Sheet1,1701
Blagomir Kotzev,We Continue the Change – Democratic Bulgaria,Bulgaria,PP–DB,Cleaned_NER_files/mep_party_cleaned2(1).xlsx,Sheet1,1702
Nikola Vaptsarov,Others,Bulgaria,Historical Figure,Cleaned_NER_files/mep_party_cleaned2(1).xlsx,Sheet1,1703
Alexander Tomov,Coalition of the Roses,Bulgaria,,Cleaned_NER_files/mep_party_cleaned2(1).xlsx,Sheet1,1704
Narendra Modi,Bharatiya Janata Party,India,BJP,Cleaned_NER_files/mep_party_cleaned2(1).xlsx,Sheet1,1705
King Charles III,Others,United Kingdom,Monarch,Cleaned_NER_files/mep_party_cleaned2(1).xlsx,Sheet1,1706
Hristo Gutsanov,Bulgarian Socialist Party,Bulgaria,BSP,Cleaned_NER_files/mep_party_cleaned2(1).xlsx,Sheet1,1707
Ivo Dimchev,Others,Bulgaria,Artist,Cleaned_NER_files/mep_party_cleaned2(1).xlsx,Sheet1,1708
Sergey Shoygu,United Russia,Russia,,Cleaned_NER_files/mep_party_cleaned2(1).xlsx,Sheet1,1709
Ivo Mirchev,Democratic Bulgaria,Bulgaria,DB,Cleaned_NER_files/mep_party_cleaned2(1).xlsx,Sheet1,1710
Alina Dobreva,Others,Bulgaria,Policy Analyst,Cleaned_NER_files/mep_party_cleaned2(1).xlsx,Sheet1,1711
Bogdan Bogdanow,Others,Bulgaria,No public political affiliation,Cleaned_NER_files/mep_party_cleaned2(1).xlsx,Sheet1,1712
Margarita Gancheva,Revival,Bulgaria,Vazrazhdane,Cleaned_NER_files/mep_party_cleaned2(1).xlsx,Sheet1,1713
Gabriel Attal,La République En Marche!,France,,Cleaned_NER_files/mep_party_cleaned2(1).xlsx,Sheet1,1714
Jean Messiha,Reconquête,France,2022–present,Cleaned_NER_files/mep_party_cleaned2(1).xlsx,Sheet1,1715
Valérie Pécresse,The Republicans,France,Les Républicains,Cleaned_NER_files/mep_party_cleaned2(1).xlsx,Sheet1,1716
Laurent Wauquiez,The Republicans,France,Les Républicains,Cleaned_NER_files/mep_party_cleaned2(1).xlsx,Sheet1,1717
Marine Tondelier,Europe Ecology – The Greens,France,EELV,Cleaned_NER_files/mep_party_cleaned2(1).xlsx,Sheet1,1718
Fabien Roussel,French Communist Party,France,Parti communiste français,Cleaned_NER_files/mep_party_cleaned2(1).xlsx,Sheet1,1719
Sébastien Chenu,National Rally,France,Rassemblement National,Cleaned_NER_files/mep_party_cleaned2(1).xlsx,Sheet1,1720
Hr.Ivanov,Hristo Ivanov,"Yes, Bulgaria!",,Cleaned_NER_files/mep_party_cleaned2(1).xlsx,Sheet1,1721
Davambazki,Angel Dzambazki,Internal Macedonian Revolutionary Organization,,Cleaned_NER_files/mep_party_cleaned2(1).xlsx,Sheet1,1722
Djambazki,Angel Dzambazki,Internal Macedonian Revolutionary Organization,,Cleaned_NER_files/mep_party_cleaned2(1).xlsx,Sheet1,1723
Dzhambaski,Angel Dzambazki,Internal Macedonian Revolutionary Organization,,Cleaned_NER_files/mep_party_cleaned2(1).xlsx,Sheet1,1724
Nikolay Markov-Velichie,Nikolay Markov,Velichie,,Cleaned_NER_files/mep_party_cleaned2(1).xlsx,Sheet1,1725
Kiril Vesselinski,Kiril Veselinski,"Morality, Unity, Honour",,Cleaned_NER_files/mep_party_cleaned2(1).xlsx,Sheet1,1726
Волен Сидеров,Volen Siderov,Attack,,Cleaned_NER_files/mep_party_cleaned2(1).xlsx,Sheet1,1727
Osman Octai,Osman Oktay,Movement for rights and freedoms,,Cleaned_NER_files/mep_party_cleaned2(1).xlsx,Sheet1,1728
K. Kostadionov,Kostadin Kostadinov,Revival,,Cleaned_NER_files/mep_party_cleaned2(1).xlsx,Sheet1,1729
Agnel Djambazki,Angel Dzambazki,Internal Macedonian Revolutionary Organization,,Cleaned_NER_files/mep_party_cleaned2(1).xlsx,Sheet1,1730
Tsoncho Ganev-Revival,Tsoncho Ganev,Revival,,Cleaned_NER_files/mep_party_cleaned2(1).xlsx,Sheet1,1731
Borssiov,Boyko Borissov,GERB,,Cleaned_NER_files/mep_party_cleaned2(1).xlsx,Sheet1,1732
collonel Markov,Nikolay Markov,Velichie,,Cleaned_NER_files/mep_party_cleaned2(1).xlsx,Sheet1,1733
Vucic,Aleksandar Vučić,Serbian Progressive Party,,Cleaned_NER_files/mep_party_cleaned2(1).xlsx,Sheet1,1734
Erdogan,Recep Tayyip Erdoğan,Justice and Development Party,,Cleaned_NER_files/mep_party_cleaned2(1).xlsx,Sheet1,1735
Borisov,Boyko Borisov,GERB,,Cleaned_NER_files/mep_party_cleaned2(1).xlsx,Sheet1,1736
col. Markov,Nikolay Markov,Velichie,,Cleaned_NER_files/mep_party_cleaned2(1).xlsx,Sheet1,1737
MarkovAsen Vassilev,Nikolay Markov and Assen Vassilev,"Velichie, We Continue the Change-Democratic Bulgaria",,Cleaned_NER_files/mep_party_cleaned2(1).xlsx,Sheet1,1738
Makron,Emmanuel Macron,Renaissance,,Cleaned_NER_files/mep_party_cleaned2(1).xlsx,Sheet1,1739
Janis Varufakis,Yanis Varoufakis,Democracy in Europe Movement 2025,,Cleaned_NER_files/mep_party_cleaned2(1).xlsx,Sheet1,1740
Drenchev,Nikolay Drenchev,Velichie,,Cleaned_NER_files/mep_party_cleaned2(1).xlsx,Sheet1,1741
Peevksi,Delyan Peevski,MRF,,Cleaned_NER_files/mep_party_cleaned2(1).xlsx,Sheet1,1742
Gutzanov,Borislav Gutzanov,BSP,,Cleaned_NER_files/mep_party_cleaned2(1).xlsx,Sheet1,1743
Veber,Manfred Weber,Christian Social Union,,Cleaned_NER_files/mep_party_cleaned2(1).xlsx,Sheet1,1744
Robert Shuman,Robert Schuman,Popular Republican Movement,,Cleaned_NER_files/mep_party_cleaned2(1).xlsx,Sheet1,1745
Stephane Sejourne,Stéphane Séjourné,Renaissance,,Cleaned_NER_files/mep_party_cleaned2(1).xlsx,Sheet1,1746
Schirdewan-Left,Martin Schirdewan,The Left,,Cleaned_NER_files/mep_party_cleaned2(1).xlsx,Sheet1,1747
Zanni-ID,Marco Zanni,Lega,,Cleaned_NER_files/mep_party_cleaned2(1).xlsx,Sheet1,1748
Lamberts-Greens,Philippe Lamberts,Ecolo,,Cleaned_NER_files/mep_party_cleaned2(1).xlsx,Sheet1,1749
Pevski,Delyan Peevski,Movement for rights and freedoms,,Cleaned_NER_files/mep_party_cleaned2(1).xlsx,Sheet1,1750
Alexander Vuchich,Alexander Vučić,Serbian Progressive Party,,Cleaned_NER_files/mep_party_cleaned2(1).xlsx,Sheet1,1751
Vollodimir Zelenski,Volodymyr Zelenskyy,Servant of the People,,Cleaned_NER_files/mep_party_cleaned2(1).xlsx,Sheet1,1752
Dzevdet Tchakarov,Dzhevdet Chakarov,Movement for rights and freedoms,,Cleaned_NER_files/mep_party_cleaned2(1).xlsx,Sheet1,1753
col. markov,Nikolay Markov,Velichie,,Cleaned_NER_files/mep_party_cleaned2(1).xlsx,Sheet1,1754
G. Bush,George Bush,Republican Party,,Cleaned_NER_files/mep_party_cleaned2(1).xlsx,Sheet1,1755
Mazzola,Roberta Metsola,Nationalist Party,,Cleaned_NER_files/mep_party_cleaned2(1).xlsx,Sheet1,1756
Nadevda Jordanova,Nadezhda Yordanova,We Continue the Change - Democratic Bulgaria,,Cleaned_NER_files/mep_party_cleaned2(1).xlsx,Sheet1,1757
Жасил Бозхкож,Vasil Bozhkov,Center,,Cleaned_NER_files/mep_party_cleaned2(1).xlsx,Sheet1,1758
Maya_Manolova,Maya Manolova,Solidary Bulgaria,,Cleaned_NER_files/mep_party_cleaned2(1).xlsx,Sheet1,1759
Vanya.gri,Vanya Grigorova,Solidary Bulgaria,,Cleaned_NER_files/mep_party_cleaned2(1).xlsx,Sheet1,1760
Wiedel,Alice Weidel,Alternative for Germany,,Cleaned_NER_files/mep_party_cleaned2(1).xlsx,Sheet1,1761
Konstantin von Notz,Konstantin von Notz,The Greens,,Cleaned_NER_files/mep_party_cleaned2(1).xlsx,Sheet1,1762
Wagenecht,Sahra Wagenknecht,Sahra Wagenknecht Alliance,,Cleaned_NER_files/mep_party_cleaned2(1).xlsx,Sheet1,1763
Robin Mesarosch,Robin Mesarosch,Social Democratic Party,,Cleaned_NER_files/mep_party_cleaned2(1).xlsx,Sheet1,1764
Heidi Reichinnek,Heidi Reichinnek,The Left,,Cleaned_NER_files/mep_party_cleaned2(1).xlsx,Sheet1,1765
STreck-Zimmerman,Marie-Agnes Strack-Zimmermann,Free Democratic Party,,Cleaned_NER_files/mep_party_cleaned2(1).xlsx,Sheet1,1766
Katrin Goering Eckert,Katrin Göring-Eckardt,The Greens,,Cleaned_NER_files/mep_party_cleaned2(1).xlsx,Sheet1,1767
Nancy Faeser,Nancy Faeser,Social Democratic Party,,Cleaned_NER_files/mep_party_cleaned2(1).xlsx,Sheet1,1768
Stephan Brandner,Stephan Brandner,Alternative for Germany,,Cleaned_NER_files/mep_party_cleaned2(1).xlsx,Sheet1,1769
Krass,Maximilian Krah,Alternative for Germany,,Cleaned_NER_files/mep_party_cleaned2(1).xlsx,Sheet1,1770
Georg Massen,Hans-Georg Maaßen,Values Union,,Cleaned_NER_files/mep_party_cleaned2(1).xlsx,Sheet1,1771
Jens Spahn,Jens Spahn,Christian Democratic Union,,Cleaned_NER_files/mep_party_cleaned2(1).xlsx,Sheet1,1772
Gottfried Curio,Gottfried Curio,Alternative for Germany,,Cleaned_NER_files/mep_party_cleaned2(1).xlsx,Sheet1,1773
Teri,Terry Reintke,The Greens,,Cleaned_NER_files/mep_party_cleaned2(1).xlsx,Sheet1,1774
Maxim. Krah,Maximilian Krah,Alternative for Germany,,Cleaned_NER_files/mep_party_cleaned2(1).xlsx,Sheet1,1775
Höck,Björn Höcke,Alternative for Germany,,Cleaned_NER_files/mep_party_cleaned2(1).xlsx,Sheet1,1776
DL,Ursula von der Leyen,Christian Democratic Union,,Cleaned_NER_files/mep_party_cleaned2(1).xlsx,Sheet1,1777
Max. Krah,Maximilian Krah,Alternative for Germany,,Cleaned_NER_files/mep_party_cleaned2(1).xlsx,Sheet1,1778
Max Krah,Maximilian Krah,Alternative for Germany,,Cleaned_NER_files/mep_party_cleaned2(1).xlsx,Sheet1,1779
Ursula VDL,Ursula von der Leyen,Christian Democratic Union,,Cleaned_NER_files/mep_party_cleaned2(1).xlsx,Sheet1,1780
Marie-Agnes X-Zimmerman,Marie-Agnes Strack-Zimmermann,Free Democratic Party,,Cleaned_NER_files/mep_party_cleaned2(1).xlsx,Sheet1,1781
Max Krahl,Maximilian Krah,Alternative for Germany,,Cleaned_NER_files/mep_party_cleaned2(1).xlsx,Sheet1,1782
VDL,Ursula von der Leyen,Christian Democratic Union,,Cleaned_NER_files/mep_party_cleaned2(1).xlsx,Sheet1,1783
SW,Sahra Wagenknecht,Sahra Wagenknecht Alliance,,Cleaned_NER_files/mep_party_cleaned2(1).xlsx,Sheet1,1784
Max. Krahl,Maximilian Krah,Alternative for Germany,,Cleaned_NER_files/mep_party_cleaned2(1).xlsx,Sheet1,1785
Steinmeir,Frank-Walter Steinmeier,Social Democratic Party,,Cleaned_NER_files/mep_party_cleaned2(1).xlsx,Sheet1,1786
Strack-Zimmerman,Marie-Agnes Strack-Zimmermann,Free Democratic Party,,Cleaned_NER_files/mep_party_cleaned2(1).xlsx,Sheet1,1787
Nancy Faser,Nancy Faeser,Social Democratic Party,,Cleaned_NER_files/mep_party_cleaned2(1).xlsx,Sheet1,1788
U VDL,Ursula von der Leyen,Christian Democratic Union,,Cleaned_NER_files/mep_party_cleaned2(1).xlsx,Sheet1,1789
U. VdL,Ursula von der Leyen,Christian Democratic Union,,Cleaned_NER_files/mep_party_cleaned2(1).xlsx,Sheet1,1790
Fred. Merz,Friedrich Merz,Christian Democratic Union,,Cleaned_NER_files/mep_party_cleaned2(1).xlsx,Sheet1,1791
Amid Nourpour,Omid Nouripour,The Greens,,Cleaned_NER_files/mep_party_cleaned2(1).xlsx,Sheet1,1792
Krall,Markus Krall,Values Union,,Cleaned_NER_files/mep_party_cleaned2(1).xlsx,Sheet1,1793
Urs.,Ursula von der Leyen,Christian Democratic Union,,Cleaned_NER_files/mep_party_cleaned2(1).xlsx,Sheet1,1794
Miersch,Matthias Miersch,Social Democratic Party,,Cleaned_NER_files/mep_party_cleaned2(1).xlsx,Sheet1,1795
Mesarosch,Robin Mesarosch,Social Democratic Party,,Cleaned_NER_files/mep_party_cleaned2(1).xlsx,Sheet1,1796
M-A Zimmerman,Marie-Agnes Strack-Zimmermann,Free Democratic Party,,Cleaned_NER_files/mep_party_cleaned2(1).xlsx,Sheet1,1797
Zimmerman,Marie-Agnes Strack-Zimmermann,Free Democratic Party,,Cleaned_NER_files/mep_party_cleaned2(1).xlsx,Sheet1,1798
Usuala,Ursula von der Leyen,Christian Democratic Union,,Cleaned_NER_files/mep_party_cleaned2(1).xlsx,Sheet1,1799
Georg Maassen,Hans-Georg Maaßen,Values Union,,Cleaned_NER_files/mep_party_cleaned2(1).xlsx,Sheet1,1800
Soeder,Markus Söder,Christian Social Union in Bavaria,,Cleaned_NER_files/mep_party_cleaned2(1).xlsx,Sheet1,1801
Caro Ra,Carola Rackete,Independent,,Cleaned_NER_files/mep_party_cleaned2(1).xlsx,Sheet1,1802
cket,Carola Rackete,Independent,,Cleaned_NER_files/mep_party_cleaned2(1).xlsx,Sheet1,1803
Habeck/Greens,Robert Habeck,The Greens,,Cleaned_NER_files/mep_party_cleaned2(1).xlsx,Sheet1,1804
Kuehnert,Kevin Kühnert,Social Democratic Party,,Cleaned_NER_files/mep_party_cleaned2(1).xlsx,Sheet1,1805
Haback,Robert Habeck,The Greens,,Cleaned_NER_files/mep_party_cleaned2(1).xlsx,Sheet1,1806
Frau Zimmerman,Marie-Agnes Strack-Zimmermann,Free Democratic Party,,Cleaned_NER_files/mep_party_cleaned2(1).xlsx,Sheet1,1807
P. Armthor,Philipp Amthor,Christian Democratic Union,,Cleaned_NER_files/mep_party_cleaned2(1).xlsx,Sheet1,1808
Marie S-Z,Marie-Agnes Strack-Zimmermann,Free Democratic Party,,Cleaned_NER_files/mep_party_cleaned2(1).xlsx,Sheet1,1809
Urs,Ursula von der Leyen,Christian Democratic Union,,Cleaned_NER_files/mep_party_cleaned2(1).xlsx,Sheet1,1810
Halbeck,Robert Habeck,The Greens,,Cleaned_NER_files/mep_party_cleaned2(1).xlsx,Sheet1,1811
Ursula vdL,Ursula von der Leyen,Christian Democratic Union,,Cleaned_NER_files/mep_party_cleaned2(1).xlsx,Sheet1,1812
U. vdL,Ursula von der Leyen,Christian Democratic Union,,Cleaned_NER_files/mep_party_cleaned2(1).xlsx,Sheet1,1813
Ione Belorre,Ione Belarra Urteaga,PODEMOS,,Cleaned_NER_files/mep_party_cleaned2(1).xlsx,Sheet1,1814
Yolamsa Díaz,Yolanda Díaz Pérez,Communist Party of Spain,,Cleaned_NER_files/mep_party_cleaned2(1).xlsx,Sheet1,1815
JMAlbares,José Manuel Albares Bueno,Spanish Socialist Workers' Party,,Cleaned_NER_files/mep_party_cleaned2(1).xlsx,Sheet1,1816
AMLO,Andrés Manuel López Obrador,National Regeneration Movement,,Cleaned_NER_files/mep_party_cleaned2(1).xlsx,Sheet1,1817
Emilio Delgado,Emilio Delgado,PODEMOS,,Cleaned_NER_files/mep_party_cleaned2(1).xlsx,Sheet1,1818
Cristina Fernándeez,Cristina Fernández de Kirchner,Justicialist party,,Cleaned_NER_files/mep_party_cleaned2(1).xlsx,Sheet1,1819
JM Albares,José Manuel Albares Bueno,Spanish Socialist Workers' Party,,Cleaned_NER_files/mep_party_cleaned2(1).xlsx,Sheet1,1820
Manuel García-Castellón,Manuel García-Castellón y García-Lomas,,,Cleaned_NER_files/mep_party_cleaned2(1).xlsx,Sheet1,1821
Carlos H Quero,Carlos Hernández Quero,VOX,,Cleaned_NER_files/mep_party_cleaned2(1).xlsx,Sheet1,1822
G. Rufián,Juan Gabriel Rufián Romero,Republican Left of Catalonia,,Cleaned_NER_files/mep_party_cleaned2(1).xlsx,Sheet1,1823
Rufian,Juan Gabriel Rufián Romero,Republican Left of Catalonia,,Cleaned_NER_files/mep_party_cleaned2(1).xlsx,Sheet1,1824
JL Albares,J​osé Manuel Albares Bueno,Spanish Socialist Workers' Party,,Cleaned_NER_files/mep_party_cleaned2(1).xlsx,Sheet1,1825
Miguel Pascual,Miguel Pascual,VOX,,Cleaned_NER_files/mep_party_cleaned2(1).xlsx,Sheet1,1826
G. Rufián,Juan Gabriel Rufián Romero,Republican Left of Catalonia,,Cleaned_NER_files/mep_party_cleaned2(1).xlsx,Sheet1,1827
Rufian,Juan Gabriel Rufián Romero,Republican Left of Catalonia,,Cleaned_NER_files/mep_party_cleaned2(1).xlsx,Sheet1,1828
JL Albares,J​osé Manuel Albares Bueno,Spanish Socialist Workers' Party,,Cleaned_NER_files/mep_party_cleaned2(1).xlsx,Sheet1,1829
MJ Montero,María Jesús Montero,Spanish Socialist Workers' Party,,Cleaned_NER_files/mep_party_cleaned2(1).xlsx,Sheet1,1830
G Rufián,Juan Gabriel Rufián Romero,Republican Left of Catalonia,,Cleaned_NER_files/mep_party_cleaned2(1).xlsx,Sheet1,1831
juralde,Juan López de Uralde,Green Alliance,,Cleaned_NER_files/mep_party_cleaned2(1).xlsx,Sheet1,1832
Feijoo,Alberto Núñez Feijóo,Spanish People's Party,,Cleaned_NER_files/mep_party_cleaned2(1).xlsx,Sheet1,1833
jm albares,J​osé Manuel Albares Bueno,Spanish Socialist Workers' Party,,Cleaned_NER_files/mep_party_cleaned2(1).xlsx,Sheet1,1834
Maria Montero,María Jesús Montero Cuadrad,Spanish Socialist Workers' Party,,Cleaned_NER_files/mep_party_cleaned2(1).xlsx,Sheet1,1835
jmalbares,J​osé Manuel Albares Bueno,Spanish Socialist Workers' Party,,Cleaned_NER_files/mep_party_cleaned2(1).xlsx,Sheet1,1836
Nuria Montes,Nuria Montes de Diego,People's Party,,Cleaned_NER_files/mep_party_cleaned2(1).xlsx,Sheet1,1837
Diaz Ayuso,Isabel Natividad Díaz Ayuso,People's Party,,Cleaned_NER_files/mep_party_cleaned2(1).xlsx,Sheet1,1838
pablo_echenique_,Pablo Echenique,PODEMOS,,Cleaned_NER_files/mep_party_cleaned2(1).xlsx,Sheet1,1839
Bertrand Ndongo,Yves Bertrand Ndongo,VOX,,Cleaned_NER_files/mep_party_cleaned2(1).xlsx,Sheet1,1840
Almeida,José Luis Martínez-Almeida,People's Party,,Cleaned_NER_files/mep_party_cleaned2(1).xlsx,Sheet1,1841
ionebelarra,Ione Belarra Urteaga,PODEMOS,,Cleaned_NER_files/mep_party_cleaned2(1).xlsx,Sheet1,1842
emilio delgado,Emilio Delgado,SUMAR,,Cleaned_NER_files/mep_party_cleaned2(1).xlsx,Sheet1,1843
Perez,Alvise Pérez,The Party is Over,,Cleaned_NER_files/mep_party_cleaned2(1).xlsx,Sheet1,1844
diaz ayuso,Isabel Natividad Díaz Ayuso,People's Party,,Cleaned_NER_files/mep_party_cleaned2(1).xlsx,Sheet1,1845
MJ montero,María Jesús Montero,Spanish Socialist Workers' Party,,Cleaned_NER_files/mep_party_cleaned2(1).xlsx,Sheet1,1846
galan,Estrella Galán Pérez,SUMAR,,Cleaned_NER_files/mep_party_cleaned2(1).xlsx,Sheet1,1847
Errejon,Íñigo Errejón,SUMAR,,Cleaned_NER_files/mep_party_cleaned2(1).xlsx,Sheet1,1848
Fatima,Fátima Hamed Hossain,Movement for Dignity and Citizenship,,Cleaned_NER_files/mep_party_cleaned2(1).xlsx,Sheet1,1849
Maria Corina,María Corina Machado,Súmate,,Cleaned_NER_files/mep_party_cleaned2(1).xlsx,Sheet1,1850
Netanjahu,Benjamin Netanyahu,LIKUD,,Cleaned_NER_files/mep_party_cleaned2(1).xlsx,Sheet1,1851
JL Abalos,José Luis Ábalos,Spanish Socialist Workers' Party,,Cleaned_NER_files/mep_party_cleaned2(1).xlsx,Sheet1,1852
Gonzalo Oro,Gonzalo de Oro,VOX,,Cleaned_NER_files/mep_party_cleaned2(1).xlsx,Sheet1,1853
José Luis Martínez Almmeidaa,José Luis Martínez-Almeida,People's Party,,Cleaned_NER_files/mep_party_cleaned2(1).xlsx,Sheet1,1854
JL Martínez Almeida,José Luis Martínez-Almeida,People's Party,,Cleaned_NER_files/mep_party_cleaned2(1).xlsx,Sheet1,1855
JM Margallo,José Manuel García-Margallo,People's Party,,Cleaned_NER_files/mep_party_cleaned2(1).xlsx,Sheet1,1856
mjcatala,María José Catalá,People's Party,,Cleaned_NER_files/mep_party_cleaned2(1).xlsx,Sheet1,1857
i_montero,Irene Montero,PODEMOS,,Cleaned_NER_files/mep_party_cleaned2(1).xlsx,Sheet1,1858
Oscar Puentes,Óscar Puente,Spanish Socialist Workers' Party,,Cleaned_NER_files/mep_party_cleaned2(1).xlsx,Sheet1,1859
pablobustinduy,Pablo Bustinduy,PODEMOS,,Cleaned_NER_files/mep_party_cleaned2(1).xlsx,Sheet1,1860
D. Ayuso,Isabel Díaz Ayuso,People's Party,,Cleaned_NER_files/mep_party_cleaned2(1).xlsx,Sheet1,1861
Garcia Page,Emiliano García-Page,Spanish Socialist Workers' Party,,Cleaned_NER_files/mep_party_cleaned2(1).xlsx,Sheet1,1862
Feiijóo,Alberto Núñez Feijóo,People's Party,,Cleaned_NER_files/mep_party_cleaned2(1).xlsx,Sheet1,1863
i_montero_,Irene Montero,PODEMOS,,Cleaned_NER_files/mep_party_cleaned2(1).xlsx,Sheet1,1864
Azcon,Jorge Azcón,People's Party,,Cleaned_NER_files/mep_party_cleaned2(1).xlsx,Sheet1,1865
Emlio delgado,Emilio Delgado,SUMAR,,Cleaned_NER_files/mep_party_cleaned2(1).xlsx,Sheet1,1866
rita_maestre,Rita Maestre,SUMAR,,Cleaned_NER_files/mep_party_cleaned2(1).xlsx,Sheet1,1867
jorge_pueyo,Jorge Pueyo,SUMAR,,Cleaned_NER_files/mep_party_cleaned2(1).xlsx,Sheet1,1868
Joanbaldovi,Joan Baldoví,SUMAR,,Cleaned_NER_files/mep_party_cleaned2(1).xlsx,Sheet1,1869
Pepe Mujica,José Mujica,Movement of Popular Participation,,Cleaned_NER_files/mep_party_cleaned2(1).xlsx,Sheet1,1870
Yolanda Morpe,Yolanda Morales Pérez,Animalist party,,Cleaned_NER_files/mep_party_cleaned2(1).xlsx,Sheet1,1871
joanbaldovi,Joan Baldoví,SUMAR,,Cleaned_NER_files/mep_party_cleaned2(1).xlsx,Sheet1,1872
monicagarciag,Mónica García,SUMAR,,Cleaned_NER_files/mep_party_cleaned2(1).xlsx,Sheet1,1873
marotoreyes,Reyes Maroto,Spanish Socialist Workers' Party,,Cleaned_NER_files/mep_party_cleaned2(1).xlsx,Sheet1,1874
javi_guardiola,Javier Guardiola,Spanish Socialist Workers' Party,,Cleaned_NER_files/mep_party_cleaned2(1).xlsx,Sheet1,1875
Ana Redondo,Ana Redondo García,Spanish Socialist Workers' Party,,Cleaned_NER_files/mep_party_cleaned2(1).xlsx,Sheet1,1876
monicagarciag_,Mónica García,SUMAR,,Cleaned_NER_files/mep_party_cleaned2(1).xlsx,Sheet1,1877
pepe mujica,José Mujica,Movement of Popular Participation,,Cleaned_NER_files/mep_party_cleaned2(1).xlsx,Sheet1,1878
eduardo zaplana,Eduardo Zaplana,People's Party,,Cleaned_NER_files/mep_party_cleaned2(1).xlsx,Sheet1,1879
rodriguez zapatero,José Luis Rodríguez Zapatero,Spanish Socialist Workers' Party,,Cleaned_NER_files/mep_party_cleaned2(1).xlsx,Sheet1,1880
Manuel Bautista,Manuel Bautista,People's Party,,Cleaned_NER_files/mep_party_cleaned2(1).xlsx,Sheet1,1881
Juan Diego Requena,Juan Diego Requena,People's Party,,Cleaned_NER_files/mep_party_cleaned2(1).xlsx,Sheet1,1882
Papa Francusco,Pope Francis,,,Cleaned_NER_files/mep_party_cleaned2(1).xlsx,Sheet1,1883
Cristina García Salazar,Cristina García,Animalist party,,Cleaned_NER_files/mep_party_cleaned2(1).xlsx,Sheet1,1884
MJMontero,María Jesús Montero,Spanish Socialist Workers' Party,,Cleaned_NER_files/mep_party_cleaned2(1).xlsx,Sheet1,1885
edelgadorgaz,Emilio Delgado,SUMAR,,Cleaned_NER_files/mep_party_cleaned2(1).xlsx,Sheet1,1886
Buxade,Jorge Buxadé,VOX,,Cleaned_NER_files/mep_party_cleaned2(1).xlsx,Sheet1,1887
Jose Maria Aznar,José María Aznar,People's Party,,Cleaned_NER_files/mep_party_cleaned2(1).xlsx,Sheet1,1888
Marco Buschmann,Marco Buschmann,Free Democratic Party,,Cleaned_NER_files/mep_party_cleaned2(1).xlsx,Sheet1,1889
David García,David García,VOX,,Cleaned_NER_files/mep_party_cleaned2(1).xlsx,Sheet1,1890
errejon,Íñigo Errejón,SUMAR,,Cleaned_NER_files/mep_party_cleaned2(1).xlsx,Sheet1,1891
feijoo,Alberto Núñez Feijóo,People's Party,,Cleaned_NER_files/mep_party_cleaned2(1).xlsx,Sheet1,1892
carlesesteveaparicio,Carlos Esteve Aparicio,SUMAR,,Cleaned_NER_files/mep_party_cleaned2(1).xlsx,Sheet1,1893
Jorge Garriga,Ignacio Garriga,VOX,,Cleaned_NER_files/mep_party_cleaned2(1).xlsx,Sheet1,1894
pepe mujico,José Mujica,Movement of Popular Participation,,Cleaned_NER_files/mep_party_cleaned2(1).xlsx,Sheet1,1895
jorge pueyo,Jorge Pueyo,SUMAR,,Cleaned_NER_files/mep_party_cleaned2(1).xlsx,Sheet1,1896
carla_antonelli,Carla Antonelli,Spanish Socialist Workers' Party,,Cleaned_NER_files/mep_party_cleaned2(1).xlsx,Sheet1,1897
Ana Cuartero,Ana Cuartero,VOX,,Cleaned_NER_files/mep_party_cleaned2(1).xlsx,Sheet1,1898
Puigdemonnt,Carles Puigdemont,Together for Catalonia,,Cleaned_NER_files/mep_party_cleaned2(1).xlsx,Sheet1,1899
Ben Z.,Ben Zyskowich,National Coalition,,Cleaned_NER_files/mep_party_cleaned2(1).xlsx,Sheet1,1900
Ben Z,Ben Zyskowich,National Coalition,,Cleaned_NER_files/mep_party_cleaned2(1).xlsx,Sheet1,1901
Netanjahu,Benjamin Netanyahu,Likud,,Cleaned_NER_files/mep_party_cleaned2(1).xlsx,Sheet1,1902
Terapeutti Ville,Ville Merinen,Social Democratic Party of Finland,,Cleaned_NER_files/mep_party_cleaned2(1).xlsx,Sheet1,1903
PerttuJussila,Perttu Jussila,Green League,,Cleaned_NER_files/mep_party_cleaned2(1).xlsx,Sheet1,1904
Lintila,Mika Lintilä,Centre Party,,Cleaned_NER_files/mep_party_cleaned2(1).xlsx,Sheet1,1905
Träsckbäck,Jocka Träskbäck,National Coalition,,Cleaned_NER_files/mep_party_cleaned2(1).xlsx,Sheet1,1906
Alex Stubb,Alexander Stubb,President of Finland,,Cleaned_NER_files/mep_party_cleaned2(1).xlsx,Sheet1,1907
Harkomo Orpo,"Hjallis Harkimo, Petteri Orpo","Movement Now, National Coalition",,Cleaned_NER_files/mep_party_cleaned2(1).xlsx,Sheet1,1908
jockaman,Jocka Träskbäck,National Coalition,,Cleaned_NER_files/mep_party_cleaned2(1).xlsx,Sheet1,1909
Paakki,Valtteri Paakki,Centre Party,,Cleaned_NER_files/mep_party_cleaned2(1).xlsx,Sheet1,1910
Hop,Inka Hopsu,Green League,,Cleaned_NER_files/mep_party_cleaned2(1).xlsx,Sheet1,1911
Seitteenranta,Sauli Seittenranta,National Coalition,,Cleaned_NER_files/mep_party_cleaned2(1).xlsx,Sheet1,1912
Kuivalainen,Maija Kuivalainen,Left Alliance,,Cleaned_NER_files/mep_party_cleaned2(1).xlsx,Sheet1,1913
President Pavel,Petr Pavel,President of Czech Republic,,Cleaned_NER_files/mep_party_cleaned2(1).xlsx,Sheet1,1914
Byman,Oscar Byman,Swedish People's Party of Finland,,Cleaned_NER_files/mep_party_cleaned2(1).xlsx,Sheet1,1915
Miala,Maria Miala,National Coalition,,Cleaned_NER_files/mep_party_cleaned2(1).xlsx,Sheet1,1916
Marjo Matikainen,Marjo Matikainen-Kallström,National Coalition,,Cleaned_NER_files/mep_party_cleaned2(1).xlsx,Sheet1,1917
Sigfrids,Frida Sigfrids,Swedish People's Party of Finland,,Cleaned_NER_files/mep_party_cleaned2(1).xlsx,Sheet1,1918
Westerholm,Anita Westerholm,Swedish People's Party of Finland,,Cleaned_NER_files/mep_party_cleaned2(1).xlsx,Sheet1,1919
atteh,Atte Harjanne,Green League,,Cleaned_NER_files/mep_party_cleaned2(1).xlsx,Sheet1,1920
Terapeutti Ville,Ville Merinen,Social Democratic Party of Finland,,Cleaned_NER_files/mep_party_cleaned2(1).xlsx,Sheet1,1921
SHuff,Shawn Huff,Green League,,Cleaned_NER_files/mep_party_cleaned2(1).xlsx,Sheet1,1922
Jean Marc Zulesi,Jean-Marc Zulesi,Renaissance,,Cleaned_NER_files/mep_party_cleaned2(1).xlsx,Sheet1,1923
Bardellat,Jordan Bardella,National Rally,,Cleaned_NER_files/mep_party_cleaned2(1).xlsx,Sheet1,1924
Deffontaines,Léon Deffontaines,French Communist Party,,Cleaned_NER_files/mep_party_cleaned2(1).xlsx,Sheet1,1925
Gluksman,Raphaël Glucksmann,Public Square,,Cleaned_NER_files/mep_party_cleaned2(1).xlsx,Sheet1,1926
Melenchon,Jean-Luc Melenchon,France Unbowed,,Cleaned_NER_files/mep_party_cleaned2(1).xlsx,Sheet1,1927
Rubi Le Maire,Bruno Le Maire,Renaissance,,Cleaned_NER_files/mep_party_cleaned2(1).xlsx,Sheet1,1928
JL Melenchon,Jean-Luc Melenchon,France Unbowed,,Cleaned_NER_files/mep_party_cleaned2(1).xlsx,Sheet1,1929
Gluksmann,Raphaël Glucksmann,Public Square,,Cleaned_NER_files/mep_party_cleaned2(1).xlsx,Sheet1,1930
FX Bellamy,François-Xavier Bellamy,The Republicans,,Cleaned_NER_files/mep_party_cleaned2(1).xlsx,Sheet1,1931
Lisnard,David Lisnard,The Republicans,,Cleaned_NER_files/mep_party_cleaned2(1).xlsx,Sheet1,1932
FX,François-Xavier Bellamy,The Republicans,,Cleaned_NER_files/mep_party_cleaned2(1).xlsx,Sheet1,1933
Bordella,Jordan Bardella,National Rally,,Cleaned_NER_files/mep_party_cleaned2(1).xlsx,Sheet1,1934
Ciotti,Éric Ciotti,The Republicans,,Cleaned_NER_files/mep_party_cleaned2(1).xlsx,Sheet1,1935
Ruffin,François Ruffin,France Unbowed,,Cleaned_NER_files/mep_party_cleaned2(1).xlsx,Sheet1,1936
Leffontaines,Léon Deffontaines,French Communist Party,,Cleaned_NER_files/mep_party_cleaned2(1).xlsx,Sheet1,1937
ontaines,Léon Deffontaines,French Communist Party,,Cleaned_NER_files/mep_party_cleaned2(1).xlsx,Sheet1,1938
Valery Hayer,Valérie Hayer,Renaissance,,Cleaned_NER_files/mep_party_cleaned2(1).xlsx,Sheet1,1939
Rachida Daty,Rachida Dati,The Republicans; now independent,,Cleaned_NER_files/mep_party_cleaned2(1).xlsx,Sheet1,1940
Bompart,Manuel Bompard,France Unbowed,,Cleaned_NER_files/mep_party_cleaned2(1).xlsx,Sheet1,1941
Eric Ciotti,Éric Ciotti,The Republicans,,Cleaned_NER_files/mep_party_cleaned2(1).xlsx,Sheet1,1942
Fx Bellamy,François-Xavier Bellamy,The Republicans,,Cleaned_NER_files/mep_party_cleaned2(1).xlsx,Sheet1,1943
Asselinau,François Asselineau,Rally for France,,Cleaned_NER_files/mep_party_cleaned2(1).xlsx,Sheet1,1944
Bompardb,Manuel Bompard,France Unbowed,,Cleaned_NER_files/mep_party_cleaned2(1).xlsx,Sheet1,1945
Zemoour,Éric Zemmour,Reconquest,,Cleaned_NER_files/mep_party_cleaned2(1).xlsx,Sheet1,1946
Stipe Mlinarić Ćipe,Stipo Mlinarić,Homeland Movement,,Cleaned_NER_files/mep_party_cleaned2(1).xlsx,Sheet1,1947
Urša Raukar Gamulin,Urša Raukar Gamulin,We can!,,Cleaned_NER_files/mep_party_cleaned2(1).xlsx,Sheet1,1948
StipoMlinarić,Stipo Mlinarić,Homeland Movement,,Cleaned_NER_files/mep_party_cleaned2(1).xlsx,Sheet1,1949
Dušica Radojčić,Dušica Radojčić,We can!,,Cleaned_NER_files/mep_party_cleaned2(1).xlsx,Sheet1,1950
Damir Bakić,Damir Bakić,We can!,,Cleaned_NER_files/mep_party_cleaned2(1).xlsx,Sheet1,1951
Gavin Newsom,Gavin Newsom,Democratic Party,,Cleaned_NER_files/mep_party_cleaned2(1).xlsx,Sheet1,1952
Danijela Dolenec,Danijela Dolenec,We can!,,Cleaned_NER_files/mep_party_cleaned2(1).xlsx,Sheet1,1953
Lina Khan,Lina Khan,Democratic Party,,Cleaned_NER_files/mep_party_cleaned2(1).xlsx,Sheet1,1954
Gabriela Bošnjak,Gabriela Bošnjak,Croatian Social Liberal Party,,Cleaned_NER_files/mep_party_cleaned2(1).xlsx,Sheet1,1955
Myriakos Misotakis,Kyriakos Mitsotakis,New Democracy,,Cleaned_NER_files/mep_party_cleaned2(1).xlsx,Sheet1,1956
Ulf Krist,Ulf Kristersson,Moderate Party,,Cleaned_NER_files/mep_party_cleaned2(1).xlsx,Sheet1,1957
Gabrijela Bošnjak,Gabriela Bošnjak,Croatian Social Liberal Party,,Cleaned_NER_files/mep_party_cleaned2(1).xlsx,Sheet1,1958
Luka Kraljević,Luka Kraljević,Republic,,Cleaned_NER_files/mep_party_cleaned2(1).xlsx,Sheet1,1959
Johannes Rauch,Johannes Rauch,The Greens – The Green Alternative,,Cleaned_NER_files/mep_party_cleaned2(1).xlsx,Sheet1,1960
Ivica Dačić,Ivica Dačić,Socialist Party of Serbia,,Cleaned_NER_files/mep_party_cleaned2(1).xlsx,Sheet1,1961
Alessandra Todde,Alessandra Todde,Five Star Movement,,Cleaned_NER_files/mep_party_cleaned2(1).xlsx,Sheet1,1962
Viola Amherd,Viola Amherd,The Centre,,Cleaned_NER_files/mep_party_cleaned2(1).xlsx,Sheet1,1963
Duro Dora,Dúró Dóra,Our Homeland Movement,,Cleaned_NER_files/mep_party_cleaned2(1).xlsx,Sheet1,1964
Torockay,Toroczkai László,Our Homeland Movement,,Cleaned_NER_files/mep_party_cleaned2(1).xlsx,Sheet1,1965
Nagy Ervin,Nagy Ervin,TISZA Party,,Cleaned_NER_files/mep_party_cleaned2(1).xlsx,Sheet1,1966
torockai,Toroczkai László,Our Homeland Movement,,Cleaned_NER_files/mep_party_cleaned2(1).xlsx,Sheet1,1967
Sulyok Tamás,Sulyok Tamás,Fidesz,,Cleaned_NER_files/mep_party_cleaned2(1).xlsx,Sheet1,1968
Vitézy Dávid,Vitézy Dávid,Politics Can Be Different / LMP – Hungary's Green Party,,Cleaned_NER_files/mep_party_cleaned2(1).xlsx,Sheet1,1969
Bruti,Bruti,Hungarian Two-Tailed Dog Party,,Cleaned_NER_files/mep_party_cleaned2(1).xlsx,Sheet1,1970
Pressman,David Pressman,Democrats,,Cleaned_NER_files/mep_party_cleaned2(1).xlsx,Sheet1,1971
Kulja Viktor,Kulja András,TISZA Party,,Cleaned_NER_files/mep_party_cleaned2(1).xlsx,Sheet1,1972
Torock,Toroczkai László,Our Homeland Movement,,Cleaned_NER_files/mep_party_cleaned2(1).xlsx,Sheet1,1973
Gyöngyösi Márton,Gyöngyösi Márton,Jobbik,,Cleaned_NER_files/mep_party_cleaned2(1).xlsx,Sheet1,1974
Duró Dora,Dúró Dóra,Our Homeland Movement,,Cleaned_NER_files/mep_party_cleaned2(1).xlsx,Sheet1,1975
Schiffer András,Schiffer András,Politics Can Be Different / LMP – Hungary's Green Party,,Cleaned_NER_files/mep_party_cleaned2(1).xlsx,Sheet1,1976
Ungár Péter,Ungár Péter,Politics Can Be Different / LMP – Hungary's Green Party,,Cleaned_NER_files/mep_party_cleaned2(1).xlsx,Sheet1,1977
GW Bush,George W. Bush,Republicans,,Cleaned_NER_files/mep_party_cleaned2(1).xlsx,Sheet1,1978
Kósa Lajos,Kósa Lajos,Fidesz,,Cleaned_NER_files/mep_party_cleaned2(1).xlsx,Sheet1,1979
MZP,Márki-Zay Péter,Everybody's Hungary People's Party,,Cleaned_NER_files/mep_party_cleaned2(1).xlsx,Sheet1,1980
Móga Bernadett,Móga Bernadett,Democratic Coalition - Momentum Movement - Jobbik - LMP-Hungary's Green Party - Hungarian Socialist Party - Dialogue - The Greens' Party,,Cleaned_NER_files/mep_party_cleaned2(1).xlsx,Sheet1,1981
Schmitt Mária,Schmitt Mária,Fidesz,,Cleaned_NER_files/mep_party_cleaned2(1).xlsx,Sheet1,1982
Brezhnev,Leonid Ilyich Brezhnev,Communist Party of the Soviet Union,,Cleaned_NER_files/mep_party_cleaned2(1).xlsx,Sheet1,1983
duro dora,Dúró Dóra,Our Homeland Movement,,Cleaned_NER_files/mep_party_cleaned2(1).xlsx,Sheet1,1984
duro Dora,Dúró Dóra,Our Homeland Movement,,Cleaned_NER_files/mep_party_cleaned2(1).xlsx,Sheet1,1985
Le Marietta,Le Marietta,Hungarian Two-Tailed Dog Party,,Cleaned_NER_files/mep_party_cleaned2(1).xlsx,Sheet1,1986
Karsay Ferenc,Karsay Ferenc,Fidesz,,Cleaned_NER_files/mep_party_cleaned2(1).xlsx,Sheet1,1987
Szájer József,Szájer József,Fidesz,,Cleaned_NER_files/mep_party_cleaned2(1).xlsx,Sheet1,1988
Parbeszed,Párbeszéd,Dialogue – The Greens' Party,,Cleaned_NER_files/mep_party_cleaned2(1).xlsx,Sheet1,1989
Caputová,Zuzana Čaputová,Progressive Slovakia,,Cleaned_NER_files/mep_party_cleaned2(1).xlsx,Sheet1,1990
Kaleta,Sebastian Kaleta,Law and Justice,,Cleaned_NER_files/mep_party_cleaned2(1).xlsx,Sheet1,1991
Zukowska,Anna Maria Żukowska,Left,,Cleaned_NER_files/mep_party_cleaned2(1).xlsx,Sheet1,1992
Kamysz-Kosiniak,Władysław Kosiniak-Kamysz,Third way,,Cleaned_NER_files/mep_party_cleaned2(1).xlsx,Sheet1,1993
Ziobro,Zbigniew Ziobro,Law and Justice,,Cleaned_NER_files/mep_party_cleaned2(1).xlsx,Sheet1,1994
Lukashenko,Alexander Lukashenko,,,Cleaned_NER_files/mep_party_cleaned2(1).xlsx,Sheet1,1995
Korwin-Mikke,Janusz Korwin-Mikke,Confederation,,Cleaned_NER_files/mep_party_cleaned2(1).xlsx,Sheet1,1996
Zalewski,Paweł Zalewski,Third way,,Cleaned_NER_files/mep_party_cleaned2(1).xlsx,Sheet1,1997
Czaputowicz,Jacek Czaputowicz,Law and Justice,,Cleaned_NER_files/mep_party_cleaned2(1).xlsx,Sheet1,1998
Józefaciuk,Marcin Józefaciuk,Civic Platform,,Cleaned_NER_files/mep_party_cleaned2(1).xlsx,Sheet1,1999
Fogiel,Radosław Fogiel,Law and Justice,,Cleaned_NER_files/mep_party_cleaned2(1).xlsx,Sheet1,2000
Paszyk,Krzysztof Paszyk,Third way,,Cleaned_NER_files/mep_party_cleaned2(1).xlsx,Sheet1,2001
Mucha,Joanna Mucha,Third way,,Cleaned_NER_files/mep_party_cleaned2(1).xlsx,Sheet1,2002
Sawick,Marek Sawicki,Third way,,Cleaned_NER_files/mep_party_cleaned2(1).xlsx,Sheet1,2003
Kolarski,Wojciech Kolarski,Law and Justice,,Cleaned_NER_files/mep_party_cleaned2(1).xlsx,Sheet1,2004
Bortniczuk,Kamil Bortniczuk,Law and Justice,,Cleaned_NER_files/mep_party_cleaned2(1).xlsx,Sheet1,2005
Hamerski,Jan Hamerski,Law and Justice,,Cleaned_NER_files/mep_party_cleaned2(1).xlsx,Sheet1,2006
Zbigniew Rau,Zbigniew Rau,Law and Justice,,Cleaned_NER_files/mep_party_cleaned2(1).xlsx,Sheet1,2007
Sawicki,Marek Sawicki,Third way,,Cleaned_NER_files/mep_party_cleaned2(1).xlsx,Sheet1,2008
Suski,Marek Suski,Law and Justice,,Cleaned_NER_files/mep_party_cleaned2(1).xlsx,Sheet1,2009
Karczewski,Stanisław Karczewski,Law and Justice,,Cleaned_NER_files/mep_party_cleaned2(1).xlsx,Sheet1,2010
Olszewski,Marek Olszewski,Nonpartisan Local Government Activists,,Cleaned_NER_files/mep_party_cleaned2(1).xlsx,Sheet1,2011
Grodzki,Tomasz Grodzki,Civic Platform,,Cleaned_NER_files/mep_party_cleaned2(1).xlsx,Sheet1,2012
Sasin,Jacek Sasin,Law and Justice,,Cleaned_NER_files/mep_party_cleaned2(1).xlsx,Sheet1,2013
Karski,Karol Karski,Law and Justice,,Cleaned_NER_files/mep_party_cleaned2(1).xlsx,Sheet1,2014
Mikke,Janusz Korwin-Mikke,Confederation,,Cleaned_NER_files/mep_party_cleaned2(1).xlsx,Sheet1,2015
J. Saryusz-Wolski,Jacek Saryusz-Wolski,Law and Justice,,Cleaned_NER_files/mep_party_cleaned2(1).xlsx,Sheet1,2016
G. Braun,Grzegorz Braun,Confederation,,Cleaned_NER_files/mep_party_cleaned2(1).xlsx,Sheet1,2017
P. Jaki,Patryk Jaki,Law and Justice,,Cleaned_NER_files/mep_party_cleaned2(1).xlsx,Sheet1,2018
Wawer,Michał Wawer,Confederation,,Cleaned_NER_files/mep_party_cleaned2(1).xlsx,Sheet1,2019
G.Braun,Grzegorz Braun,Confederation,,Cleaned_NER_files/mep_party_cleaned2(1).xlsx,Sheet1,2020
W. Buda,Waldemar Buda,Law and Justice,,Cleaned_NER_files/mep_party_cleaned2(1).xlsx,Sheet1,2021
J. Grabiec,Jan Grabiec,Civic Platform,,Cleaned_NER_files/mep_party_cleaned2(1).xlsx,Sheet1,2022
T. Siemioniak,Tomasz Siemoniak,Civic Platform,,Cleaned_NER_files/mep_party_cleaned2(1).xlsx,Sheet1,2023
P. Kowal,Piotr Kowal,Left,,Cleaned_NER_files/mep_party_cleaned2(1).xlsx,Sheet1,2024
R. Petru,Ryszard Petru,Third way,,Cleaned_NER_files/mep_party_cleaned2(1).xlsx,Sheet1,2025
Dude,Andrzej Duda,Law and Justice,,Cleaned_NER_files/mep_party_cleaned2(1).xlsx,Sheet1,2026
Gasiuk Pihowicz,Kamila Gasiuk-Pihowicz,Civic Platform,,Cleaned_NER_files/mep_party_cleaned2(1).xlsx,Sheet1,2027
Trzkawski,Rafał Trzaskowski,Civic Platform,,Cleaned_NER_files/mep_party_cleaned2(1).xlsx,Sheet1,2028
Alicja Lepkowska-Golas,Alicja Łepkowska-Gołaś,Civic Platform,,Cleaned_NER_files/mep_party_cleaned2(1).xlsx,Sheet1,2029
Misiek Kaminski,Michał Kamiński,Third way,,Cleaned_NER_files/mep_party_cleaned2(1).xlsx,Sheet1,2030
Janusz Korwin-Mikke,Janusz Korwin-Mikke,Confederation,,Cleaned_NER_files/mep_party_cleaned2(1).xlsx,Sheet1,2031
Tarczyńska,Dominik Tarczyński,Law and Justice,,Cleaned_NER_files/mep_party_cleaned2(1).xlsx,Sheet1,2032
Gasiuk-Pichowicz,Kamila Gasiuk-Pihowicz,Civic Platform,,Cleaned_NER_files/mep_party_cleaned2(1).xlsx,Sheet1,2033
M.Kierwinski,Marcin Kierwiński,Civic Platform,,Cleaned_NER_files/mep_party_cleaned2(1).xlsx,Sheet1,2034
Kierwińki,Marcin Kierwiński,Civic Platform,,Cleaned_NER_files/mep_party_cleaned2(1).xlsx,Sheet1,2035
Sylwia Bielawska,Sylwia Bielawska,Civic Platform,,Cleaned_NER_files/mep_party_cleaned2(1).xlsx,Sheet1,2036
Płaczek-Kobiór,Grzegorz Płaczek,Confederation,,Cleaned_NER_files/mep_party_cleaned2(1).xlsx,Sheet1,2037
Horała,Marcin Horała,Law and Justice,,Cleaned_NER_files/mep_party_cleaned2(1).xlsx,Sheet1,2038
Miszalski,Aleksander Miszalski,Civic Platform,,Cleaned_NER_files/mep_party_cleaned2(1).xlsx,Sheet1,2039
Hennig-Kloska,Paulina Hennig-Kloska,Third way,,Cleaned_NER_files/mep_party_cleaned2(1).xlsx,Sheet1,2040
Bodnar,Adam Bodnar,Civic Platform,,Cleaned_NER_files/mep_party_cleaned2(1).xlsx,Sheet1,2041
Grabarczyk,Tomasz Grabarczyk,Confederation,,Cleaned_NER_files/mep_party_cleaned2(1).xlsx,Sheet1,2042
ikke,Janusz Korwin-Mikke,Confederation,,Cleaned_NER_files/mep_party_cleaned2(1).xlsx,Sheet1,2043
Roza Thun,Róża Thun,Third way,,Cleaned_NER_files/mep_party_cleaned2(1).xlsx,Sheet1,2044
Baluch,Anna Baluch,Law and Justice,,Cleaned_NER_files/mep_party_cleaned2(1).xlsx,Sheet1,2045
Jakubiak,Marek Jakubiak,Confederation,,Cleaned_NER_files/mep_party_cleaned2(1).xlsx,Sheet1,2046
Jabłoński,Paweł Jabłoński,Law and Justice,,Cleaned_NER_files/mep_party_cleaned2(1).xlsx,Sheet1,2047
droń,Robert Biedroń,Left,,Cleaned_NER_files/mep_party_cleaned2(1).xlsx,Sheet1,2048
Wielichowska,Monika Wielichowska,Civic Platform,,Cleaned_NER_files/mep_party_cleaned2(1).xlsx,Sheet1,2049
P. Zgorzelski,Piotr Zgorzelski,Third way,,Cleaned_NER_files/mep_party_cleaned2(1).xlsx,Sheet1,2050
K. Ber,Konrad Berkowicz,Confederation,,Cleaned_NER_files/mep_party_cleaned2(1).xlsx,Sheet1,2051
owicz,Konrad Berkowicz,Confederation,,Cleaned_NER_files/mep_party_cleaned2(1).xlsx,Sheet1,2052
D. Jonski,Dariusz Joński,Civic Platform,,Cleaned_NER_files/mep_party_cleaned2(1).xlsx,Sheet1,2053
R. Czarnecki,Ryszard Czarnecki,Law and Justice,,Cleaned_NER_files/mep_party_cleaned2(1).xlsx,Sheet1,2054
S. Kaleta,Sebastian Kaleta,Law and Justice,,Cleaned_NER_files/mep_party_cleaned2(1).xlsx,Sheet1,2055
J. Borowiak,Joanna Borowiak,Law and Justice,,Cleaned_NER_files/mep_party_cleaned2(1).xlsx,Sheet1,2056
P. Hennig-Kloska,Paulina Hennig-Kloska,Third way,,Cleaned_NER_files/mep_party_cleaned2(1).xlsx,Sheet1,2057
K. Perczyńska Nałęcz,Katarzyna Pełczyńska-Nałęcz,Third way,,Cleaned_NER_files/mep_party_cleaned2(1).xlsx,Sheet1,2058
W. Zembaczyński,Witold Zembaczyński,Civic Platform,,Cleaned_NER_files/mep_party_cleaned2(1).xlsx,Sheet1,2059
Cristina Mortágua,Cristina Mortágua,Left Block,,Cleaned_NER_files/mep_party_cleaned2(1).xlsx,Sheet1,2060
Patricia Gilvaz,Patricia Gilvaz,Liberal Initiative,,Cleaned_NER_files/mep_party_cleaned2(1).xlsx,Sheet1,2061
Antonio Tanger,Tânger Correia,Chega,,Cleaned_NER_files/mep_party_cleaned2(1).xlsx,Sheet1,2062
pedro_frazao,Pedro Frazão,Chega,,Cleaned_NER_files/mep_party_cleaned2(1).xlsx,Sheet1,2063
Maria Escaja,Maria Escaja,Left Block,,Cleaned_NER_files/mep_party_cleaned2(1).xlsx,Sheet1,2064
Joana Amaral Dias,Joana Amaral Dias,National Democratic Alternative,,Cleaned_NER_files/mep_party_cleaned2(1).xlsx,Sheet1,2065
Francisco Paupério,Francisco Paupério,Livre,,Cleaned_NER_files/mep_party_cleaned2(1).xlsx,Sheet1,2066
Pedro Fidalgo Marques,Pedro Fidalgo Marques,PAN,,Cleaned_NER_files/mep_party_cleaned2(1).xlsx,Sheet1,2067
Joao Cotrim,João Cotrim de Figueiredo,Liberal Initiative,,Cleaned_NER_files/mep_party_cleaned2(1).xlsx,Sheet1,2068
Duarte Costa,Duarte Costa,Volt Portugal,,Cleaned_NER_files/mep_party_cleaned2(1).xlsx,Sheet1,2069
Tânger Correia,Tânger Correia,Chega,,Cleaned_NER_files/mep_party_cleaned2(1).xlsx,Sheet1,2070
João Rodrigues,João Rodrigues,Social Democratic Party,,Cleaned_NER_files/mep_party_cleaned2(1).xlsx,Sheet1,2071
Ernesto Santos Silva,Augusto Ernesto Santos Silva,Socialist Party,,Cleaned_NER_files/mep_party_cleaned2(1).xlsx,Sheet1,2072
Manuel Loff,Manuel Loff,Portuguese Communist Party,,Cleaned_NER_files/mep_party_cleaned2(1).xlsx,Sheet1,2073
Ossanda Liber,Ossanda Liber,New Right,,Cleaned_NER_files/mep_party_cleaned2(1).xlsx,Sheet1,2074
André Tanger Correia,Tânger Correia,Chega,,Cleaned_NER_files/mep_party_cleaned2(1).xlsx,Sheet1,2075
Mariana Gonçalves,Marina Gonçalves,Socialist Party,,Cleaned_NER_files/mep_party_cleaned2(1).xlsx,Sheet1,2076
Ossanda Lieber,Ossanda Liber,New Right,,Cleaned_NER_files/mep_party_cleaned2(1).xlsx,Sheet1,2077
Sofia Pereira,Sofia Pereira,Socialist Party,,Cleaned_NER_files/mep_party_cleaned2(1).xlsx,Sheet1,2078
Ana Gabriela Cabilhas,Ana Gabriela Cabilhas,Social Democratic Party,,Cleaned_NER_files/mep_party_cleaned2(1).xlsx,Sheet1,2079
Rui Sequeira,Rui Sequeira,New Right,,Cleaned_NER_files/mep_party_cleaned2(1).xlsx,Sheet1,2080
Marta Martins da Silva,Marta Martins da Silva,Chega,,Cleaned_NER_files/mep_party_cleaned2(1).xlsx,Sheet1,2081
Maria José Aguiar,Maria José Aguiar,Chega,,Cleaned_NER_files/mep_party_cleaned2(1).xlsx,Sheet1,2082
Francisco Pauperio,Francisco Paupério,Livre,,Cleaned_NER_files/mep_party_cleaned2(1).xlsx,Sheet1,2083
Rui Pauperio,Francisco Paupério,Livre,,Cleaned_NER_files/mep_party_cleaned2(1).xlsx,Sheet1,2084
Rhia Lopes,Rhia Lopes,Volt Portugal,,Cleaned_NER_files/mep_party_cleaned2(1).xlsx,Sheet1,2085
Nuno Matias,Nuno Matias,Social Democratic Party,,Cleaned_NER_files/mep_party_cleaned2(1).xlsx,Sheet1,2086
Leitao Marques,Maria Manuel Leitão Marques,Socialist Party,,Cleaned_NER_files/mep_party_cleaned2(1).xlsx,Sheet1,2087
Roberto Vannacci,Roberto Vannacci,La Lega,,Cleaned_NER_files/mep_party_cleaned2(1).xlsx,Sheet1,2088
Moderaterna,Moderaterna,The Moderate Party,,Cleaned_NER_files/mep_party_cleaned2(1).xlsx,Sheet1,2089
Socialdemokraterna,Socialdemokraterna,The Social Democrats,,Cleaned_NER_files/mep_party_cleaned2(1).xlsx,Sheet1,2090
Miljöparty,Miljöpartiet de Gröna,The Green Party,,Cleaned_NER_files/mep_party_cleaned2(1).xlsx,Sheet1,2091
People's list,Folklistan,The People's List,,Cleaned_NER_files/mep_party_cleaned2(1).xlsx,Sheet1,2092
Vänster,Vänsterpartiet,The Left Party,,Cleaned_NER_files/mep_party_cleaned2(1).xlsx,Sheet1,2093
Socialdem,Socialdemokraterna,The Social Democrats,,Cleaned_NER_files/mep_party_cleaned2(1).xlsx,Sheet1,2094
Ulf Krist,Ulf Kristersson,The Moderate Party,,Cleaned_NER_files/mep_party_cleaned2(1).xlsx,Sheet1,2095
Soc dem,Socialdemokraterna,The Social Democrats,,Cleaned_NER_files/mep_party_cleaned2(1).xlsx,Sheet1,2096
Jonas S.,Jonas Sjöstedt,The Left Party,,Cleaned_NER_files/mep_party_cleaned2(1).xlsx,Sheet1,2097
Katin Karl,Karin Karlbro,The Liberals,,Cleaned_NER_files/mep_party_cleaned2(1).xlsx,Sheet1,2098
Nelson Mandela,Nelson Mandela,ANC,,Cleaned_NER_files/mep_party_cleaned2(1).xlsx,Sheet1,2099
Soc Dem Youth,SSU,Social Democratic Youth League,,Cleaned_NER_files/mep_party_cleaned2(1).xlsx,Sheet1,2100
The Liberal Party,Libelarerna,The Liberals,,Cleaned_NER_files/mep_party_cleaned2(1).xlsx,Sheet1,2101
Naomi Klein,Naomi Klein,,,Cleaned_NER_files/mep_party_cleaned2(1).xlsx,Sheet1,2102
Oscar Sjöstedt,Oscar Sjöstedt,The Sweden Democrats,,Cleaned_NER_files/mep_party_cleaned2(1).xlsx,Sheet1,2103
Umihana Rasovic,Umihana Rasovic,The Left Party,,Cleaned_NER_files/mep_party_cleaned2(1).xlsx,Sheet1,2104
Klaus Bernpaintner,Klaus Bernpaintner,Alternative for Sverige,,Cleaned_NER_files/mep_party_cleaned2(1).xlsx,Sheet1,2105
Jonas S,Jonas Sjöstedt,The Left Party,,Cleaned_NER_files/mep_party_cleaned2(1).xlsx,Sheet1,2106
IRL,Ireland,Ireland,,Cleaned_NER_files/mep_party_cleaned2(1).xlsx,Sheet1,2107
SDMonkan,Monika Brodzinska,The Sweden Democrats,,Cleaned_NER_files/mep_party_cleaned2(1).xlsx,Sheet1,2108
soc dem,Socialdemokraterna,The Social Democrats,,Cleaned_NER_files/mep_party_cleaned2(1).xlsx,Sheet1,2109
Emma Wie,Emma Wiesner,The Center Party,,Cleaned_NER_files/mep_party_cleaned2(1).xlsx,Sheet1,2110
EU-MP IRL,Irish EU MP,Irish EU MP,,Cleaned_NER_files/mep_party_cleaned2(1).xlsx,Sheet1,2111
Jesper Olsson,Jesper Olsson,The Green Party,,Cleaned_NER_files/mep_party_cleaned2(1).xlsx,Sheet1,2112
Ludvig Aspling,Ludvig Aspling,The Sweden Democrats,,Cleaned_NER_files/mep_party_cleaned2(1).xlsx,Sheet1,2113
Henrik Juhlin,Henrik Juhlin,The Center Party,,Cleaned_NER_files/mep_party_cleaned2(1).xlsx,Sheet1,2114
Murre,Muharrem Demirok,The Center Party,,Cleaned_NER_files/mep_party_cleaned2(1).xlsx,Sheet1,2115
Ella Kardemark,Ella Kardemark,The Christian Democrats,,Cleaned_NER_files/mep_party_cleaned2(1).xlsx,Sheet1,2116
Kristofer Bergman,Kristofer Bergman,The Social Democrats,,Cleaned_NER_files/mep_party_cleaned2(1).xlsx,Sheet1,2117
SocDem,Socialdemokraterna,The Social Democrats,,Cleaned_NER_files/mep_party_cleaned2(1).xlsx,Sheet1,2118
Miljöp,Miljöpartiet de Gröna,The Green Party,,Cleaned_NER_files/mep_party_cleaned2(1).xlsx,Sheet1,2119
Svante Linusson,Svante Linusson,The Center Party,,Cleaned_NER_files/mep_party_cleaned2(1).xlsx,Sheet1,2120
Soc,Socialdemokraterna,The Social Democrats,,Cleaned_NER_files/mep_party_cleaned2(1).xlsx,Sheet1,2121
magda,Magdalena Andersson,The Social Democrats,,Cleaned_NER_files/mep_party_cleaned2(1).xlsx,Sheet1,2122
Maria Stenegard,Maria Malmer Stenegard,The Moderate Party,,Cleaned_NER_files/mep_party_cleaned2(1).xlsx,Sheet1,2123
Charlie Hederberg,Charlie Hederberg,The Moderate Party,,Cleaned_NER_files/mep_party_cleaned2(1).xlsx,Sheet1,2124
Moderata Ungdomsförbundet,Moderata Ungdomsförbundet,The Moderate Youth League,,Cleaned_NER_files/mep_party_cleaned2(1).xlsx,Sheet1,2125
socdem,Socialdemokraterna,The Social Democrats,,Cleaned_NER_files/mep_party_cleaned2(1).xlsx,Sheet1,2126
ECR,,The European Conservatives and Reformists,,Cleaned_NER_files/mep_party_cleaned2(1).xlsx,Sheet1,2127
Ursula Van Leyden,Ursula von der Leyen,Christian Democratic Union,,Cleaned_NER_files/mep_party_cleaned2(1).xlsx,Sheet1,2128
DiEM,,The Democracy in Europe Movement 2025,,Cleaned_NER_files/mep_party_cleaned2(1).xlsx,Sheet1,2129
