Candidate,Party,Country,source_file,source_sheet,source_row
Abir Al-Sahlani, Centre Party,Sweden,mep_party_cleaned3 (1).xlsx,Sheet1,2
Adam Bielan,Law and Justice,Poland,mep_party_cleaned3 (1).xlsx,Sheet1,3
Adam Bodnar,Independent,Poland,mep_party_cleaned3 (1).xlsx,Sheet1,4
Adam Jarubas,Third Way,Poland,mep_party_cleaned3 (1).xlsx,Sheet1,5
Adam Schiff,Democratic Party,United States,mep_party_cleaned3 (1).xlsx,Sheet1,6
Adnan Dibrani,Swedish Social Democratic Workers' Party,Sweden,mep_party_cleaned3 (1).xlsx,Sheet1,7
Adrian Ramsay,Green Party,United Kingdom,mep_party_cleaned3 (1).xlsx,Sheet1,8
Adrián Vázquez Lázara,People's Party,Spain,mep_party_cleaned3 (1).xlsx,Sheet1,9
Adrian Zandberg,The Left,Poland,mep_party_cleaned3 (1).xlsx,Sheet1,10
Agnieszka Dziemianowicz-Bąk,The Left,Poland,mep_party_cleaned3 (1).xlsx,Sheet1,11
Ahmed Dogan,Movement for Rights and Freedoms,Bulgaria,mep_party_cleaned3 (1).xlsx,Sheet1,12
Aida Badeli,Green Party,Sweden,mep_party_cleaned3 (1).xlsx,Sheet1,13
Aino-Kaisa Pekonen,Left Alliance,Finland,mep_party_cleaned3 (1).xlsx,Sheet1,14
Ákos Hadházy,Independent,Hungary,mep_party_cleaned3 (1).xlsx,Sheet1,15
Albert Einstein,Not applicable,Germany,mep_party_cleaned3 (1).xlsx,Sheet1,16
Albert Rivera,Citizens,Spain,mep_party_cleaned3 (1).xlsx,Sheet1,17
Alberto Núñez Feijóo,People's Party,Spain,mep_party_cleaned3 (1).xlsx,Sheet1,18
Alberto Núñez Feijóo,Spanish People's Party,Spain,mep_party_cleaned3 (1).xlsx,Sheet1,19
Alberto Núñez Feijóo,People's Party,Spain,mep_party_cleaned3 (1).xlsx,Sheet1,20
Albrecht Glaser,Alternative for Germany,Germany,mep_party_cleaned3 (1).xlsx,Sheet1,21
Alejandro Gutiérrez,Others,Spain,mep_party_cleaned3 (1).xlsx,Sheet1,22
Aleksandar Nikolic,National Rally,France,mep_party_cleaned3 (1).xlsx,Sheet1,23
Aleksandar Tomov,Bulgarian Social Democratic Party,Bulgaria,mep_party_cleaned3 (1).xlsx,Sheet1,24
Aleksandar Vučić,Serbian Progressive Party,Serbia,mep_party_cleaned3 (1).xlsx,Sheet1,25
Aleksander Kwaśniewski,Social Democracy of Poland,Poland,mep_party_cleaned3 (1).xlsx,Sheet1,26
Aleksander Miszalski,Civic Platform,Poland,mep_party_cleaned3 (1).xlsx,Sheet1,27
Aleksandra Wiśniewska,Civic Coalition,Poland,mep_party_cleaned3 (1).xlsx,Sheet1,28
Aleksanteri Gustafsson,Social Democratic Party of Finland,Finland,mep_party_cleaned3 (1).xlsx,Sheet1,29
Alessandra Todde,Five Star Movement,Italy,mep_party_cleaned3 (1).xlsx,Sheet1,30
Alexander Bard,Liberals,Sweden,mep_party_cleaned3 (1).xlsx,Sheet1,31
Alexander De Croo,Open Flemish Liberals and Democrats,Belgium,mep_party_cleaned3 (1).xlsx,Sheet1,32
Alexander Gauland,Alternative for Germany,Germany,mep_party_cleaned3 (1).xlsx,Sheet1,33
Alexander Jungbluth,Alternative for Germany,Germany,mep_party_cleaned3 (1).xlsx,Sheet1,34
Alexander Lukashenko,Independent,Belarus,mep_party_cleaned3 (1).xlsx,Sheet1,35
Alexander Sell,Alternative for Germany,Germany,mep_party_cleaned3 (1).xlsx,Sheet1,36
Alexander Simidchiev,We Continue the Change – Democratic Bulgaria,Bulgaria,mep_party_cleaned3 (1).xlsx,Sheet1,37
Alexander Stubb,National Coalition Party,Finland,mep_party_cleaned3 (1).xlsx,Sheet1,38
Alexander Tomov,Coalition of the Roses,Bulgaria,mep_party_cleaned3 (1).xlsx,Sheet1,39
Alexandra Geese,Alliance 90/The Greens,Germany,mep_party_cleaned3 (1).xlsx,Sheet1,40
Alexandra Leitão,Partido Socialista,Portugal,mep_party_cleaned3 (1).xlsx,Sheet1,41
Alexandra Mehnert,Christian Democratic Union of Germany,Germany,mep_party_cleaned3 (1).xlsx,Sheet1,42
Alexandra Pascalidou,Others,Sweden,mep_party_cleaned3 (1).xlsx,Sheet1,43
Alexandre Varaut,National Rally,France,mep_party_cleaned3 (1).xlsx,Sheet1,44
Alexandria Ocasio-Cortez,Democratic Party,United States,mep_party_cleaned3 (1).xlsx,Sheet1,45
Alf Svensson,Christian Democrats,Sweden,mep_party_cleaned3 (1).xlsx,Sheet1,46
Alfonso Rojo,,Spain,mep_party_cleaned3 (1).xlsx,Sheet1,47
Alfonso Rueda,People's Party,Spain,mep_party_cleaned3 (1).xlsx,Sheet1,48
Alfonso Serrano,People's Party,Spain,mep_party_cleaned3 (1).xlsx,Sheet1,49
Aliança Democrática,Aliança Democrática,Portugal,mep_party_cleaned3 (1).xlsx,Sheet1,50
Alice Bah Kuhnke, Green Party ,Sweden,mep_party_cleaned3 (1).xlsx,Sheet1,51
Alice Teodorescu Måwe,Christian Democrats,Sweden,mep_party_cleaned3 (1).xlsx,Sheet1,52
Alice Weidel,Alternative for Germany,Germany,mep_party_cleaned3 (1).xlsx,Sheet1,53
Alicia García,People's Party,Spain,mep_party_cleaned3 (1).xlsx,Sheet1,54
Alicia Homs Ginel,Spanish Socialist Workers' Party,Spain,mep_party_cleaned3 (1).xlsx,Sheet1,55
Alicja Lepkowska-Golas,Civic Platform,Poland,mep_party_cleaned3 (1).xlsx,Sheet1,56
Alina Dobreva,Others,Bulgaria,mep_party_cleaned3 (1).xlsx,Sheet1,57
Alliance 90/The Greens,Alliance 90/The Greens,Germany,mep_party_cleaned3 (1).xlsx,Sheet1,58
Alma Dufour,La France Insoumise,France,mep_party_cleaned3 (1).xlsx,Sheet1,59
Alma Ezcurra,People's Party,Spain,mep_party_cleaned3 (1).xlsx,Sheet1,60
Alma Zadić,The Greens – The Green Alternative,Austria,mep_party_cleaned3 (1).xlsx,Sheet1,61
Alternative for Germany,Alternative for Germany,Germany,mep_party_cleaned3 (1).xlsx,Sheet1,62
Alvise Pérez,Se Acabó La Fiesta,Spain,mep_party_cleaned3 (1).xlsx,Sheet1,63
Alvise Pérez,The Party is Over,Spain,mep_party_cleaned3 (1).xlsx,Sheet1,64
Amanda Lind,Green Party,Sweden,mep_party_cleaned3 (1).xlsx,Sheet1,65
Ami Ayalon,Israeli Labor Party,Israel,mep_party_cleaned3 (1).xlsx,Sheet1,66
Amparo Folgado Tonda,People's Party,Spain,mep_party_cleaned3 (1).xlsx,Sheet1,67
Ana Catarina Mendes,Socialist Party,Portugal,mep_party_cleaned3 (1).xlsx,Sheet1,68
Ana Cuartero,VOX,Spain,mep_party_cleaned3 (1).xlsx,Sheet1,69
Ana Gabriela Cabilhas,Social Democratic Party,Portugal,mep_party_cleaned3 (1).xlsx,Sheet1,70
Ana Gomes,Socialist Party,Portugal,mep_party_cleaned3 (1).xlsx,Sheet1,71
Ana Martins,Liberal Initiative,Portugal,mep_party_cleaned3 (1).xlsx,Sheet1,72
Ana Miguel Pedro,AD – Democratic Alliance,Portugal,mep_party_cleaned3 (1).xlsx,Sheet1,73
Ana Miranda Paz,Republics Now,Spain,mep_party_cleaned3 (1).xlsx,Sheet1,74
Ana Pastor,People's Party,Spain,mep_party_cleaned3 (1).xlsx,Sheet1,75
Ana Pontón,Bloque Nacionalista Galego,Spain,mep_party_cleaned3 (1).xlsx,Sheet1,76
Ana Redondo García,Spanish Socialist Workers' Party,Spain,mep_party_cleaned3 (1).xlsx,Sheet1,77
Ana Rosa Quintana,Others,Spain,mep_party_cleaned3 (1).xlsx,Sheet1,78
Anabel Bernal Triviño,Others,Spain,mep_party_cleaned3 (1).xlsx,Sheet1,79
Ander Gil,Spanish Socialist Workers' Party,Spain,mep_party_cleaned3 (1).xlsx,Sheet1,80
Ander Nieva,Others,Spain,mep_party_cleaned3 (1).xlsx,Sheet1,81
Anders Vistisen,Danish People's Party,Denmark,mep_party_cleaned3 (1).xlsx,Sheet1,82
Anders Ygeman,Social Democrats,Sweden,mep_party_cleaned3 (1).xlsx,Sheet1,83
András Fekete-Győr,Momentum Movement,Hungary,mep_party_cleaned3 (1).xlsx,Sheet1,84
András Gyürk,Fidesz – Hungarian Civic Alliance – Christian Democratic People's Party,Hungary,mep_party_cleaned3 (1).xlsx,Sheet1,85
András Kulja,Respect and Freedom Party,Hungary,mep_party_cleaned3 (1).xlsx,Sheet1,86
András László,Fidesz – Hungarian Civic Alliance – Christian Democratic People's Party,Hungary,mep_party_cleaned3 (1).xlsx,Sheet1,87
André Rodrigues,Socialist Party,Portugal,mep_party_cleaned3 (1).xlsx,Sheet1,88
André Rougé,National Rally,France,mep_party_cleaned3 (1).xlsx,Sheet1,89
André Ventura,Chega,Portugal,mep_party_cleaned3 (1).xlsx,Sheet1,90
Andrea Wechsler,Christian Democratic Union of Germany,Germany,mep_party_cleaned3 (1).xlsx,Sheet1,91
Andreas Glück,Free Democratic Party,Germany,mep_party_cleaned3 (1).xlsx,Sheet1,92
Andreas Norlén,Moderate Party,Sweden,mep_party_cleaned3 (1).xlsx,Sheet1,93
Andreas Schwab,Christian Democratic Union of Germany,Germany,mep_party_cleaned3 (1).xlsx,Sheet1,94
Andrej Plenković,Croatian Democratic Union,Croatia,mep_party_cleaned3 (1).xlsx,Sheet1,95
Andrés Manuel López Obrador,National Regeneration Movement,Mexico,mep_party_cleaned3 (1).xlsx,Sheet1,96
Andrew Bailey,Others,United Kingdom,mep_party_cleaned3 (1).xlsx,Sheet1,97
Andrey Kovatchev,GERB–Union of Democratic Forces,Bulgaria,mep_party_cleaned3 (1).xlsx,Sheet1,98
Andrey Novakov,GERB–Union of Democratic Forces,Bulgaria,mep_party_cleaned3 (1).xlsx,Sheet1,99
Andrija Klarić,Not publicly affiliated,Croatia,mep_party_cleaned3 (1).xlsx,Sheet1,100
Andrzej Buła,Civic Coalition,Poland,mep_party_cleaned3 (1).xlsx,Sheet1,101
Andrzej Duda,Law and Justice,Poland,mep_party_cleaned3 (1).xlsx,Sheet1,102
Andrzej Halicki,Civic Coalition,Poland,mep_party_cleaned3 (1).xlsx,Sheet1,103
Andrzej Lepper,Self-Defence of the Republic of Poland,Poland,mep_party_cleaned3 (1).xlsx,Sheet1,104
Andrzej Rozenek,Civic Coalition,Poland,mep_party_cleaned3 (1).xlsx,Sheet1,105
Angel Dzambazki,VRMO - Bulgarian National Movement,Bulgaria,mep_party_cleaned3 (1).xlsx,Sheet1,106
Angel Dzhambazki,VRMO - Bulgarian National Movement,Bulgaria,mep_party_cleaned3 (1).xlsx,Sheet1,107
Ángel Expósito,Others,Spain,mep_party_cleaned3 (1).xlsx,Sheet1,108
Ángel Gaitán,Others,Spain,mep_party_cleaned3 (1).xlsx,Sheet1,109
Angel Georgiev,Revival,Bulgaria,mep_party_cleaned3 (1).xlsx,Sheet1,110
Angela Merkel,Christian Democratic Union,Germany,mep_party_cleaned3 (1).xlsx,Sheet1,111
Angelika Niebler,Christian Social Union in Bayern,Germany,mep_party_cleaned3 (1).xlsx,Sheet1,112
Angéline Furet,National Rally,France,mep_party_cleaned3 (1).xlsx,Sheet1,113
Àngels Barceló,Others,Spain,mep_party_cleaned3 (1).xlsx,Sheet1,114
Anita Westerholm,Swedish People's Party of Finland,Finland ,mep_party_cleaned3 (1).xlsx,Sheet1,115
Anja Arndt,Alternative for Germany,Germany,mep_party_cleaned3 (1).xlsx,Sheet1,116
Anna Baluch,Law and Justice,Poland,mep_party_cleaned3 (1).xlsx,Sheet1,117
Anna Bryłka,Confederation Liberty and Independence ,Poland,mep_party_cleaned3 (1).xlsx,Sheet1,118
Anna Cavazzini,Alliance 90/The Greens,Germany,mep_party_cleaned3 (1).xlsx,Sheet1,119
Anna Donáth,Momentum Movement,Hungary,mep_party_cleaned3 (1).xlsx,Sheet1,120
Anna Gembicka,Law and Justice,Poland,mep_party_cleaned3 (1).xlsx,Sheet1,121
Anna Kontu,Others,Finland,mep_party_cleaned3 (1).xlsx,Sheet1,122
Anna Kontula,Left Alliance,Finland,mep_party_cleaned3 (1).xlsx,Sheet1,123
Anna Maria Corazza Bildt,Liberals,Sweden,mep_party_cleaned3 (1).xlsx,Sheet1,124
Anna Maria Żukowska,Left Alliance,Poland,mep_party_cleaned3 (1).xlsx,Sheet1,125
Anna Maria Żukowska,The Left,Poland,mep_party_cleaned3 (1).xlsx,Sheet1,126
Anna Strolenberg,Volt Europa,Netherlands,mep_party_cleaned3 (1).xlsx,Sheet1,127
Anna Zabska,Civic Platform,Poland,mep_party_cleaned3 (1).xlsx,Sheet1,128
Anna Zalewska,Law and Justice,Poland,mep_party_cleaned3 (1).xlsx,Sheet1,129
Annalena Baerbock,Alliance 90/The Greens,Germany,mep_party_cleaned3 (1).xlsx,Sheet1,130
Anna-Maja Henriksson,Swedish People's Party,Finland,mep_party_cleaned3 (1).xlsx,Sheet1,131
Anna-Maja Henriksson,Swedish People's Party of Finland,Finland,mep_party_cleaned3 (1).xlsx,Sheet1,132
Annamária Vicsek,Fidesz – Hungarian Civic Alliance – Christian Democratic People's Party,Hungary,mep_party_cleaned3 (1).xlsx,Sheet1,133
Anne Will,Not publicly affiliated,Germany,mep_party_cleaned3 (1).xlsx,Sheet1,134
Anne-Sophie Frigout,National Rally,France,mep_party_cleaned3 (1).xlsx,Sheet1,135
Annie Lennox,Not publicly affiliated,United Kingdom,mep_party_cleaned3 (1).xlsx,Sheet1,136
Annika Saarikko,Centre Party,Finland,mep_party_cleaned3 (1).xlsx,Sheet1,137
Antal Rogán,Fidesz,Hungary,mep_party_cleaned3 (1).xlsx,Sheet1,138
Ante Mihanović,Croatian Democratic Union,Croatia,mep_party_cleaned3 (1).xlsx,Sheet1,139
Ante Šušnjar,Croatian Democratic Union,Croatia,mep_party_cleaned3 (1).xlsx,Sheet1,140
Anthony Albanese,Australian Labor Party,Australia,mep_party_cleaned3 (1).xlsx,Sheet1,141
Anthony Smith,France Unbowed,France,mep_party_cleaned3 (1).xlsx,Sheet1,142
Antoaneta Tsoneva,Democratic Bulgaria,Bulgaria,mep_party_cleaned3 (1).xlsx,Sheet1,143
Anton Bylin,Green Party,Sweden,mep_party_cleaned3 (1).xlsx,Sheet1,144
Anton Hekimyan,Citizens for European Development of Bulgaria,Bulgaria,mep_party_cleaned3 (1).xlsx,Sheet1,145
Anton Hofreiter,Alliance 90/The Greens,Germany,mep_party_cleaned3 (1).xlsx,Sheet1,146
Antoni Macierewicz,Law and Justice,Poland,mep_party_cleaned3 (1).xlsx,Sheet1,147
António Costa,Socialist Party,Portugal,mep_party_cleaned3 (1).xlsx,Sheet1,148
António de Oliveira Salazar,National Union,Portugal,mep_party_cleaned3 (1).xlsx,Sheet1,149
António Filipe,Partido Comunista Português,Portugal,mep_party_cleaned3 (1).xlsx,Sheet1,150
António Guterres,Socialist Party,Portugal,mep_party_cleaned3 (1).xlsx,Sheet1,151
António Leitão Amaro,Social Democratic Party,Portugal,mep_party_cleaned3 (1).xlsx,Sheet1,152
Antonio López-Istúriz,People's Party,Spain,mep_party_cleaned3 (1).xlsx,Sheet1,153
António Tânger Corrêa,Chega,Portugal,mep_party_cleaned3 (1).xlsx,Sheet1,154
António Tânger Corrêa,Chega ,Portugal,mep_party_cleaned3 (1).xlsx,Sheet1,155
Antony Blinken,Democratic Party,USA,mep_party_cleaned3 (1).xlsx,Sheet1,156
Antti Heikkilä,National Coalition Party,Finland,mep_party_cleaned3 (1).xlsx,Sheet1,157
Antti Kaikkonen,Centre Party,Finland,mep_party_cleaned3 (1).xlsx,Sheet1,158
Antti Kurvinen,Centre Party,Finland,mep_party_cleaned3 (1).xlsx,Sheet1,159
Antti Lindtman,Social Democratic Party of Finland,Finland,mep_party_cleaned3 (1).xlsx,Sheet1,160
Antti Rinne,Social Democratic Party,Finland,mep_party_cleaned3 (1).xlsx,Sheet1,161
Arash Saeidi,France Unbowed,France,mep_party_cleaned3 (1).xlsx,Sheet1,162
Arba Kokalari,Moderate Party,Sweden,mep_party_cleaned3 (1).xlsx,Sheet1,163
ARD ZDF Deutschlandradio Beitragsservice (commonly known as GEZ),Others,Germany,mep_party_cleaned3 (1).xlsx,Sheet1,164
Ari Koponen,Finns Party,Finland,mep_party_cleaned3 (1).xlsx,Sheet1,165
Arkadiusz Mularczyk,Law and Justice,Poland,mep_party_cleaned3 (1).xlsx,Sheet1,166
Armin Laschet,Christian Democratic Union,Germany,mep_party_cleaned3 (1).xlsx,Sheet1,167
Arnaldo Otegi,EH Bildu,Spain,mep_party_cleaned3 (1).xlsx,Sheet1,168
Arno Bausemer,Alternative for Germany,Germany,mep_party_cleaned3 (1).xlsx,Sheet1,169
Arto Satonen,National Coalition Party,Finland,mep_party_cleaned3 (1).xlsx,Sheet1,170
Åsa Westlund,Social Democrats,Sweden,mep_party_cleaned3 (1).xlsx,Sheet1,171
Asen Vaskov Vasilev,We Continue the Change,Bulgaria,mep_party_cleaned3 (1).xlsx,Sheet1,172
Association of European Journalists (AEJ),Professional association,Europe-wide,mep_party_cleaned3 (1).xlsx,Sheet1,173
Atanas Atanasov,Democratic Bulgaria,Bulgaria,mep_party_cleaned3 (1).xlsx,Sheet1,174
Atanas Slavov,We Continue the Change – Democratic Bulgaria,Bulgaria,mep_party_cleaned3 (1).xlsx,Sheet1,175
Atte Harjanne,Green League,Finland,mep_party_cleaned3 (1).xlsx,Sheet1,176
Attila Mesterházy,Hungarian Socialist Party,Hungary,mep_party_cleaned3 (1).xlsx,Sheet1,177
Augusto Ernesto Santos Silva,Socialist Party,Portugal,mep_party_cleaned3 (1).xlsx,Sheet1,178
Augusto Santos Silva,Socialist Party,Portugal,mep_party_cleaned3 (1).xlsx,Sheet1,179
Aura Salla,National Coalition Party,Finland,mep_party_cleaned3 (1).xlsx,Sheet1,180
Aurore Lalucq,Socialist Party,France,mep_party_cleaned3 (1).xlsx,Sheet1,181
Austin Nasso,,United States,mep_party_cleaned3 (1).xlsx,Sheet1,182
Austrian People's Party ,Austrian People's Party,Austria,mep_party_cleaned3 (1).xlsx,Sheet1,183
Ava Karabatić,Stranka Ivana Pernara,Croatia,mep_party_cleaned3 (1).xlsx,Sheet1,184
Avi Hyman,Likud,Israel,mep_party_cleaned3 (1).xlsx,Sheet1,185
Axel Voss,Christian Democratic Union of Germany,Germany,mep_party_cleaned3 (1).xlsx,Sheet1,186
Aymeric Caron,Ecological Revolution for the Living,France,mep_party_cleaned3 (1).xlsx,Sheet1,187
Balázs Győrffy,Fidesz – Hungarian Civic Alliance – Christian Democratic People's Party,Hungary,mep_party_cleaned3 (1).xlsx,Sheet1,188
Balázs Orbán,Fidesz,Hungary,mep_party_cleaned3 (1).xlsx,Sheet1,189
Barack Obama,Democratic Party,United States,mep_party_cleaned3 (1).xlsx,Sheet1,190
Baranyi Krisztina,Independent,Hungary,mep_party_cleaned3 (1).xlsx,Sheet1,191
Barbara Nowacka,Civic Coalition,Poland,mep_party_cleaned3 (1).xlsx,Sheet1,192
Bärbel Bas,Social Democratic Party,Germany,mep_party_cleaned3 (1).xlsx,Sheet1,193
Barry Andrews,Fianna Fáil,Ireland,mep_party_cleaned3 (1).xlsx,Sheet1,194
Bartłomiej Sienkiewicz,Civic Coalition,Poland,mep_party_cleaned3 (1).xlsx,Sheet1,195
Bartosz Arłukowicz,Civic Coalition,Poland,mep_party_cleaned3 (1).xlsx,Sheet1,196
Bas Eickhout,The Greens,Netherlands,mep_party_cleaned3 (1).xlsx,Sheet1,197
Bayer Zsolt,Fidesz,Hungary,mep_party_cleaned3 (1).xlsx,Sheet1,198
Beata Szydło,Law and Justice,Poland,mep_party_cleaned3 (1).xlsx,Sheet1,199
Beatrice Timgren, Sweden Democrats ,Sweden,mep_party_cleaned3 (1).xlsx,Sheet1,200
Beatrix von Storch,Alternative for Germany,Germany,mep_party_cleaned3 (1).xlsx,Sheet1,201
Begoña Gómez,Others,Spain,mep_party_cleaned3 (1).xlsx,Sheet1,202
Bella Forsgrén,Green League,Finland,mep_party_cleaned3 (1).xlsx,Sheet1,203
Ben Zyskowicz,National Coalition Party,Finland,mep_party_cleaned3 (1).xlsx,Sheet1,204
Benjamin Netanyahu,Likud,Israel,mep_party_cleaned3 (1).xlsx,Sheet1,205
Benny Gantz,National Unity Party,Israel,mep_party_cleaned3 (1).xlsx,Sheet1,206
Bernard Guetta,Common Good of Europeans,France,mep_party_cleaned3 (1).xlsx,Sheet1,207
Bernd Lange,Social Democratic Party of Germany,Germany,mep_party_cleaned3 (1).xlsx,Sheet1,208
Bernie Sanders,Independent,Finland,mep_party_cleaned3 (1).xlsx,Sheet1,209
Biljana Borzan,Social Democratic Party of Croatia,Croatia,mep_party_cleaned3 (1).xlsx,Sheet1,210
Birgit Sippel,Social Democratic Party of Germany,Germany,mep_party_cleaned3 (1).xlsx,Sheet1,211
Björn Höcke,Alternative for Germany,Germany,mep_party_cleaned3 (1).xlsx,Sheet1,212
Björn Wahlroos,Others,Finland,mep_party_cleaned3 (1).xlsx,Sheet1,213
Blagomir Kotzev,We Continue the Change – Democratic Bulgaria,Bulgaria,mep_party_cleaned3 (1).xlsx,Sheet1,214
Blanca Armario,Others,Spain,mep_party_cleaned3 (1).xlsx,Sheet1,215
Bloco de Esquerda,Bloco de Esquerda,Portugal,mep_party_cleaned3 (1).xlsx,Sheet1,216
Blue Bulgaria,Blue Bulgaria,Bulgaria,mep_party_cleaned3 (1).xlsx,Sheet1,217
Bogdan Bogdanow,Others,Bulgaria,mep_party_cleaned3 (1).xlsx,Sheet1,218
Bogdan Rzońca,Law and Justice,Poland,mep_party_cleaned3 (1).xlsx,Sheet1,219
Bogdan Zdrojewski,Civic Coalition,Poland,mep_party_cleaned3 (1).xlsx,Sheet1,220
Bojan Glavašević,We Can!,Croatia,mep_party_cleaned3 (1).xlsx,Sheet1,221
Boris Johnson,Conservative Party,United Kingdom,mep_party_cleaned3 (1).xlsx,Sheet1,222
Boris Malagurski,Others,Serbia,mep_party_cleaned3 (1).xlsx,Sheet1,223
Boris Pankin,Communist Party of the Soviet Union,Russia,mep_party_cleaned3 (1).xlsx,Sheet1,224
Boris Pistorius,Social Democratic Party,Germany,mep_party_cleaned3 (1).xlsx,Sheet1,225
Borislav Gutsanov,Bulgarian Socialist Party,Bulgaria,mep_party_cleaned3 (1).xlsx,Sheet1,226
Borislav Gutzanov,BSP,Bulgaria,mep_party_cleaned3 (1).xlsx,Sheet1,227
Borja Giménez Larraz,People's Party,Spain,mep_party_cleaned3 (1).xlsx,Sheet1,228
Borja Sémper,People's Party,Spain,mep_party_cleaned3 (1).xlsx,Sheet1,229
Borys Budka,Civic Coalition,Poland,mep_party_cleaned3 (1).xlsx,Sheet1,230
Boyan Chukov,Independent,Bulgaria,mep_party_cleaned3 (1).xlsx,Sheet1,231
Boyko Rashkov,We Continue the Change,Bulgaria,mep_party_cleaned3 (1).xlsx,Sheet1,232
Bożena Przyłuska,The Left,Poland,mep_party_cleaned3 (1).xlsx,Sheet1,233
Bozhidar Bozhanov,Democratic Bulgaria,Bulgaria,mep_party_cleaned3 (1).xlsx,Sheet1,234
Božo Petrov,The Bridge,Croatia,mep_party_cleaned3 (1).xlsx,Sheet1,235
Brian Mast,Republican Party,United States,mep_party_cleaned3 (1).xlsx,Sheet1,236
Bruno Gonçalves,Socialist Party,Portugal,mep_party_cleaned3 (1).xlsx,Sheet1,237
Bruno Le Maire,Renaissance,France,mep_party_cleaned3 (1).xlsx,Sheet1,238
Bruno Nunes,Chega,Portugal,mep_party_cleaned3 (1).xlsx,Sheet1,239
Bulgaria Can,Bulgaria Can Party,Bulgaria,mep_party_cleaned3 (1).xlsx,Sheet1,240
Bulgarian Socialist Party,Bulgarian Socialist Party,Bulgaria,mep_party_cleaned3 (1).xlsx,Sheet1,241
Bundestag,Federal Parliament,Germany,mep_party_cleaned3 (1).xlsx,Sheet1,242
Bushido,Not publicly affiliated,Germany,mep_party_cleaned3 (1).xlsx,Sheet1,243
Carl XVI Gustaf,Not affiliated,Sweden,mep_party_cleaned3 (1).xlsx,Sheet1,244
Carla Antonelli,Spanish Socialist Workers' Party,Spain,mep_party_cleaned3 (1).xlsx,Sheet1,245
Carla Denyer,Green Party,UK,mep_party_cleaned3 (1).xlsx,Sheet1,246
Carla Tavares,Socialist Party,Portugal,mep_party_cleaned3 (1).xlsx,Sheet1,247
Carla Toscano,Vox,Spain,mep_party_cleaned3 (1).xlsx,Sheet1,248
Carla Zambelli,Liberal Party,Brazil,mep_party_cleaned3 (1).xlsx,Sheet1,249
Carles Puigdemont,Junts per Catalunya,Spain,mep_party_cleaned3 (1).xlsx,Sheet1,250
Carles Puigdemont,Together for Catalonia,Spain,mep_party_cleaned3 (1).xlsx,Sheet1,251
Carlos Esteve Aparicio,SUMAR,Spain,mep_party_cleaned3 (1).xlsx,Sheet1,252
Carlos Guimarães Pinto,Iniciativa Liberal,Portugal,mep_party_cleaned3 (1).xlsx,Sheet1,253
Carlos Hernández Quero,VOX,Spain,mep_party_cleaned3 (1).xlsx,Sheet1,254
Carlos Mazón,People's Party,Spain,mep_party_cleaned3 (1).xlsx,Sheet1,255
Carlos Moedas,Partido Social Democrata,Portugal,mep_party_cleaned3 (1).xlsx,Sheet1,256
Carlos Tarife,People's Party,Spain,mep_party_cleaned3 (1).xlsx,Sheet1,257
Carl-Viktor Svensson,Moderate Party,Sweden,mep_party_cleaned3 (1).xlsx,Sheet1,258
Carmen Crespo,People's Party,Spain,mep_party_cleaned3 (1).xlsx,Sheet1,259
Carmen Smith,Not publicly affiliated,United Kingdom,mep_party_cleaned3 (1).xlsx,Sheet1,260
Carola Rackete,The Left,Germany,mep_party_cleaned3 (1).xlsx,Sheet1,261
Carolina Gustafsson,Not publicly known,Sweden,mep_party_cleaned3 (1).xlsx,Sheet1,262
Caroline Bosbach,Christian Democratic Union,Germany,mep_party_cleaned3 (1).xlsx,Sheet1,263
Caroline Lucas,Green Party,UK,mep_party_cleaned3 (1).xlsx,Sheet1,264
Catarina Martins,Left Bloc,Portugal,mep_party_cleaned3 (1).xlsx,Sheet1,265
Cate Blanchett,Others,Australia,mep_party_cleaned3 (1).xlsx,Sheet1,266
Catherine Ashton,Labour Party,United Kingdom,mep_party_cleaned3 (1).xlsx,Sheet1,267
Catherine Griset,National Rally,France,mep_party_cleaned3 (1).xlsx,Sheet1,268
Cayetana Álvarez de Toledo,People's Party,Spain,mep_party_cleaned3 (1).xlsx,Sheet1,269
CDU,Unitary Democratic Coalition,Portugal,mep_party_cleaned3 (1).xlsx,Sheet1,270
Cecília Meireles,CDS – People's Party,Portugal,mep_party_cleaned3 (1).xlsx,Sheet1,271
Céline Imart,The Republicans,France,mep_party_cleaned3 (1).xlsx,Sheet1,272
Cem Özdemir,Alliance 90/The Greens,Germany,mep_party_cleaned3 (1).xlsx,Sheet1,273
Cenk Uygur,Democratic Party,United States,mep_party_cleaned3 (1).xlsx,Sheet1,274
Center Party,Centre Party,Sweden,mep_party_cleaned3 (1).xlsx,Sheet1,275
César Luena,Spanish Socialist Workers' Party,Spain,mep_party_cleaned3 (1).xlsx,Sheet1,276
Charles Consigny,The Republicans,France,mep_party_cleaned3 (1).xlsx,Sheet1,277
Charles III,,United Kingdom,mep_party_cleaned3 (1).xlsx,Sheet1,278
Charles Michel,Reformist Movement,Belguim,mep_party_cleaned3 (1).xlsx,Sheet1,279
Charlie Hederberg,The Moderate Party,Sweden,mep_party_cleaned3 (1).xlsx,Sheet1,280
Charlie Weimers, Sweden Democrats ,Sweden,mep_party_cleaned3 (1).xlsx,Sheet1,281
Charly Salonius-Pasternak,Others,Finland,mep_party_cleaned3 (1).xlsx,Sheet1,282
Chase Oliver,Libertarian Party,United States,mep_party_cleaned3 (1).xlsx,Sheet1,283
Chega,Chega,Portugal,mep_party_cleaned3 (1).xlsx,Sheet1,284
Chega Açores,Chega,Portugal,mep_party_cleaned3 (1).xlsx,Sheet1,285
Chega!,Chega,Portugal,mep_party_cleaned3 (1).xlsx,Sheet1,286
Chloé Ridel,Socialist Party,France,mep_party_cleaned3 (1).xlsx,Sheet1,287
Christian Democratic Union/Christian Social Union (CDU/CSU),Political alliance,Germany,mep_party_cleaned3 (1).xlsx,Sheet1,288
Christian Doleschal,Christian Social Union in Bayern,Germany,mep_party_cleaned3 (1).xlsx,Sheet1,289
Christian Dürr,Free Democratic Party,Germany,mep_party_cleaned3 (1).xlsx,Sheet1,290
Christian Ehler,Christian Democratic Union of Germany,Germany,mep_party_cleaned3 (1).xlsx,Sheet1,291
Christian Lindner,Free Democratic Party,Germany,mep_party_cleaned3 (1).xlsx,Sheet1,292
Christina Gestrin,Swedish People's Party,Finland,mep_party_cleaned3 (1).xlsx,Sheet1,293
Christine Anderson,Alternative for Germany,Germany,mep_party_cleaned3 (1).xlsx,Sheet1,294
Christine Lagarde,Others,France,mep_party_cleaned3 (1).xlsx,Sheet1,295
Christine Schneider,Christian Democratic Union of Germany,Germany,mep_party_cleaned3 (1).xlsx,Sheet1,296
Christine Singer,Free Voters,Germany,mep_party_cleaned3 (1).xlsx,Sheet1,297
Christophe Clergeau,Socialist Party,France,mep_party_cleaned3 (1).xlsx,Sheet1,298
Christophe Gomart,The Republicans,France,mep_party_cleaned3 (1).xlsx,Sheet1,299
Christophe Grudler,Common Good of Europeans,France,mep_party_cleaned3 (1).xlsx,Sheet1,300
Civic Platform,Platforma Obywatelska (PO),Poland,mep_party_cleaned3 (1).xlsx,Sheet1,301
Claire Fita,Socialist Party,France,mep_party_cleaned3 (1).xlsx,Sheet1,302
Clare Daly,IndependentS 4 Change,Ireland,mep_party_cleaned3 (1).xlsx,Sheet1,303
Claudia Roth,Alliance 90/The Greens,Germany,mep_party_cleaned3 (1).xlsx,Sheet1,304
Claus Kleber,Not publicly affiliated,Germany,mep_party_cleaned3 (1).xlsx,Sheet1,305
Conservative Party,Conservative Party,United Kingdom,mep_party_cleaned3 (1).xlsx,Sheet1,306
Cristian Terheș,Christian Democratic National Peasants' Party,Romania,mep_party_cleaned3 (1).xlsx,Sheet1,307
Cristina Fallarás,Others,Spain,mep_party_cleaned3 (1).xlsx,Sheet1,308
Cristina Fernándeez,Justicialist party,Argentina,mep_party_cleaned3 (1).xlsx,Sheet1,309
Cristina Fernández de Kirchner,Justicialist Party,Argentina,mep_party_cleaned3 (1).xlsx,Sheet1,310
Cristina García Salazar,Animalist Party with the Environment,Spain,mep_party_cleaned3 (1).xlsx,Sheet1,311
Cristina Maestre,Spanish Socialist Workers' Party,Spain,mep_party_cleaned3 (1).xlsx,Sheet1,312
Cristina Mortágua,Left Block,Portugal,mep_party_cleaned3 (1).xlsx,Sheet1,313
Csaba Molnár,Democratic Coalition – Hungarian Socialist Party – Dialogue,Hungary,mep_party_cleaned3 (1).xlsx,Sheet1,314
Cseh Katalin,Momentum Movement,Hungary,mep_party_cleaned3 (1).xlsx,Sheet1,315
Cuca Gamarra,People's Party,Spain,mep_party_cleaned3 (1).xlsx,Sheet1,316
Dalibor Domitrović,Social Democratic Party of Croatia,Croatia,mep_party_cleaned3 (1).xlsx,Sheet1,317
Dalija Orešković,Party with a First and Last Name,Croatia,mep_party_cleaned3 (1).xlsx,Sheet1,318
Damian Boeselager,Volt Germany,Germany,mep_party_cleaned3 (1).xlsx,Sheet1,319
Damien Carême,France Unbowed,France,mep_party_cleaned3 (1).xlsx,Sheet1,320
Damir Bakić,We can!,Croatia,mep_party_cleaned3 (1).xlsx,Sheet1,321
Damir Habijan,Croatian Democratic Union,Croatia,mep_party_cleaned3 (1).xlsx,Sheet1,322
Daniel Caspary,Christian Democratic Union of Germany,Germany,mep_party_cleaned3 (1).xlsx,Sheet1,323
Daniel Esteve,Others,Spain,mep_party_cleaned3 (1).xlsx,Sheet1,324
Daniel Freund,Alliance 90/The Greens,Germany,mep_party_cleaned3 (1).xlsx,Sheet1,325
Daniel Halemba,Alternative for Germany,Germany,mep_party_cleaned3 (1).xlsx,Sheet1,326
Daniel Helldén,Green Party,Sweden,mep_party_cleaned3 (1).xlsx,Sheet1,327
Daniel Lorer,We Continue the Change,Bulgaria,mep_party_cleaned3 (1).xlsx,Sheet1,328
Daniel Mitov,Citizens for European Development of Bulgaria,Bulgaria,mep_party_cleaned3 (1).xlsx,Sheet1,329
Daniel Obajtek,Law and Justice,Poland,mep_party_cleaned3 (1).xlsx,Sheet1,330
Daniel Vukelja,Others,Croatia,mep_party_cleaned3 (1).xlsx,Sheet1,331
Danijela Dolenec,We can!,Croatia,mep_party_cleaned3 (1).xlsx,Sheet1,332
Danuta Jazłowiecka,Civic Coalition,Poland,mep_party_cleaned3 (1).xlsx,Sheet1,333
Darin Georgiev,Velichie Party,Bulgaria,mep_party_cleaned3 (1).xlsx,Sheet1,334
Dario Zurovec,Focus,Croatia,mep_party_cleaned3 (1).xlsx,Sheet1,335
Dariusz Joński,Civic Coalition,Poland,mep_party_cleaned3 (1).xlsx,Sheet1,336
Dariusz Matecki,Law and Justice,Poland,mep_party_cleaned3 (1).xlsx,Sheet1,337
David Cormand,The Ecologists,France,mep_party_cleaned3 (1).xlsx,Sheet1,338
David García,VOX,Spain,mep_party_cleaned3 (1).xlsx,Sheet1,339
David Guiraud,La France Insoumise,France,mep_party_cleaned3 (1).xlsx,Sheet1,340
David Lång,Sweden Democrats,Sweden,mep_party_cleaned3 (1).xlsx,Sheet1,341
David Lisnard,The Republicans,France,mep_party_cleaned3 (1).xlsx,Sheet1,342
David McAllister,Christian Democratic Union of Germany,Germany,mep_party_cleaned3 (1).xlsx,Sheet1,343
David Pressman,Democratic Party,USA,mep_party_cleaned3 (1).xlsx,Sheet1,344
Davor Božinović,Croatian Democratic Union,Croatia,mep_party_cleaned3 (1).xlsx,Sheet1,345
Davor Dretar,Homeland Movement,Croatia,mep_party_cleaned3 (1).xlsx,Sheet1,346
Davor Ivo Stier,Croatian Democratic Union,Croatia,mep_party_cleaned3 (1).xlsx,Sheet1,347
Delara Burkhardt,Social Democratic Party of Germany,Germany,mep_party_cleaned3 (1).xlsx,Sheet1,348
Delyan Dobrev,Citizens for European Development of Bulgaria,Bulgaria,mep_party_cleaned3 (1).xlsx,Sheet1,349
Delyan Peevski,Movement for Rights and Freedoms,Bulgaria,mep_party_cleaned3 (1).xlsx,Sheet1,350
Democratic Bulgaria,Democratic Bulgaria,Bulgaria,mep_party_cleaned3 (1).xlsx,Sheet1,351
Democrats for a Strong Bulgaria,Democratic Bulgaria Coalition,Bulgaria,mep_party_cleaned3 (1).xlsx,Sheet1,352
Denice Westerberg,Sweden Democrats,Sweden,mep_party_cleaned3 (1).xlsx,Sheet1,353
Denis Bećirović,Social Democratic Party of Bosnia and Herzegovina,Bosnia and Herzegovina,mep_party_cleaned3 (1).xlsx,Sheet1,354
Denitsa Sacheva,Citizens for European Development of Bulgaria,Bulgaria,mep_party_cleaned3 (1).xlsx,Sheet1,355
Denitsa Simeonova,We Continue the Change,Bulgaria,mep_party_cleaned3 (1).xlsx,Sheet1,356
Dennis Radtke,Christian Democratic Union of Germany,Germany,mep_party_cleaned3 (1).xlsx,Sheet1,357
Desislava Atanasova,Citizens for European Development of Bulgaria,Bulgaria,mep_party_cleaned3 (1).xlsx,Sheet1,358
Deutsch Tamás,Fidesz,Hungary,mep_party_cleaned3 (1).xlsx,Sheet1,359
Deutsche Bahn,State-owned railway company,Germany,mep_party_cleaned3 (1).xlsx,Sheet1,360
Deyan Nikolov,Revival,Bulgaria,mep_party_cleaned3 (1).xlsx,Sheet1,361
Diana Ghafour Feyli,Not publicly known,Sweden,mep_party_cleaned3 (1).xlsx,Sheet1,362
Diana Morant,Spanish Socialist Workers' Party,Spain,mep_party_cleaned3 (1).xlsx,Sheet1,363
Diana Riba,Republics Now,Spain,mep_party_cleaned3 (1).xlsx,Sheet1,364
Dick Erixon, Sweden Democrats ,Sweden,mep_party_cleaned3 (1).xlsx,Sheet1,365
Die Grünen – Die Grüne Alternative,The Greens – The Green Alternative,Austria,mep_party_cleaned3 (1).xlsx,Sheet1,366
Diego Cañamero,United Left,Spain,mep_party_cleaned3 (1).xlsx,Sheet1,367
Diego Solier,Se Acabó La Fiesta,Spain,mep_party_cleaned3 (1).xlsx,Sheet1,368
Dieter Bohlen,Not publicly affiliated,Germany,mep_party_cleaned3 (1).xlsx,Sheet1,369
Dilma Rousseff,Workers' Party,Brazil,mep_party_cleaned3 (1).xlsx,Sheet1,370
Dimitar Gardev,There Is Such a People,Bulgaria,mep_party_cleaned3 (1).xlsx,Sheet1,371
Dimitar Glavchev,GERB,Bulgaria,mep_party_cleaned3 (1).xlsx,Sheet1,372
Dimitar Naydenov,We Continue the Change – Democratic Bulgaria,Bulgaria,mep_party_cleaned3 (1).xlsx,Sheet1,373
Dimitri Qvintus,Social Democratic Party,Finland,mep_party_cleaned3 (1).xlsx,Sheet1,374
Dinko Valev,Others,Bulgaria,mep_party_cleaned3 (1).xlsx,Sheet1,375
Diogo Pacheco de Amorim,Chega,Portugal,mep_party_cleaned3 (1).xlsx,Sheet1,376
Dita Charanzová,ANO 2011,Czech Republic,mep_party_cleaned3 (1).xlsx,Sheet1,377
Dmitry Medvedev,United Russia,Russia,mep_party_cleaned3 (1).xlsx,Sheet1,378
Dobrev Klára,Democratic Coalition,Hungary,mep_party_cleaned3 (1).xlsx,Sheet1,379
Dobromir Sośnierz,Confederation Liberty and Independence,Poland,mep_party_cleaned3 (1).xlsx,Sheet1,380
Dobroslav Paraga,Croatian Party of Rights,Croatia,mep_party_cleaned3 (1).xlsx,Sheet1,381
Dolors Montserrat,People's Party,Spain,mep_party_cleaned3 (1).xlsx,Sheet1,382
Dominik Tarczyński,Law and Justice,Poland,mep_party_cleaned3 (1).xlsx,Sheet1,383
Donald Trump,Republican Party,United States,mep_party_cleaned3 (1).xlsx,Sheet1,384
Donald Tusk,Civic Platform Party,Poland,mep_party_cleaned3 (1).xlsx,Sheet1,385
Donáth Anna,Momentum Movement,Hungary,mep_party_cleaned3 (1).xlsx,Sheet1,386
Dong Jun,Others,China,mep_party_cleaned3 (1).xlsx,Sheet1,387
Dóra Dávid,Respect and Freedom Party,Hungary,mep_party_cleaned3 (1).xlsx,Sheet1,388
Dóra Dúró,Our Homeland Movement,Hungary,mep_party_cleaned3 (1).xlsx,Sheet1,389
Dorota Anna Kolarska,Left Together,Poland,mep_party_cleaned3 (1).xlsx,Sheet1,390
Dorotea Strelec,Others,Croatia,mep_party_cleaned3 (1).xlsx,Sheet1,391
Duarte Costa,Volt Portugal,Portugal,mep_party_cleaned3 (1).xlsx,Sheet1,392
Dubravka Šuica,Croatian Democratic Union,Croatia,mep_party_cleaned3 (1).xlsx,Sheet1,393
Dúró Dóra,Mi Hazánk,Hungary,mep_party_cleaned3 (1).xlsx,Sheet1,394
Dúró Dóra,Our Homeland Movement,Hungary,mep_party_cleaned3 (1).xlsx,Sheet1,395
Dušica Radojčić,We can!,Croatia,mep_party_cleaned3 (1).xlsx,Sheet1,396
Dzhevdet Chakarov,Movement for Rights and Freedoms,Bulgaria,mep_party_cleaned3 (1).xlsx,Sheet1,397
Ebba Busch,Christian Democrats,Sweden,mep_party_cleaned3 (1).xlsx,Sheet1,398
Ebrahim Raisi,Combatant Clergy Association,Iran,mep_party_cleaned3 (1).xlsx,Sheet1,399
Ecological Democratic Party (ÖDP),Ecological Democratic Party,Germany,mep_party_cleaned3 (1).xlsx,Sheet1,400
Edi Rama,Socialist Party of Albania,Albania,mep_party_cleaned3 (1).xlsx,Sheet1,401
Eduardo Delgado,Others,Argentina,mep_party_cleaned3 (1).xlsx,Sheet1,402
Eduardo Zaplana,People's Party,Spain,mep_party_cleaned3 (1).xlsx,Sheet1,403
Eero Heinäluoma,Social Democratic Party,Finland,mep_party_cleaned3 (1).xlsx,Sheet1,404
Eero Heinäluoma,Social Democratic Party of Finland,Finland,mep_party_cleaned3 (1).xlsx,Sheet1,405
Eetu Korhonen,Centre Party,Finland,mep_party_cleaned3 (1).xlsx,Sheet1,406
Ehud Barak,Israel Democratic Party,Israel,mep_party_cleaned3 (1).xlsx,Sheet1,407
Eija-Riitta Korhola,National Coalition Party,Finland,mep_party_cleaned3 (1).xlsx,Sheet1,408
Ekaterina Zaharieva,Citizens for European Development of Bulgaria,Bulgaria,mep_party_cleaned3 (1).xlsx,Sheet1,409
El Gran Wyoming,Others,Spain,mep_party_cleaned3 (1).xlsx,Sheet1,410
Elena Mitrofanova,Others,Russia,mep_party_cleaned3 (1).xlsx,Sheet1,411
Elena Nevado,People's Party,Spain,mep_party_cleaned3 (1).xlsx,Sheet1,412
Elena Poptodorova,Bulgarian Socialist Party,Bulgaria,mep_party_cleaned3 (1).xlsx,Sheet1,413
Elena Sancho,Spanish Socialist Workers' Party,Spain,mep_party_cleaned3 (1).xlsx,Sheet1,414
Elena Yoncheva,Movement for Rights and Freedom,Bulgaria,mep_party_cleaned3 (1).xlsx,Sheet1,415
Eleonora Mitrofanova,Others,Russia,mep_party_cleaned3 (1).xlsx,Sheet1,416
Elina Valtonen,National Coalition Party,Finland,mep_party_cleaned3 (1).xlsx,Sheet1,417
Elisa Aaltola,Green League,Finland,mep_party_cleaned3 (1).xlsx,Sheet1,418
Elisabeth Svantesson,Moderate Party,Sweden,mep_party_cleaned3 (1).xlsx,Sheet1,419
Elisaveta Belobradova,Democratic Bulgaria,Bulgaria,mep_party_cleaned3 (1).xlsx,Sheet1,420
Elizabeth Duval,Others,Spain,mep_party_cleaned3 (1).xlsx,Sheet1,421
Ella Kardemark,The Christian Democrats,Sweden,mep_party_cleaned3 (1).xlsx,Sheet1,422
Elokapina,Environmental Movement,Finland,mep_party_cleaned3 (1).xlsx,Sheet1,423
Elsi Katainen,Centre Party,Finland,mep_party_cleaned3 (1).xlsx,Sheet1,424
Elżbieta Anna Polak,Civic Coalition,Poland,mep_party_cleaned3 (1).xlsx,Sheet1,425
Elżbieta Łukacijewska,Civic Coalition,Poland,mep_party_cleaned3 (1).xlsx,Sheet1,426
Elżbieta Polak,Civic Coalition,Poland,mep_party_cleaned3 (1).xlsx,Sheet1,427
Emanuel Karsten,Not publicly known,Sweden,mep_party_cleaned3 (1).xlsx,Sheet1,428
Emelie Nyman,Green Party,Sweden,mep_party_cleaned3 (1).xlsx,Sheet1,429
Emil Eneblad,Not publicly known,Sweden,mep_party_cleaned3 (1).xlsx,Sheet1,430
Emil Radev,GERB–Union of Democratic Forces,Bulgaria,mep_party_cleaned3 (1).xlsx,Sheet1,431
Emil Yankov,Democratic Bulgaria,Bulgaria,mep_party_cleaned3 (1).xlsx,Sheet1,432
Emiliano García-Page,Spanish Socialist Workers' Party,Spain,mep_party_cleaned3 (1).xlsx,Sheet1,433
Emilio Delgado,PODEMOS,Spain,mep_party_cleaned3 (1).xlsx,Sheet1,434
Emilio Delgado,SUMAR,Spain,mep_party_cleaned3 (1).xlsx,Sheet1,435
Emma Fourreau,France Unbowed,France,mep_party_cleaned3 (1).xlsx,Sheet1,436
Emma Rafowicz,Socialist Party,France,mep_party_cleaned3 (1).xlsx,Sheet1,437
Emma Wiesner, Centre Party,Sweden,mep_party_cleaned3 (1).xlsx,Sheet1,438
Emmanuel Macron,Renaissance,France,mep_party_cleaned3 (1).xlsx,Sheet1,439
Emmi Lintonen,Social Democratic Party,Finland,mep_party_cleaned3 (1).xlsx,Sheet1,440
Engin Eroglu,Free Voters,Germany,mep_party_cleaned3 (1).xlsx,Sheet1,441
Enikő Győri,Fidesz – Hungarian Civic Alliance – Christian Democratic People's Party,Hungary,mep_party_cleaned3 (1).xlsx,Sheet1,442
Enio Meštrović,Others,Croatia,mep_party_cleaned3 (1).xlsx,Sheet1,443
Enrique Santiago,United Left,Spain,mep_party_cleaned3 (1).xlsx,Sheet1,444
Ergue-te,Ergue-te,Portugal,mep_party_cleaned3 (1).xlsx,Sheet1,445
Éric Ciotti,The Republicans,France,mep_party_cleaned3 (1).xlsx,Sheet1,446
Éric Sargiacomo,Socialist Party,France,mep_party_cleaned3 (1).xlsx,Sheet1,447
Éric Zemmour,Reconquête,France,mep_party_cleaned3 (1).xlsx,Sheet1,448
Éric Zemmour,Reconquête,French,mep_party_cleaned3 (1).xlsx,Sheet1,449
Erich Honecker,Socialist Unity Party,Germany,mep_party_cleaned3 (1).xlsx,Sheet1,450
Erik Marquardt,Alliance 90/The Greens,Germany,mep_party_cleaned3 (1).xlsx,Sheet1,451
Erkki Tuomioja,Social Democratic Party,Finland,mep_party_cleaned3 (1).xlsx,Sheet1,452
Ermin Skoric,Not publicly known,Sweden,mep_party_cleaned3 (1).xlsx,Sheet1,453
Ernest Urtasun,En Comú Podem,Spain,mep_party_cleaned3 (1).xlsx,Sheet1,454
Ernő Schaller-Baross,Fidesz – Hungarian Civic Alliance – Christian Democratic People's Party,Hungary,mep_party_cleaned3 (1).xlsx,Sheet1,455
Esko Kiviranta,Centre Party,Finland,mep_party_cleaned3 (1).xlsx,Sheet1,456
Esperanza Aguirre,People's Party,Spain,mep_party_cleaned3 (1).xlsx,Sheet1,457
Esteban González Pons,People's Party,Spain,mep_party_cleaned3 (1).xlsx,Sheet1,458
Ester Muñoz,People's Party,Spain,mep_party_cleaned3 (1).xlsx,Sheet1,459
Esther Gil de Reboleño,People's Party,Spain,mep_party_cleaned3 (1).xlsx,Sheet1,460
Esther Herranz García,People's Party,Spain,mep_party_cleaned3 (1).xlsx,Sheet1,461
Estrella Galán,Sumar,Spain,mep_party_cleaned3 (1).xlsx,Sheet1,462
Estrella Galán Pérez,SUMAR,Spain,mep_party_cleaned3 (1).xlsx,Sheet1,463
Eszter Lakos,Respect and Freedom Party,Hungary,mep_party_cleaned3 (1).xlsx,Sheet1,464
European Conservatives and Reformists,ECR,European Union,mep_party_cleaned3 (1).xlsx,Sheet1,465
European Democratic Party (EDP/PDE),"Centrist, pro-European political party",Europe-wide,mep_party_cleaned3 (1).xlsx,Sheet1,466
European Greens,European Green Party,Europe-wide,mep_party_cleaned3 (1).xlsx,Sheet1,467
European Left,Party of the European Left,Europe,mep_party_cleaned3 (1).xlsx,Sheet1,468
European People's Party,European People's Party,Europe,mep_party_cleaned3 (1).xlsx,Sheet1,469
European People's Party (EPP/EVP),Center-right European political party,Europe-wide,mep_party_cleaned3 (1).xlsx,Sheet1,470
Eva Biaudet,Swedish People's Party,Finland,mep_party_cleaned3 (1).xlsx,Sheet1,471
Eva Maydell,GERB–Union of Democratic Forces,Bulgaria,mep_party_cleaned3 (1).xlsx,Sheet1,472
Eva Vlaardingerbroek,Others,Netherlands,mep_party_cleaned3 (1).xlsx,Sheet1,473
Evangelische Jugend,Protestant Youth Organization,Germany,mep_party_cleaned3 (1).xlsx,Sheet1,474
Evika Siliņa,Law and Justice,Latvia,mep_party_cleaned3 (1).xlsx,Sheet1,475
Evin Incir,Swedish Social Democratic Workers' Party,Sweden,mep_party_cleaned3 (1).xlsx,Sheet1,476
Ewa Kopacz,Civic Coalition,Poland,mep_party_cleaned3 (1).xlsx,Sheet1,477
Ewa Zajączkowska-Hernik,Confederation Liberty and Independence ,Poland,mep_party_cleaned3 (1).xlsx,Sheet1,478
Fabian Figueiredo,Bloco de Esquerda,Portugal,mep_party_cleaned3 (1).xlsx,Sheet1,479
Fabien Roussel,French Communist Party,France,mep_party_cleaned3 (1).xlsx,Sheet1,480
Fabienne Keller,Common Good of Europeans,France,mep_party_cleaned3 (1).xlsx,Sheet1,481
Fabio De Masi,Citizens for Mecklenburg-Vorpommern,Germany,mep_party_cleaned3 (1).xlsx,Sheet1,482
Fabrice Leggeri,National Rally,France,mep_party_cleaned3 (1).xlsx,Sheet1,483
Fatim Diarra,Green League,Finland,mep_party_cleaned3 (1).xlsx,Sheet1,484
Fátima Hamed Hossain,Movement for Dignity and Citizenship (MDyC),Spain,mep_party_cleaned3 (1).xlsx,Sheet1,485
Federico Jiménez Losantos,Others,Spain,mep_party_cleaned3 (1).xlsx,Sheet1,486
Fekete Győr András,Momentum Movement,Hungary,mep_party_cleaned3 (1).xlsx,Sheet1,487
Felipe González,Spanish Socialist Workers' Party,Spain,mep_party_cleaned3 (1).xlsx,Sheet1,488
Felipe Melo,Chega,Portugal,mep_party_cleaned3 (1).xlsx,Sheet1,489
Félix Bolaños,Spanish Socialist Workers' Party,Spain,mep_party_cleaned3 (1).xlsx,Sheet1,490
Fernando Martínez,Spanish Socialist Workers' Party,Spain,mep_party_cleaned3 (1).xlsx,Sheet1,491
Fernando Medina,Socialist Party,Portugal,mep_party_cleaned3 (1).xlsx,Sheet1,492
Fernando Navarrete,People's Party,Spain,mep_party_cleaned3 (1).xlsx,Sheet1,493
Fine Gael,Fine Gael,Ireland,mep_party_cleaned3 (1).xlsx,Sheet1,494
Florence Gaub,Not publicly affiliated,Germany,mep_party_cleaned3 (1).xlsx,Sheet1,495
Florian Merz,Not publicly affiliated,Germany,mep_party_cleaned3 (1).xlsx,Sheet1,496
Florian Philippot,The Patriots,France,mep_party_cleaned3 (1).xlsx,Sheet1,497
France Jamet,National Rally,France,mep_party_cleaned3 (1).xlsx,Sheet1,498
Francina Armengol,Spanish Socialist Workers' Party,Spain,mep_party_cleaned3 (1).xlsx,Sheet1,499
Francisco Assis,Socialist Party,Portugal,mep_party_cleaned3 (1).xlsx,Sheet1,500
Francisco Camps,People's Party,Spain,mep_party_cleaned3 (1).xlsx,Sheet1,501
Francisco Millán Mon,People's Party,Spain,mep_party_cleaned3 (1).xlsx,Sheet1,502
Francisco Paupério,LIVRE,Portugal,mep_party_cleaned3 (1).xlsx,Sheet1,503
François Asselineau,Popular Republican Union,France,mep_party_cleaned3 (1).xlsx,Sheet1,504
François Hollande,Socialist Party,France,mep_party_cleaned3 (1).xlsx,Sheet1,505
François Kalfon,Socialist Party,France,mep_party_cleaned3 (1).xlsx,Sheet1,506
François Ruffin,France Unbowed,France,mep_party_cleaned3 (1).xlsx,Sheet1,507
François-Xavier Bellamy,The Republicans,France,mep_party_cleaned3 (1).xlsx,Sheet1,508
Frank-Walter Steinmeier,Social Democratic Party,Germany,mep_party_cleaned3 (1).xlsx,Sheet1,509
Franz Josef Strauß,Christian Social Union,Germany,mep_party_cleaned3 (1).xlsx,Sheet1,510
Fratelli d'Italia,Brothers of Italy,Italy,mep_party_cleaned3 (1).xlsx,Sheet1,511
Frédéric Maillot,For Réunion,France,mep_party_cleaned3 (1).xlsx,Sheet1,512
Fredrik af Malmborg,Not publicly known,Sweden,mep_party_cleaned3 (1).xlsx,Sheet1,513
Fredrik Brange,Not publicly known,Sweden,mep_party_cleaned3 (1).xlsx,Sheet1,514
Fredrik Kärrholm,Moderate Party,Sweden,mep_party_cleaned3 (1).xlsx,Sheet1,515
Free Voters (Freie Wähler),Centrist political party,Germany,mep_party_cleaned3 (1).xlsx,Sheet1,516
Freedom Party of Austria,Freedom Party of Austria,Austria,mep_party_cleaned3 (1).xlsx,Sheet1,517
Frida Sigfrids,Swedish People's Party of Finland,Finland ,mep_party_cleaned3 (1).xlsx,Sheet1,518
Friedrich Merz,Christian Democratic Union,Germany,mep_party_cleaned3 (1).xlsx,Sheet1,519
Friedrich Pürner,Citizens for Mecklenburg-Vorpommern,Germany,mep_party_cleaned3 (1).xlsx,Sheet1,520
Fumio Kishida,Liberal Democratic Party,Japan,mep_party_cleaned3 (1).xlsx,Sheet1,521
Gabriel Attal,La République En Marche!,France,mep_party_cleaned3 (1).xlsx,Sheet1,522
Gabriel Mato,People's Party,Spain,mep_party_cleaned3 (1).xlsx,Sheet1,523
Gabriel Rufián,Republican Left of Catalonia,Spain,mep_party_cleaned3 (1).xlsx,Sheet1,524
Gabriela Bošnjak,Croatian Social Liberal Party,Croatia,mep_party_cleaned3 (1).xlsx,Sheet1,525
Gabriele Bischoff,Social Democratic Party of Germany,Germany,mep_party_cleaned3 (1).xlsx,Sheet1,526
Gabriele Krone-Schmalz,Not publicly affiliated,Germany,mep_party_cleaned3 (1).xlsx,Sheet1,527
Gabriella Gerzsenyi,Respect and Freedom Party,Hungary,mep_party_cleaned3 (1).xlsx,Sheet1,528
Gabrijela Žalac,Croatian Democratic Union,Croatia,mep_party_cleaned3 (1).xlsx,Sheet1,529
Gaby Bischoff,Social Democratic Party,Germany,mep_party_cleaned3 (1).xlsx,Sheet1,530
Gaëtan Dussausaye,National Rally,France,mep_party_cleaned3 (1).xlsx,Sheet1,531
Gashaw Bibani,Green League,Finland,mep_party_cleaned3 (1).xlsx,Sheet1,532
Gavin Newsom,Democratic Party,USA,mep_party_cleaned3 (1).xlsx,Sheet1,533
Geert Wilders,Party for Freedom,Netherlands,mep_party_cleaned3 (1).xlsx,Sheet1,534
General Dinko Valev (Shivikov),Independent,Bulgaria,mep_party_cleaned3 (1).xlsx,Sheet1,535
Genka Shikerova,Independent,Bulgaria,mep_party_cleaned3 (1).xlsx,Sheet1,536
George Bush,Republican Party,USA,mep_party_cleaned3 (1).xlsx,Sheet1,537
George Soros,,United States,mep_party_cleaned3 (1).xlsx,Sheet1,538
Georgi Georgiev,We Continue the Change,Bulgaria,mep_party_cleaned3 (1).xlsx,Sheet1,539
Georgi Svilenski,Bulgarian Socialist Party,Bulgaria,mep_party_cleaned3 (1).xlsx,Sheet1,540
Gerardo Pisarello,En Comú Podem,Spain,mep_party_cleaned3 (1).xlsx,Sheet1,541
GERB,GERB,Bulgaria,mep_party_cleaned3 (1).xlsx,Sheet1,542
GERB-SDS,GERB-SDS Coalition,Bulgaria,mep_party_cleaned3 (1).xlsx,Sheet1,543
Gergely Gulyás,Fidesz,Hungary,mep_party_cleaned3 (1).xlsx,Sheet1,544
Gergely Karácsony,Dialogue for Hungary,Hungary,mep_party_cleaned3 (1).xlsx,Sheet1,545
Gerhard Schröder,Social Democratic Party,Germany,mep_party_cleaned3 (1).xlsx,Sheet1,546
Gerhart Baum,Free Democratic Party,Germany,mep_party_cleaned3 (1).xlsx,Sheet1,547
Gibanje Svoboda,Freedom Movement,Slovenia,mep_party_cleaned3 (1).xlsx,Sheet1,548
Gideon Levy,Not publicly affiliated,Israel,mep_party_cleaned3 (1).xlsx,Sheet1,549
Gilles Boyer,Common Good of Europeans,France,mep_party_cleaned3 (1).xlsx,Sheet1,550
Gilles Pennelle,National Rally,France,mep_party_cleaned3 (1).xlsx,Sheet1,551
Giorgia Meloni,Brothers of Italy,Italy,mep_party_cleaned3 (1).xlsx,Sheet1,552
Giovanni Mori,Fridays for Future,Italy,mep_party_cleaned3 (1).xlsx,Sheet1,553
Gonzalo de Oro,VOX,Spain,mep_party_cleaned3 (1).xlsx,Sheet1,554
Gonzalo de Oro-Pulido,Vox,Spain,mep_party_cleaned3 (1).xlsx,Sheet1,555
Gordan Bosanac,We Can!,Croatia,mep_party_cleaned3 (1).xlsx,Sheet1,556
Gordan Jandroković,Croatian Democratic Union,Croatia,mep_party_cleaned3 (1).xlsx,Sheet1,557
Gottfried Curio,Alternative for Germany,Germany ,mep_party_cleaned3 (1).xlsx,Sheet1,558
Grace O'Sullivan,Green Party,Ireland,mep_party_cleaned3 (1).xlsx,Sheet1,559
Green Youth,Youth wing of Alliance 90/The Greens,Germany,mep_party_cleaned3 (1).xlsx,Sheet1,560
Greens/EFA,Greens/EFA,European Union,mep_party_cleaned3 (1).xlsx,Sheet1,561
Gregor Gysi,The Left,Germany,mep_party_cleaned3 (1).xlsx,Sheet1,562
Grégory Allione,Common Good of Europeans,France,mep_party_cleaned3 (1).xlsx,Sheet1,563
Greta Thunberg,Others,Sweden,mep_party_cleaned3 (1).xlsx,Sheet1,564
Grön Ungdom,Green Party,Sweden,mep_party_cleaned3 (1).xlsx,Sheet1,565
Grozdan Karadjov,There Is Such a People,Bulgaria,mep_party_cleaned3 (1).xlsx,Sheet1,566
Grzegorz Braun,Confederation,Poland,mep_party_cleaned3 (1).xlsx,Sheet1,567
Grzegorz Braun,Confederation Liberty and Independence ,Poland,mep_party_cleaned3 (1).xlsx,Sheet1,568
Grzegorz Płaczek,Confederation,Poland,mep_party_cleaned3 (1).xlsx,Sheet1,569
Grzegorz Schetyna,Civic Platform,Poland,mep_party_cleaned3 (1).xlsx,Sheet1,570
Guillaume Peltier,Reconquest,France,mep_party_cleaned3 (1).xlsx,Sheet1,571
Guillermo Fernández Vara,Spanish Socialist Workers' Party,Spain,mep_party_cleaned3 (1).xlsx,Sheet1,572
Gunnar Beck,Alternative for Germany,Germany,mep_party_cleaned3 (1).xlsx,Sheet1,573
Gustav Johansson,Not publicly known,Sweden,mep_party_cleaned3 (1).xlsx,Sheet1,574
Gustavo Petro,Colombia Humana,Colombia,mep_party_cleaned3 (1).xlsx,Sheet1,575
"Guzenina, Maria",Social Democratic Party of Finland,Finland,mep_party_cleaned3 (1).xlsx,Sheet1,576
Gyöngyösi Márton,Jobbik,Hungary,mep_party_cleaned3 (1).xlsx,Sheet1,577
György Hölvényi,Fidesz – Hungarian Civic Alliance – Christian Democratic People's Party,Hungary,mep_party_cleaned3 (1).xlsx,Sheet1,578
Gyurcsány Ferenc,Democratic Coalition,Hungary,mep_party_cleaned3 (1).xlsx,Sheet1,579
Halla-Aho,Finns Party,Finland,mep_party_cleaned3 (1).xlsx,Sheet1,580
Hana Jalloul,Spanish Socialist Workers' Party,Spain,mep_party_cleaned3 (1).xlsx,Sheet1,581
Hanna Gedin, Left Party,Sweden,mep_party_cleaned3 (1).xlsx,Sheet1,582
Hanna Gronkiewicz-Waltz,Civic Platform,Poland,mep_party_cleaned3 (1).xlsx,Sheet1,583
Hanna Parkkinen,Green League,Finland,mep_party_cleaned3 (1).xlsx,Sheet1,584
Hannah Neumann,Alliance 90/The Greens,Germany,mep_party_cleaned3 (1).xlsx,Sheet1,585
Hannariina Rantala,Green League,Finland,mep_party_cleaned3 (1).xlsx,Sheet1,586
Hans Neuhoff,Alternative for Germany,Germany,mep_party_cleaned3 (1).xlsx,Sheet1,587
Hans-Georg Maaßen,Values Union,Germany,mep_party_cleaned3 (1).xlsx,Sheet1,588
Hans-Georg Maaßen,Christian Democratic Union,Germany,mep_party_cleaned3 (1).xlsx,Sheet1,589
Harald Lesch,Not publicly affiliated,Germany,mep_party_cleaned3 (1).xlsx,Sheet1,590
Harri Pikkarainen,Finns Party,Finland,mep_party_cleaned3 (1).xlsx,Sheet1,591
Harrison Ford,Others,United States,mep_party_cleaned3 (1).xlsx,Sheet1,592
Harry Harkimo,Movement Now,Finland,mep_party_cleaned3 (1).xlsx,Sheet1,593
Hashem bin Al Abdullah,Others,Jordan,mep_party_cleaned3 (1).xlsx,Sheet1,594
Heidi Hautala,Green League,Finland,mep_party_cleaned3 (1).xlsx,Sheet1,595
Heidi Reichinnek,The Left,Germany ,mep_party_cleaned3 (1).xlsx,Sheet1,596
Heikki Autto,National Coalition Party,Finland,mep_party_cleaned3 (1).xlsx,Sheet1,597
Hélder Sousa Silva,AD – Democratic Alliance,Portugal,mep_party_cleaned3 (1).xlsx,Sheet1,598
Helén Wahlgren,Not publicly known,Sweden,mep_party_cleaned3 (1).xlsx,Sheet1,599
Heléne Fritzon,Swedish Social Democratic Workers' Party,Sweden,mep_party_cleaned3 (1).xlsx,Sheet1,600
Helin Elfgren,National Coalition Party,Finland,mep_party_cleaned3 (1).xlsx,Sheet1,601
Helmut Geuking,Family,Germany,mep_party_cleaned3 (1).xlsx,Sheet1,602
Helmut Schmidt,Social Democratic Party,Germany,mep_party_cleaned3 (1).xlsx,Sheet1,603
Henna Virkkunen,Kansallinen Kokoomus,Finland,mep_party_cleaned3 (1).xlsx,Sheet1,604
Henna Virkkunen,National Coalition Party,Finland,mep_party_cleaned3 (1).xlsx,Sheet1,605
Henriina Rantala,National Coalition Party,Finland,mep_party_cleaned3 (1).xlsx,Sheet1,606
Henrik Juhlin,The Center Party,Sweden,mep_party_cleaned3 (1).xlsx,Sheet1,607
Henrik Meinander,Others,Finland,mep_party_cleaned3 (1).xlsx,Sheet1,608
Henrik Wahlström,Others,Sweden,mep_party_cleaned3 (1).xlsx,Sheet1,609
Hermann Tertsch,Vox,Spain,mep_party_cleaned3 (1).xlsx,Sheet1,610
Heute Show,Satirical television program,Germany,mep_party_cleaned3 (1).xlsx,Sheet1,611
Hildegard Bentele,Christian Democratic Union of Germany,Germany,mep_party_cleaned3 (1).xlsx,Sheet1,612
Hillary Clinton,Democratic Party,United States,mep_party_cleaned3 (1).xlsx,Sheet1,613
Hjallis Harkimo,Movement Now,Finland,mep_party_cleaned3 (1).xlsx,Sheet1,614
Hjallis Harkimo,Movement Now ,Finland,mep_party_cleaned3 (1).xlsx,Sheet1,615
Holly Cairns,Social Democrats,Ireland,mep_party_cleaned3 (1).xlsx,Sheet1,616
Hristo Gutsanov,Bulgarian Socialist Party,Bulgaria,mep_party_cleaned3 (1).xlsx,Sheet1,617
Hristo Ivanov,"Yes, Bulgaria",Bulgaria,mep_party_cleaned3 (1).xlsx,Sheet1,618
Hristo Petrov,We Continue the Change,Bulgaria,mep_party_cleaned3 (1).xlsx,Sheet1,619
Hristo Rastev,Revival,Bulgaria,mep_party_cleaned3 (1).xlsx,Sheet1,620
Hubert Aiwanger,Free Voters,Germany,mep_party_cleaned3 (1).xlsx,Sheet1,621
Idoia Mendia,Spanish Socialist Workers' Party,Spain,mep_party_cleaned3 (1).xlsx,Sheet1,622
Ignacio Garriga,Vox,Spain,mep_party_cleaned3 (1).xlsx,Sheet1,623
Igor Peternel,Homeland Movement,Croatia,mep_party_cleaned3 (1).xlsx,Sheet1,624
Iiris Suomela,Green League,Finland,mep_party_cleaned3 (1).xlsx,Sheet1,625
Ilhan Kyuchyuk,Movement for Rights and Freedom,Bulgaria,mep_party_cleaned3 (1).xlsx,Sheet1,626
Ilian Vassilev,Independent,Bulgaria,mep_party_cleaned3 (1).xlsx,Sheet1,627
Iliana Benovska,Independent,Bulgaria,mep_party_cleaned3 (1).xlsx,Sheet1,628
Iliya Lazarov,GERB–Union of Democratic Forces,Bulgaria,mep_party_cleaned3 (1).xlsx,Sheet1,629
Ilkka Nuotio,National Coalition Party,Finland,mep_party_cleaned3 (1).xlsx,Sheet1,630
Ilmari Nurminen,Social Democratic Party,Finland,mep_party_cleaned3 (1).xlsx,Sheet1,631
Iltalehti,Others,Finland,mep_party_cleaned3 (1).xlsx,Sheet1,632
Inês de Sousa Real,People–Animals–Nature,Portugal,mep_party_cleaned3 (1).xlsx,Sheet1,633
Ingrida Šimonytė,Homeland Union,Lithuania,mep_party_cleaned3 (1).xlsx,Sheet1,634
Iniciativa Liberal,Iniciativa Liberal,Portugal,mep_party_cleaned3 (1).xlsx,Sheet1,635
Íñigo Errejón,Más País,Spain,mep_party_cleaned3 (1).xlsx,Sheet1,636
Íñigo Errejón,SUMAR,Spain,mep_party_cleaned3 (1).xlsx,Sheet1,637
Inka Hopsu,Green League,Finland,mep_party_cleaned3 (1).xlsx,Sheet1,638
Ione Belarra,Podemos,Spain,mep_party_cleaned3 (1).xlsx,Sheet1,639
Ione Belarra Urteaga,PODEMOS,Spain,mep_party_cleaned3 (1).xlsx,Sheet1,640
Iratxe García,Spanish Socialist Workers' Party,Spain,mep_party_cleaned3 (1).xlsx,Sheet1,641
Iratxe García Pérez,Spanish Socialist Workers' Party,Spain,mep_party_cleaned3 (1).xlsx,Sheet1,642
Irene Montero,PODEMOS,Spain,mep_party_cleaned3 (1).xlsx,Sheet1,643
Irene Montero,We Can,Spain,mep_party_cleaned3 (1).xlsx,Sheet1,644
IRL,Ireland,Ireland,mep_party_cleaned3 (1).xlsx,Sheet1,645
Irmhild Boßdorf[de],Alternative for Germany,Germany,mep_party_cleaned3 (1).xlsx,Sheet1,646
Isa Serra,Podemos,Spain,mep_party_cleaned3 (1).xlsx,Sheet1,647
Isaac Herzog,Israeli Labor Party,Israel,mep_party_cleaned3 (1).xlsx,Sheet1,648
Isabel Benjumea,People's Party,Spain,mep_party_cleaned3 (1).xlsx,Sheet1,649
Isabel Damasceno,Social Democratic Party,Portugal,mep_party_cleaned3 (1).xlsx,Sheet1,650
Isabel Díaz Ayuso,People's Party,Spain,mep_party_cleaned3 (1).xlsx,Sheet1,651
Isabel Natividad Díaz Ayuso,People's Party,Spain,mep_party_cleaned3 (1).xlsx,Sheet1,652
Isabel Serra,We Can,Spain,mep_party_cleaned3 (1).xlsx,Sheet1,653
Isabella Lövin, Green Party ,Sweden,mep_party_cleaned3 (1).xlsx,Sheet1,654
Isabelle Le Callennec,The Republicans,France,mep_party_cleaned3 (1).xlsx,Sheet1,655
Isilda Gomes,Socialist Party,Portugal,mep_party_cleaned3 (1).xlsx,Sheet1,656
Iskra Mihaylova,Movement for Rights and Freedoms,Bulgaria,mep_party_cleaned3 (1).xlsx,Sheet1,657
Iskren Arabadjiev,We Continue the Change – Democratic Bulgaria,Bulgaria,mep_party_cleaned3 (1).xlsx,Sheet1,658
Iskren Ivanov,Others,Bulgaria,mep_party_cleaned3 (1).xlsx,Sheet1,659
Iskren Mitev,We Continue the Change,Bulgaria,mep_party_cleaned3 (1).xlsx,Sheet1,660
Ivalin Mihaylov,Bulgaria Can,Bulgaria,mep_party_cleaned3 (1).xlsx,Sheet1,661
Ivan Bedrov,Independent,Bulgaria,mep_party_cleaned3 (1).xlsx,Sheet1,662
Iván Espinosa de los Monteros,Vox,Spain,mep_party_cleaned3 (1).xlsx,Sheet1,663
Ivan Geshev,Others,Bulgaria,mep_party_cleaned3 (1).xlsx,Sheet1,664
Ivan Hristanov,We Continue the Change,Bulgaria,mep_party_cleaned3 (1).xlsx,Sheet1,665
Ivan Klarić,Others,Croatia,mep_party_cleaned3 (1).xlsx,Sheet1,666
Ivan Kukavica,Others,Croatia,mep_party_cleaned3 (1).xlsx,Sheet1,667
Ivan Lovrinović,Pravo i Pravda,Croatia,mep_party_cleaned3 (1).xlsx,Sheet1,668
Ivan Penava,Homeland Movement,Croatia,mep_party_cleaned3 (1).xlsx,Sheet1,669
Ivan Puopolo,Others,Finland,mep_party_cleaned3 (1).xlsx,Sheet1,670
Ivan Šipić,Others,Croatia,mep_party_cleaned3 (1).xlsx,Sheet1,671
Ivana Kekin,New Left,Croatia,mep_party_cleaned3 (1).xlsx,Sheet1,672
Ivana Mujkić,Others,Croatia,mep_party_cleaned3 (1).xlsx,Sheet1,673
Ivančica Pahor,Others,Croatia,mep_party_cleaned3 (1).xlsx,Sheet1,674
Ivaylo Mirchev,Democratic Bulgaria,Bulgaria,mep_party_cleaned3 (1).xlsx,Sheet1,675
Ivaylo Valchev,There Is Such a People,Bulgaria,mep_party_cleaned3 (1).xlsx,Sheet1,676
Ivaylo Vulchev,There Is Such a People,Bulgaria,mep_party_cleaned3 (1).xlsx,Sheet1,677
Ive Ćaleta-Car,Others,Croatia,mep_party_cleaned3 (1).xlsx,Sheet1,678
Ivica Dačić,Socialist Party of Serbia,Socialist Party of Serbia,mep_party_cleaned3 (1).xlsx,Sheet1,679
Ivica Kukavica,Others,Croatia,mep_party_cleaned3 (1).xlsx,Sheet1,680
Ivica Todorić,Others,Croatia,mep_party_cleaned3 (1).xlsx,Sheet1,681
Ivo Dimchev,Others,Bulgaria,mep_party_cleaned3 (1).xlsx,Sheet1,682
Ivo Hristov,Bulgarian Socialist Party,Bulgaria,mep_party_cleaned3 (1).xlsx,Sheet1,683
Ivo Mirchev,Democratic Bulgaria,Bulgaria,mep_party_cleaned3 (1).xlsx,Sheet1,684
Izabela Leszczyna,Civic Platform,Poland,mep_party_cleaned3 (1).xlsx,Sheet1,685
Izquierda Unida,United Left,Spain,mep_party_cleaned3 (1).xlsx,Sheet1,686
J​osé Manuel Albares Bueno,Spanish Socialist Workers' Party,Spain,mep_party_cleaned3 (1).xlsx,Sheet1,687
Jaak Madison,Conservative People's Party of Estonia,Estonia,mep_party_cleaned3 (1).xlsx,Sheet1,688
Jaana Sandström,National Coalition Party,Finland,mep_party_cleaned3 (1).xlsx,Sheet1,689
Jacek Czaputowicz,Law and Justice,Poland,mep_party_cleaned3 (1).xlsx,Sheet1,690
Jacek Krzysztof Karnowski,Civic Coalition,Poland,mep_party_cleaned3 (1).xlsx,Sheet1,691
Jacek Kurski,Law and Justice,Poland,mep_party_cleaned3 (1).xlsx,Sheet1,692
Jacek Ozdoba,Law and Justice,Poland,mep_party_cleaned3 (1).xlsx,Sheet1,693
Jacek Protas,Civic Coalition,Poland,mep_party_cleaned3 (1).xlsx,Sheet1,694
Jacek Saryusz-Wolski,Law and Justice,Poland,mep_party_cleaned3 (1).xlsx,Sheet1,695
Jacek Sasin,Law and Justice,Poland,mep_party_cleaned3 (1).xlsx,Sheet1,696
Jacques Attali,Others,France,mep_party_cleaned3 (1).xlsx,Sheet1,697
Jadwiga Wiśniewska,Law and Justice,Poland,mep_party_cleaned3 (1).xlsx,Sheet1,698
Jagna Marczułajtis-Walczak,Civic Coalition,Poland,mep_party_cleaned3 (1).xlsx,Sheet1,699
Jair Bolsonaro,Liberal Party,Brazil,mep_party_cleaned3 (1).xlsx,Sheet1,700
Jakab Péter,Jobbik,Hungary,mep_party_cleaned3 (1).xlsx,Sheet1,701
Jakop Dalunde,Green Party,Sweden,mep_party_cleaned3 (1).xlsx,Sheet1,702
Jakub Wilk,Others,Poland,mep_party_cleaned3 (1).xlsx,Sheet1,703
Jan Björklund,Liberals,Sweden,mep_party_cleaned3 (1).xlsx,Sheet1,704
Jan Emanuel,Swedish Social Democratic Party,Sweden,mep_party_cleaned3 (1).xlsx,Sheet1,705
Jan Emanuel Johansson,Social Democrats,Sweden,mep_party_cleaned3 (1).xlsx,Sheet1,706
Jan Grabiec,Civic Platform,Poland,mep_party_cleaned3 (1).xlsx,Sheet1,707
Jan Hamerski,Law and Justice,Poland,mep_party_cleaned3 (1).xlsx,Sheet1,708
Jan Kanthak,Law and Justice,Poland,mep_party_cleaned3 (1).xlsx,Sheet1,709
Jan Mišković,Croatian Democratic Union,Croatia,mep_party_cleaned3 (1).xlsx,Sheet1,710
Jan Vapaavuori,National Coalition Party,Finland,mep_party_cleaned3 (1).xlsx,Sheet1,711
Jan-Christoph Oetjen,Free Democratic Party,Germany,mep_party_cleaned3 (1).xlsx,Sheet1,712
Jani Mäkelä,Finns Party,Finland,mep_party_cleaned3 (1).xlsx,Sheet1,713
Janine Wissler,The Left,Germany,mep_party_cleaned3 (1).xlsx,Sheet1,714
Janne Hirvasvoipio,Left Alliance,Finland,mep_party_cleaned3 (1).xlsx,Sheet1,715
Janne Sankelo,National Coalition Party,Finland,mep_party_cleaned3 (1).xlsx,Sheet1,716
Jan-Peter Warnke,Citizens for Mecklenburg-Vorpommern,Germany,mep_party_cleaned3 (1).xlsx,Sheet1,717
Janusz Korwin-Mikke,Confederation,Poland,mep_party_cleaned3 (1).xlsx,Sheet1,718
Janusz Kowalski,Law and Justice,Poland,mep_party_cleaned3 (1).xlsx,Sheet1,719
Janusz Lewandowski,Civic Coalition,Poland,mep_party_cleaned3 (1).xlsx,Sheet1,720
Jari Koskela,Finns Party,Finland,mep_party_cleaned3 (1).xlsx,Sheet1,721
Jarosław Kaczyński,Law and Justice,Poland,mep_party_cleaned3 (1).xlsx,Sheet1,722
Jaume Asens[es],Sumar,Spain,mep_party_cleaned3 (1).xlsx,Sheet1,723
Jaume Duch,European Parliament,Spain,mep_party_cleaned3 (1).xlsx,Sheet1,724
Javi López Fernández,Spanish Socialist Workers' Party,Spain,mep_party_cleaned3 (1).xlsx,Sheet1,725
Javier Cárdenas,Others,Spain,mep_party_cleaned3 (1).xlsx,Sheet1,726
Javier Guardiola,Spanish Socialist Workers' Party,Spain,mep_party_cleaned3 (1).xlsx,Sheet1,727
Javier Milei,La Libertad Avanza,Argentina,mep_party_cleaned3 (1).xlsx,Sheet1,728
Javier Moreno,Spanish Socialist Workers' Party,Spain,mep_party_cleaned3 (1).xlsx,Sheet1,729
Javier Negre,Others,Spain,mep_party_cleaned3 (1).xlsx,Sheet1,730
Javier Ortega Smith,Vox,Spain,mep_party_cleaned3 (1).xlsx,Sheet1,731
Javier Zarzalejos,People's Party,Spain,mep_party_cleaned3 (1).xlsx,Sheet1,732
Jean Lassalle,Résistons!,France,mep_party_cleaned3 (1).xlsx,Sheet1,733
Jean Marc Zulesi,Renaissance,French,mep_party_cleaned3 (1).xlsx,Sheet1,734
Jean Messiha,Reconquête,France,mep_party_cleaned3 (1).xlsx,Sheet1,735
Jean-Luc Melenchon,France Unbowed,France,mep_party_cleaned3 (1).xlsx,Sheet1,736
Jean-Luc Mélenchon,La France Insoumise,France,mep_party_cleaned3 (1).xlsx,Sheet1,737
Jean-Marc Germain,Socialist Party,France,mep_party_cleaned3 (1).xlsx,Sheet1,738
Jean-Marc Jancovici,Others,France,mep_party_cleaned3 (1).xlsx,Sheet1,739
Jean-Marie Le Pen,Comités Jeanne,France,mep_party_cleaned3 (1).xlsx,Sheet1,740
Jean-Paul Garraud,National Rally,France,mep_party_cleaned3 (1).xlsx,Sheet1,741
Jelena Miloš,Workers’ Front,Croatia,mep_party_cleaned3 (1).xlsx,Sheet1,742
Jenna Simula,Finns Party,Finland,mep_party_cleaned3 (1).xlsx,Sheet1,743
Jenni Jokelainen,Green League,Finland,mep_party_cleaned3 (1).xlsx,Sheet1,744
Jenni Pitko,Green League,Finland,mep_party_cleaned3 (1).xlsx,Sheet1,745
Jennifer Aniston,Others,United States,mep_party_cleaned3 (1).xlsx,Sheet1,746
Jens Geier,Social Democratic Party of Germany,Germany,mep_party_cleaned3 (1).xlsx,Sheet1,747
Jens Gieseke,Christian Democratic Union of Germany,Germany,mep_party_cleaned3 (1).xlsx,Sheet1,748
Jens Riewa,Not publicly affiliated,Germany,mep_party_cleaned3 (1).xlsx,Sheet1,749
Jens Spahn,Christian Democratic Union,Germany,mep_party_cleaned3 (1).xlsx,Sheet1,750
Jens Stoltenberg,Others,Norway,mep_party_cleaned3 (1).xlsx,Sheet1,751
Jeremy Corbyn,Labour Party,UK,mep_party_cleaned3 (1).xlsx,Sheet1,752
Jeroen Lenaers,Christian Democratic Appeal,Netherlands,mep_party_cleaned3 (1).xlsx,Sheet1,753
Jesper Olsson,The Green Party,Sweden,mep_party_cleaned3 (1).xlsx,Sheet1,754
Jess Phillips,Labour Party,United Kingdom,mep_party_cleaned3 (1).xlsx,Sheet1,755
Jessi Jokelainen,Left Alliance,Finland,mep_party_cleaned3 (1).xlsx,Sheet1,756
Jessica Polfjärd,Moderate Party,Sweden,mep_party_cleaned3 (1).xlsx,Sheet1,757
Jessica Stegrud,Sweden Democrats,Sweden,mep_party_cleaned3 (1).xlsx,Sheet1,758
Jill Ellen Stein,Green Party of the United States,USA,mep_party_cleaned3 (1).xlsx,Sheet1,759
Jill Stein,Green Party of the United States,USA,mep_party_cleaned3 (1).xlsx,Sheet1,760
Jimmie Åkesson,Sweden Democrats,Sweden,mep_party_cleaned3 (1).xlsx,Sheet1,761
Jimmy Fallon,Others,USA,mep_party_cleaned3 (1).xlsx,Sheet1,762
Jiri Mäntysalo,Finns Party,Finland,mep_party_cleaned3 (1).xlsx,Sheet1,763
Joachim Brudziński,Law and Justice,Poland,mep_party_cleaned3 (1).xlsx,Sheet1,764
Joachim Gauck,Independent,Germany,mep_party_cleaned3 (1).xlsx,Sheet1,765
Joachim Streit[de],Free Voters,Germany,mep_party_cleaned3 (1).xlsx,Sheet1,766
Joakim Träskbäck,National Coalition Party,Finland,mep_party_cleaned3 (1).xlsx,Sheet1,767
Joakim Vigelius,Finns Party,Finland,mep_party_cleaned3 (1).xlsx,Sheet1,768
Joan Baldoví,Commitment Coalition,Spain,mep_party_cleaned3 (1).xlsx,Sheet1,769
Joan Baldoví,SUMAR,Spain,mep_party_cleaned3 (1).xlsx,Sheet1,770
Joana Amaral Dias,National Democratic Alternative,Portugal,mep_party_cleaned3 (1).xlsx,Sheet1,771
Joana Mortágua,Bloco de Esquerda,Portugal,mep_party_cleaned3 (1).xlsx,Sheet1,772
Joanna Borowiak,Law and Justice,Poland,mep_party_cleaned3 (1).xlsx,Sheet1,773
Joanna Kamińska,Civic Coalition,Poland,mep_party_cleaned3 (1).xlsx,Sheet1,774
Joanna Mucha,Third way,Poland,mep_party_cleaned3 (1).xlsx,Sheet1,775
Joanna Scheuring-Wielgus,The Left,Poland,mep_party_cleaned3 (1).xlsx,Sheet1,776
Joanna Senyszyn,The Left,Poland,mep_party_cleaned3 (1).xlsx,Sheet1,777
João Cotrim de Figueiredo,Liberal Initiative,Portugal,mep_party_cleaned3 (1).xlsx,Sheet1,778
João Ferreira,Portuguese Communist Party,Portugal,mep_party_cleaned3 (1).xlsx,Sheet1,779
João Galamba,Partido Socialista,Portugal,mep_party_cleaned3 (1).xlsx,Sheet1,780
João Oliveira,Unitary Democratic Coalition,Portugal,mep_party_cleaned3 (1).xlsx,Sheet1,781
João Rodrigues,Social Democratic Party,Portugal,mep_party_cleaned3 (1).xlsx,Sheet1,782
Joaquín Bosch,Others,Spain,mep_party_cleaned3 (1).xlsx,Sheet1,783
Jocka Träskbäck,National Coalition Party,Finland,mep_party_cleaned3 (1).xlsx,Sheet1,784
Jocka Träskbäck,National Coalition,Finland,mep_party_cleaned3 (1).xlsx,Sheet1,785
Joe Biden,Democratic Party,United States,mep_party_cleaned3 (1).xlsx,Sheet1,786
Johan Danielsson,Swedish Social Democratic Workers' Party,Sweden,mep_party_cleaned3 (1).xlsx,Sheet1,787
Johan Pehrson,Liberals,Sweden,mep_party_cleaned3 (1).xlsx,Sheet1,788
Johanna Ekman,Finns Party,Finland,mep_party_cleaned3 (1).xlsx,Sheet1,789
Johannes Rauch,The Greens – The Green Alternative,Austria,mep_party_cleaned3 (1).xlsx,Sheet1,790
John Mearsheimer,Others,USA,mep_party_cleaned3 (1).xlsx,Sheet1,791
John Oliver,Not publicly affiliated,United Kingdom,mep_party_cleaned3 (1).xlsx,Sheet1,792
Jonás Fernández,Spanish Socialist Workers' Party,Spain,mep_party_cleaned3 (1).xlsx,Sheet1,793
Jonas Sjöstedt,Left Party,Sweden,mep_party_cleaned3 (1).xlsx,Sheet1,794
Jonas Sjöstedt,The Left Party,Sweden,mep_party_cleaned3 (1).xlsx,Sheet1,795
Joona Räsänen,Social Democratic Party,Finland,mep_party_cleaned3 (1).xlsx,Sheet1,796
Joonas Pesonen,Green League,Finland,mep_party_cleaned3 (1).xlsx,Sheet1,797
Jordan Bardella,National Rally,France,mep_party_cleaned3 (1).xlsx,Sheet1,798
Jordan Bardella ,National Rally ,France,mep_party_cleaned3 (1).xlsx,Sheet1,799
Jordi Cañas,Citizens,Spain,mep_party_cleaned3 (1).xlsx,Sheet1,800
Jörg Urban,Alternative for Germany,Germany,mep_party_cleaned3 (1).xlsx,Sheet1,801
Jorge Azcón,People's Party,Spain,mep_party_cleaned3 (1).xlsx,Sheet1,802
Jorge Buxadé,Vox,Spain,mep_party_cleaned3 (1).xlsx,Sheet1,803
Jorge Martín Frías,Vox,Spain,mep_party_cleaned3 (1).xlsx,Sheet1,804
Jorge Pueyo,SUMAR,Spain,mep_party_cleaned3 (1).xlsx,Sheet1,805
Jörgen Warborn,Moderate Party,Sweden,mep_party_cleaned3 (1).xlsx,Sheet1,806
José Antonio Rovira,Others,Spain,mep_party_cleaned3 (1).xlsx,Sheet1,807
José Cepeda,Spanish Socialist Workers' Party,Spain,mep_party_cleaned3 (1).xlsx,Sheet1,808
José Gusmão,Bloco de Esquerda,Portugal,mep_party_cleaned3 (1).xlsx,Sheet1,809
José Ignacio García,Adelante Andalucía,Spain,mep_party_cleaned3 (1).xlsx,Sheet1,810
José Luis Ábalos,Spanish Socialist Workers' Party,Spain,mep_party_cleaned3 (1).xlsx,Sheet1,811
José Luis Martínez-Almeida,People's Party,Spain,mep_party_cleaned3 (1).xlsx,Sheet1,812
José Luis Rodríguez Zapatero,Spanish Socialist Workers' Party,Spain,mep_party_cleaned3 (1).xlsx,Sheet1,813
José Manuel Albares,Spanish Socialist Workers' Party,Spain,mep_party_cleaned3 (1).xlsx,Sheet1,814
José Manuel Albares Bueno,Spanish Socialist Workers' Party,Spain,mep_party_cleaned3 (1).xlsx,Sheet1,815
José Manuel García Jurado,Others,Spain,mep_party_cleaned3 (1).xlsx,Sheet1,816
José Manuel García-Margallo,People's Party,Spain,mep_party_cleaned3 (1).xlsx,Sheet1,817
José María Aznar,People's Party,Spain,mep_party_cleaned3 (1).xlsx,Sheet1,818
José Mujica,Movement of Popular Participation,Uruguay,mep_party_cleaned3 (1).xlsx,Sheet1,819
José Mujica,Broad Front,Uruguay,mep_party_cleaned3 (1).xlsx,Sheet1,820
José Pacheco,Chega,Portugal,mep_party_cleaned3 (1).xlsx,Sheet1,821
José Pacheco Pereira,Social Democratic Party,Portugal,mep_party_cleaned3 (1).xlsx,Sheet1,822
José Pinto Coelho,National Renovator Party,Portugal,mep_party_cleaned3 (1).xlsx,Sheet1,823
José Sócrates,Socialist Party,Portugal,mep_party_cleaned3 (1).xlsx,Sheet1,824
José Soeiro,Bloco de Esquerda,Portugal,mep_party_cleaned3 (1).xlsx,Sheet1,825
Josep Borrell,Spanish Socialist Workers' Party,Spain,mep_party_cleaned3 (1).xlsx,Sheet1,826
Josip Broz Tito,Communist Party of Yugoslavia,Yugoslavia,mep_party_cleaned3 (1).xlsx,Sheet1,827
Josip Dabro,Homeland Movement,Croatia,mep_party_cleaned3 (1).xlsx,Sheet1,828
Josip Jurčević,Homeland Movement,Croatia,mep_party_cleaned3 (1).xlsx,Sheet1,829
Jouni Jussinniemi,Left Alliance,Finland,mep_party_cleaned3 (1).xlsx,Sheet1,830
Juan Carlos Girauta,Vox,Spain,mep_party_cleaned3 (1).xlsx,Sheet1,831
Juan Diego Requena,People's Party,Spain,mep_party_cleaned3 (1).xlsx,Sheet1,832
Juan Espadas,Spanish Socialist Workers' Party,Spain,mep_party_cleaned3 (1).xlsx,Sheet1,833
Juan Fernando López,Spanish Socialist Workers' Party,Spain,mep_party_cleaned3 (1).xlsx,Sheet1,834
Juan Gabriel Rufián Romero,Republican Left of Catalonia,Spain,mep_party_cleaned3 (1).xlsx,Sheet1,835
Juan Ignacio Zoido,People's Party,Spain,mep_party_cleaned3 (1).xlsx,Sheet1,836
Juan José Sanz Vitorio,People's Party,Spain,mep_party_cleaned3 (1).xlsx,Sheet1,837
Juan Lobato,Spanish Socialist Workers' Party,Spain,mep_party_cleaned3 (1).xlsx,Sheet1,838
Juan López de Uralde,Unidas Podemos,Spain,mep_party_cleaned3 (1).xlsx,Sheet1,839
Juan Manuel Moreno Bonilla,People's Party,Spain,mep_party_cleaned3 (1).xlsx,Sheet1,840
Juanfran Pérez,Others,Spain,mep_party_cleaned3 (1).xlsx,Sheet1,841
Judith Butler,,United States,mep_party_cleaned3 (1).xlsx,Sheet1,842
Juha Huhtala,Freedom Alliance,Finland,mep_party_cleaned3 (1).xlsx,Sheet1,843
Juhani Lohikoski,Left Alliance,Finland,mep_party_cleaned3 (1).xlsx,Sheet1,844
Juho Salmi,National Coalition Party,Finland,mep_party_cleaned3 (1).xlsx,Sheet1,845
Jukka Hirvasjoki,National Coalition Party,Finland,mep_party_cleaned3 (1).xlsx,Sheet1,846
Jukka Kopra,National Coalition Party,Finland,mep_party_cleaned3 (1).xlsx,Sheet1,847
Jukka Polvinen,National Coalition Party,Finland,mep_party_cleaned3 (1).xlsx,Sheet1,848
Julia Sangervo,Green League,Finland,mep_party_cleaned3 (1).xlsx,Sheet1,849
Julia Ståhle,Green League,Finland,mep_party_cleaned3 (1).xlsx,Sheet1,850
Julian Assange,Others,Australia,mep_party_cleaned3 (1).xlsx,Sheet1,851
Julian Nagelsmann,Not publicly affiliated,Germany,mep_party_cleaned3 (1).xlsx,Sheet1,852
Julie Rechagneux,National Rally,France,mep_party_cleaned3 (1).xlsx,Sheet1,853
Julien Leonardelli,National Rally,France,mep_party_cleaned3 (1).xlsx,Sheet1,854
Julien Odoul,National Rally,France,mep_party_cleaned3 (1).xlsx,Sheet1,855
Julien Rochedy,Others,France,mep_party_cleaned3 (1).xlsx,Sheet1,856
Julien Sanchez,National Rally,France,mep_party_cleaned3 (1).xlsx,Sheet1,857
Junts per Catalunya (Junts),Junts per Catalunya,Spain,mep_party_cleaned3 (1).xlsx,Sheet1,858
Jussi Halla-aho,Finns Party,Finland,mep_party_cleaned3 (1).xlsx,Sheet1,859
Jussi Hiippavuori,National Coalition Party,Finland,mep_party_cleaned3 (1).xlsx,Sheet1,860
Jussi Saramo,Left Alliance,Finland,mep_party_cleaned3 (1).xlsx,Sheet1,861
Justin Trudeau,Liberal Party of Canada,Canada,mep_party_cleaned3 (1).xlsx,Sheet1,862
Justyna Krasowicz,Confederation Liberty and Independence,Poland,mep_party_cleaned3 (1).xlsx,Sheet1,863
Justyna Walker,Normal Country,Poland,mep_party_cleaned3 (1).xlsx,Sheet1,864
Jutta Paulus,Alliance 90/The Greens,Germany,mep_party_cleaned3 (1).xlsx,Sheet1,865
Jutta Urpilainen,Social Democratic Party,Finland,mep_party_cleaned3 (1).xlsx,Sheet1,866
Juventude Chega,Chega Youth Wing,Portugal,mep_party_cleaned3 (1).xlsx,Sheet1,867
Juventudes Socialistas,Spanish Socialist Workers' Party,Spain,mep_party_cleaned3 (1).xlsx,Sheet1,868
Jyrki Katainen,National Coalition Party,Finland,mep_party_cleaned3 (1).xlsx,Sheet1,869
Kai Tegethoff,Volt Germany,Germany,mep_party_cleaned3 (1).xlsx,Sheet1,870
Kaisa Garedew,Green League,Finland,mep_party_cleaned3 (1).xlsx,Sheet1,871
Kaisa Jussila,National Coalition Party,Finland,mep_party_cleaned3 (1).xlsx,Sheet1,872
Kaisu Juuso,Finns Party,Finland,mep_party_cleaned3 (1).xlsx,Sheet1,873
Kaja Kallas,Reform Party,Estonia,mep_party_cleaned3 (1).xlsx,Sheet1,874
Kalin Stoyanov,Independent,Bulgaria,mep_party_cleaned3 (1).xlsx,Sheet1,875
Kamala Harris,Democratic Party,United States,mep_party_cleaned3 (1).xlsx,Sheet1,876
Kamil Bortniczuk,Law and Justice,Poland,mep_party_cleaned3 (1).xlsx,Sheet1,877
Kamila Gasiuk-Pihowicz,Civic Platform,Poland,mep_party_cleaned3 (1).xlsx,Sheet1,878
Kamila Gasiuk-Pihowicz,Civic Coalition,Poland,mep_party_cleaned3 (1).xlsx,Sheet1,879
Karin Karlbro,The Liberals,Sweden,mep_party_cleaned3 (1).xlsx,Sheet1,880
Karin Karlsbro,The Liberals,Sweden,mep_party_cleaned3 (1).xlsx,Sheet1,881
Karl Lauterbach,Social Democratic Party,Germany,mep_party_cleaned3 (1).xlsx,Sheet1,882
Karl Nehammer,Austrian People's Party,Austria,mep_party_cleaned3 (1).xlsx,Sheet1,883
Karl Persson,Not publicly known,Sweden,mep_party_cleaned3 (1).xlsx,Sheet1,884
Karlo Ressler,Croatian Democratic Union,Croatia,mep_party_cleaned3 (1).xlsx,Sheet1,885
Karl-Theodor zu Guttenberg,Christian Social Union,Germany,mep_party_cleaned3 (1).xlsx,Sheet1,886
Karol Karski,Law and Justice,Poland,mep_party_cleaned3 (1).xlsx,Sheet1,887
Karolina Vidović Krišto,Determination and Justice,Croatia,mep_party_cleaned3 (1).xlsx,Sheet1,888
Karoline Edtstadler,Austrian People's Party,Austria,mep_party_cleaned3 (1).xlsx,Sheet1,889
Karsay Ferenc,Fidesz,Hungary,mep_party_cleaned3 (1).xlsx,Sheet1,890
"Katainen, Elsi",Centre Party,Finland,mep_party_cleaned3 (1).xlsx,Sheet1,891
Katarina Barley,Social Democratic Party of Germany,Germany,mep_party_cleaned3 (1).xlsx,Sheet1,892
Katarina Peović,Workers’ Front,Croatia,mep_party_cleaned3 (1).xlsx,Sheet1,893
Katarzyna Kotula,The Left,Poland,mep_party_cleaned3 (1).xlsx,Sheet1,894
Katarzyna Pełczyńska-Nałęcz,Third Way,Poland,mep_party_cleaned3 (1).xlsx,Sheet1,895
Katerina Sakellaropoulou,Independent,Greece,mep_party_cleaned3 (1).xlsx,Sheet1,896
Katri Kulmuni,Centre Party,Finland,mep_party_cleaned3 (1).xlsx,Sheet1,897
Katrin Göring-Eckardt,Alliance 90/The Greens,Germany,mep_party_cleaned3 (1).xlsx,Sheet1,898
Katrin Göring-Eckardt,The Greens,Germany ,mep_party_cleaned3 (1).xlsx,Sheet1,899
Katrin Langensiepen,Alliance 90/The Greens,Germany,mep_party_cleaned3 (1).xlsx,Sheet1,900
Katrin Wissing,Green Party,Sweden,mep_party_cleaned3 (1).xlsx,Sheet1,901
Kay Gottschalk,Alternative for Germany,Germany,mep_party_cleaned3 (1).xlsx,Sheet1,902
Keir Starmer,Labour Party,United Kingdom,mep_party_cleaned3 (1).xlsx,Sheet1,903
Kevin Kühnert,Social Democratic Party,Germany,mep_party_cleaned3 (1).xlsx,Sheet1,904
Kevin Spacey,Others,USA,mep_party_cleaned3 (1).xlsx,Sheet1,905
Kim Berg,Social Democratic Party,Finland,mep_party_cleaned3 (1).xlsx,Sheet1,906
Kim Jong Un,Workers' Party of Korea,North Korea,mep_party_cleaned3 (1).xlsx,Sheet1,907
Kimmo Kiljunen,Social Democratic Party,Finland,mep_party_cleaned3 (1).xlsx,Sheet1,908
Kimmo Sasi,National Coalition Party,Finland,mep_party_cleaned3 (1).xlsx,Sheet1,909
King Charles III,Others,United Kingdom,mep_party_cleaned3 (1).xlsx,Sheet1,910
Kinga Gál,Fidesz – Hungarian Civic Alliance – Christian Democratic People's Party,Hungary,mep_party_cleaned3 (1).xlsx,Sheet1,911
Kinga Kollár,Respect and Freedom Party,Hungary,mep_party_cleaned3 (1).xlsx,Sheet1,912
Kiril Petkov,We Continue the Change,Bulgaria,mep_party_cleaned3 (1).xlsx,Sheet1,913
Kiril Veselinov,We Continue the Change – Democratic Bulgaria,Bulgaria,mep_party_cleaned3 (1).xlsx,Sheet1,914
Kiril Veselinski,"Morality, Unity, Honour",Bulgaria,mep_party_cleaned3 (1).xlsx,Sheet1,915
Kiro Brejka,Independent,Bulgaria,mep_party_cleaned3 (1).xlsx,Sheet1,916
Klaas Heufer-Umlauf,Not publicly affiliated,Germany,mep_party_cleaned3 (1).xlsx,Sheet1,917
Klára Dobrev,Democratic Coalition – Hungarian Socialist Party – Dialogue,Hungary,mep_party_cleaned3 (1).xlsx,Sheet1,918
Klaus Bernpaintner,Alternative for Sverige,Sweden,mep_party_cleaned3 (1).xlsx,Sheet1,919
Klaus Iohannis,National Liberal Party,Romania,mep_party_cleaned3 (1).xlsx,Sheet1,920
Klimaliste,Environmentalist political party,Germany,mep_party_cleaned3 (1).xlsx,Sheet1,921
Klimatallians,Climate Alliance,Sweden,mep_party_cleaned3 (1).xlsx,Sheet1,922
Koalicja Obwatelska,Civic Coalition,Poland,mep_party_cleaned3 (1).xlsx,Sheet1,923
Kommunistiska Partiet Göteborg,Communist Party,Sweden,mep_party_cleaned3 (1).xlsx,Sheet1,924
Konrad Adenauer,Christian Democratic Union,Germany,mep_party_cleaned3 (1).xlsx,Sheet1,925
Konrad Berkowicz,Confederation,Poland,mep_party_cleaned3 (1).xlsx,Sheet1,926
Konrad Berkowicz,Confederation Liberty and Independence,Poland,mep_party_cleaned3 (1).xlsx,Sheet1,927
Konstantin von Notz,The Greens,Germany ,mep_party_cleaned3 (1).xlsx,Sheet1,928
Kornelia Petrova Ninova,Independant,Bulgaria,mep_party_cleaned3 (1).xlsx,Sheet1,929
Kósa Lajos,Fidesz,Hungary,mep_party_cleaned3 (1).xlsx,Sheet1,930
Kosma Złotowski,Law and Justice,Poland,mep_party_cleaned3 (1).xlsx,Sheet1,931
Kostadin Kostadinov,Revival,Bulgaria,mep_party_cleaned3 (1).xlsx,Sheet1,932
Kostadin Paskalev,Bulgarian Socialist Party,Bulgaria,mep_party_cleaned3 (1).xlsx,Sheet1,933
Kovács Gergely,Fidesz,Hungary,mep_party_cleaned3 (1).xlsx,Sheet1,934
Krall,Markus Krall,Values Union,mep_party_cleaned3 (1).xlsx,Sheet1,935
Krasimir Karakachanov,IMRO – Bulgarian National Movement,Bulgaria,mep_party_cleaned3 (1).xlsx,Sheet1,936
Krista Kiuru,Social Democratic Party,Finland,mep_party_cleaned3 (1).xlsx,Sheet1,937
Krista Mikkonen,Green League,Finland,mep_party_cleaned3 (1).xlsx,Sheet1,938
Kristian Vigenin,BSP for Bulgaria,Bulgaria,mep_party_cleaned3 (1).xlsx,Sheet1,939
Kristina Baum,Alternative for Germany,Germany,mep_party_cleaned3 (1).xlsx,Sheet1,940
Kristofer Bergman,The Social Democrats,Sweden,mep_party_cleaned3 (1).xlsx,Sheet1,941
Krzysztof Bosak,Confederation Liberty and Independence,Poland,mep_party_cleaned3 (1).xlsx,Sheet1,942
Krzysztof Brejza,Civic Coalition,Poland,mep_party_cleaned3 (1).xlsx,Sheet1,943
Krzysztof Czabański,Law and Justice,Poland,mep_party_cleaned3 (1).xlsx,Sheet1,944
Krzysztof Gawkowski,The Left,Poland,mep_party_cleaned3 (1).xlsx,Sheet1,945
Krzysztof Hetman,Third Way,Poland,mep_party_cleaned3 (1).xlsx,Sheet1,946
Krzysztof Kwiatkowski,Civic Coalition,Poland,mep_party_cleaned3 (1).xlsx,Sheet1,947
Krzysztof Pamuła,Civic Platform,Poland,mep_party_cleaned3 (1).xlsx,Sheet1,948
Krzysztof Paszyk,Third way,Poland,mep_party_cleaned3 (1).xlsx,Sheet1,949
Krzysztof Śmiszek,The Left,Poland,mep_party_cleaned3 (1).xlsx,Sheet1,950
Kulja András,TISZA Party,Hungary,mep_party_cleaned3 (1).xlsx,Sheet1,951
Kuzman Iliev,Revival,Bulgaria,mep_party_cleaned3 (1).xlsx,Sheet1,952
Kyriakos Mitsotakis,New Democracy,Greece,mep_party_cleaned3 (1).xlsx,Sheet1,953
Kyriakos Mitsotakis,New Democracy,Greece,mep_party_cleaned3 (1).xlsx,Sheet1,954
Lars Klingbeil,Social Democratic Party,Germany,mep_party_cleaned3 (1).xlsx,Sheet1,955
Lars Patrick Berg,Alternative for Germany,Germany,mep_party_cleaned3 (1).xlsx,Sheet1,956
Lasse Lehtinen,Social Democratic Party,Finland,mep_party_cleaned3 (1).xlsx,Sheet1,957
László Toroczkai,Our Homeland Movement,Hungary,mep_party_cleaned3 (1).xlsx,Sheet1,958
Laura Antonelli,Others,Italy,mep_party_cleaned3 (1).xlsx,Sheet1,959
Laura Ballarin,Spanish Socialist Workers' Party,Spain,mep_party_cleaned3 (1).xlsx,Sheet1,960
Laura Huhtasaari,Finns Party,Finland,mep_party_cleaned3 (1).xlsx,Sheet1,961
Laurence Farreng,Common Good of Europeans,France,mep_party_cleaned3 (1).xlsx,Sheet1,962
Laurence Trochu,Reconquest,France,mep_party_cleaned3 (1).xlsx,Sheet1,963
Laurent Castillo,The Republicans,France,mep_party_cleaned3 (1).xlsx,Sheet1,964
Laurent Wauquiez,The Republicans,France,mep_party_cleaned3 (1).xlsx,Sheet1,965
Lauri Laitinen,Finns Party,Finland,mep_party_cleaned3 (1).xlsx,Sheet1,966
Lauri Lindén,Left Alliance,Finland,mep_party_cleaned3 (1).xlsx,Sheet1,967
Lázár János,Fidesz,Hungary,mep_party_cleaned3 (1).xlsx,Sheet1,968
Le Marietta,Hungarian Two-Tailed Dog Party,Hungary,mep_party_cleaned3 (1).xlsx,Sheet1,969
Lech Wałęsa,Others,Poland,mep_party_cleaned3 (1).xlsx,Sheet1,970
Left Alliance,Left Alliance,Finland,mep_party_cleaned3 (1).xlsx,Sheet1,971
Leïla Chaibi,France Unbowed,France,mep_party_cleaned3 (1).xlsx,Sheet1,972
Leire Pajín,Spanish Socialist Workers' Party,Spain,mep_party_cleaned3 (1).xlsx,Sheet1,973
Lena Borislavova,We Continue the Change,Bulgaria,mep_party_cleaned3 (1).xlsx,Sheet1,974
Lena Düpont,Christian Democratic Union of Germany,Germany,mep_party_cleaned3 (1).xlsx,Sheet1,975
Lena Hallengren,Social Democrats,Sweden,mep_party_cleaned3 (1).xlsx,Sheet1,976
Lena Kolarska-Bobińska,Civic Platform,Poland,mep_party_cleaned3 (1).xlsx,Sheet1,977
Leo Varadkar,Fine Gael,Ireland,mep_party_cleaned3 (1).xlsx,Sheet1,978
Léon Deffontaines,French Communist Party,France,mep_party_cleaned3 (1).xlsx,Sheet1,979
Léon Defontaine,Others,France,mep_party_cleaned3 (1).xlsx,Sheet1,980
Leon McManus,Green Party,Sweden,mep_party_cleaned3 (1).xlsx,Sheet1,981
Leonid Ilyich Brezhnev,Communist Party of the Soviet Union,Russia,mep_party_cleaned3 (1).xlsx,Sheet1,982
Leszek Balcerowicz,Civic Platform,Poland,mep_party_cleaned3 (1).xlsx,Sheet1,983
Levitsata,Levitsata,Bulgaria,mep_party_cleaned3 (1).xlsx,Sheet1,984
Li Andersson,Left Alliance,Finland,mep_party_cleaned3 (1).xlsx,Sheet1,985
Li Andersson,Vasemmistoliitto,Finland,mep_party_cleaned3 (1).xlsx,Sheet1,986
Liam Byrne,Labour Party,United Kingdom,mep_party_cleaned3 (1).xlsx,Sheet1,987
Liberalerna,Liberals,Sweden,mep_party_cleaned3 (1).xlsx,Sheet1,988
Lídia Pereira,AD – Democratic Alliance,Portugal,mep_party_cleaned3 (1).xlsx,Sheet1,989
Lina Gálvez,Spanish Socialist Workers' Party,Spain,mep_party_cleaned3 (1).xlsx,Sheet1,990
Lina Khan,Democratic Party,USA,mep_party_cleaned3 (1).xlsx,Sheet1,991
Lina Nordquist,Liberalerna,Sweden,mep_party_cleaned3 (1).xlsx,Sheet1,992
Linda Eskilsson,Green Party,Sweden,mep_party_cleaned3 (1).xlsx,Sheet1,993
Linnea Bengtsso,Left Party,Sweden,mep_party_cleaned3 (1).xlsx,Sheet1,994
Linus Torvalds,Others,Finland,mep_party_cleaned3 (1).xlsx,Sheet1,995
Lionel Jospin,Socialist Party,France,mep_party_cleaned3 (1).xlsx,Sheet1,996
Lisa Nåbo,Swedish Social Democratic Party,Sweden,mep_party_cleaned3 (1).xlsx,Sheet1,997
Liz Cheney,Republican Party,United States,mep_party_cleaned3 (1).xlsx,Sheet1,998
Ljubo Ćesić,Pulse of Croatia,Croatia,mep_party_cleaned3 (1).xlsx,Sheet1,999
Lloyd Austin,Others,USA,mep_party_cleaned3 (1).xlsx,Sheet1,1000
Lotta Tuominen,Social Democratic Party,Finland,mep_party_cleaned3 (1).xlsx,Sheet1,1001
Louis Boyard,La France Insoumise,France,mep_party_cleaned3 (1).xlsx,Sheet1,1002
Louise Grabo,Centre Party,Sweden,mep_party_cleaned3 (1).xlsx,Sheet1,1003
Louise Meijer,Moderate Party,Sweden,mep_party_cleaned3 (1).xlsx,Sheet1,1004
Lovro Lukavečki,Social Democratic Party of Croatia,Croatia,mep_party_cleaned3 (1).xlsx,Sheet1,1005
Luc André Diouf,Spanish Socialist Workers' Party,Spain,mep_party_cleaned3 (1).xlsx,Sheet1,1006
Luc Frieden,Christian Social People's Party,Luxembourg,mep_party_cleaned3 (1).xlsx,Sheet1,1007
Ludvig Aspling,The Sweden Democrats,Sweden,mep_party_cleaned3 (1).xlsx,Sheet1,1008
Luís Montenegro,Social Democratic Party,Portugal,mep_party_cleaned3 (1).xlsx,Sheet1,1009
Luisa Neubauer,Alliance 90/The Greens,Germany,mep_party_cleaned3 (1).xlsx,Sheet1,1010
Luiz Inácio Lula da Silva,Workers' Party,Brazil,mep_party_cleaned3 (1).xlsx,Sheet1,1011
Luka Korlaet,We Can!,Croatia,mep_party_cleaned3 (1).xlsx,Sheet1,1012
Luka Kraljević,Republic,Slovenia,mep_party_cleaned3 (1).xlsx,Sheet1,1013
Lukas Brandweiner,Austrian People's Party,Austria,mep_party_cleaned3 (1).xlsx,Sheet1,1014
Lukas Sieper,Party of Progress,Germany,mep_party_cleaned3 (1).xlsx,Sheet1,1015
Łukasz Kohut,Civic Coalition,Poland,mep_party_cleaned3 (1).xlsx,Sheet1,1016
Lula da Silva,Workers' Party,Brazil,mep_party_cleaned3 (1).xlsx,Sheet1,1017
Lulu Ranne,Finns Party,Finland,mep_party_cleaned3 (1).xlsx,Sheet1,1018
Lyuben Dilov,Bulgarian Socialist Party,Bulgaria,mep_party_cleaned3 (1).xlsx,Sheet1,1019
Maciej Konieczny,Left Together,Poland,mep_party_cleaned3 (1).xlsx,Sheet1,1020
Maciej Wąsik,Law and Justice,Poland,mep_party_cleaned3 (1).xlsx,Sheet1,1021
Magdalena Adamowicz,Civic Coalition,Poland,mep_party_cleaned3 (1).xlsx,Sheet1,1022
Magdalena Andersson,Swedish Social Democratic Party,Sweden,mep_party_cleaned3 (1).xlsx,Sheet1,1023
Magdalena Andersson,The Social Democrats,Sweden,mep_party_cleaned3 (1).xlsx,Sheet1,1024
Magdalena Biejat,The Left,Poland,mep_party_cleaned3 (1).xlsx,Sheet1,1025
Magdalena Filiks,Civic Coalition,Poland,mep_party_cleaned3 (1).xlsx,Sheet1,1026
Mahmoud Abbas,Fatah,Palestine,mep_party_cleaned3 (1).xlsx,Sheet1,1027
Mai Kivelä,Left Alliance,Finland,mep_party_cleaned3 (1).xlsx,Sheet1,1028
Maija Kuivalainen,Left Block,Finland,mep_party_cleaned3 (1).xlsx,Sheet1,1029
Majdouline Sbaï,The Ecologists,France,mep_party_cleaned3 (1).xlsx,Sheet1,1030
Malala Yousafzai,Others,Pakistan,mep_party_cleaned3 (1).xlsx,Sheet1,1031
Małgorzata Gosiewska,Law and Justice,Poland,mep_party_cleaned3 (1).xlsx,Sheet1,1032
Małgorzata Gromadzka,Civic Coalition,Poland,mep_party_cleaned3 (1).xlsx,Sheet1,1033
Małgorzata Łoboda,Civic Coalition,Poland,mep_party_cleaned3 (1).xlsx,Sheet1,1034
Malika Sorel,National Rally,France,mep_party_cleaned3 (1).xlsx,Sheet1,1035
Manfred Weber,Christian Social Union,Germany,mep_party_cleaned3 (1).xlsx,Sheet1,1036
Manfred Weber,Christian Social Union in Bayern,Germany,mep_party_cleaned3 (1).xlsx,Sheet1,1037
Manol Glishev,Independent,Bulgaria,mep_party_cleaned3 (1).xlsx,Sheet1,1038
Manol Peykov,We Continue the Change – Democratic Bulgaria,Bulgaria,mep_party_cleaned3 (1).xlsx,Sheet1,1039
Manon Aubry,France Unbowed,France,mep_party_cleaned3 (1).xlsx,Sheet1,1040
Manu Pineda,United Left,Spain,mep_party_cleaned3 (1).xlsx,Sheet1,1041
Manuel Adorni,Libertarian Party,Argentina,mep_party_cleaned3 (1).xlsx,Sheet1,1042
Manuel Bautista,People's Party,Spain,mep_party_cleaned3 (1).xlsx,Sheet1,1043
Manuel Bompard,La France Insoumise,France,mep_party_cleaned3 (1).xlsx,Sheet1,1044
Manuel García-Castellón,Others,Spain,mep_party_cleaned3 (1).xlsx,Sheet1,1045
Manuel Loff,Portuguese Communist Party,Portugal,mep_party_cleaned3 (1).xlsx,Sheet1,1046
Manuel Valls,Renaissance,France,mep_party_cleaned3 (1).xlsx,Sheet1,1047
Manuela Ripa,Ecological Democratic Party,Germany,mep_party_cleaned3 (1).xlsx,Sheet1,1048
Maravillas Abadía Jover,People's Party,Spain,mep_party_cleaned3 (1).xlsx,Sheet1,1049
Marc Botenga,Workers’ Party of Belgium,Belgium,mep_party_cleaned3 (1).xlsx,Sheet1,1050
Marc Friedrich,Not publicly affiliated,Germany,mep_party_cleaned3 (1).xlsx,Sheet1,1051
Marc Jongen,Alternative for Germany,Germany,mep_party_cleaned3 (1).xlsx,Sheet1,1052
Marcel Ciolacu,Social Democratic Party,Romania,mep_party_cleaned3 (1).xlsx,Sheet1,1053
Marcelina Zawisza,Left Together,Poland,mep_party_cleaned3 (1).xlsx,Sheet1,1054
Marcelo Rebelo de Sousa,Partido Social Democrata,Portugal,mep_party_cleaned3 (1).xlsx,Sheet1,1055
Marcin Horała,Law and Justice,Poland,mep_party_cleaned3 (1).xlsx,Sheet1,1056
Marcin Józefaciuk,Civic Platform,Poland,mep_party_cleaned3 (1).xlsx,Sheet1,1057
Marcin Kierwiński,Civic Platform,Poland,mep_party_cleaned3 (1).xlsx,Sheet1,1058
Marcin Kierwiński,Civic Coalition,Poland,mep_party_cleaned3 (1).xlsx,Sheet1,1059
Marcin Przydacz,Law and Justice,Poland,mep_party_cleaned3 (1).xlsx,Sheet1,1060
Marcin Sypniewski,Confederation Liberty and Independence ,Poland,mep_party_cleaned3 (1).xlsx,Sheet1,1061
Marco Buschmann,Free Democratic Party,France,mep_party_cleaned3 (1).xlsx,Sheet1,1062
Marco Rima,Others,Switzerland,mep_party_cleaned3 (1).xlsx,Sheet1,1063
Marco Zanni,Lega Nord,Italy,mep_party_cleaned3 (1).xlsx,Sheet1,1064
Marco Zanni,Lega ,Italy,mep_party_cleaned3 (1).xlsx,Sheet1,1065
Marcos Ros,Spanish Socialist Workers' Party,Spain,mep_party_cleaned3 (1).xlsx,Sheet1,1066
Marcus König,Christian Social Union,Germany,mep_party_cleaned3 (1).xlsx,Sheet1,1067
Marek Belka,The Left,Poland,mep_party_cleaned3 (1).xlsx,Sheet1,1068
Marek Jakubiak,Kukiz'15,Poland,mep_party_cleaned3 (1).xlsx,Sheet1,1069
Marek Olszewski,Nonpartisan Local Government Activists,Poland,mep_party_cleaned3 (1).xlsx,Sheet1,1070
Marek Sawicki,Third way,Poland,mep_party_cleaned3 (1).xlsx,Sheet1,1071
Marek Suski,Law and Justice,Poland,mep_party_cleaned3 (1).xlsx,Sheet1,1072
Margaret Thatcher,Conservative Party,United Kingdom,mep_party_cleaned3 (1).xlsx,Sheet1,1073
Margarita de la Pisa Carrión,Vox,Spain,mep_party_cleaned3 (1).xlsx,Sheet1,1074
Margarita Gancheva,Revival,Bulgaria,mep_party_cleaned3 (1).xlsx,Sheet1,1075
Margarita Robles,Spanish Socialist Workers' Party,Spain,mep_party_cleaned3 (1).xlsx,Sheet1,1076
Margrethe Vestager,Social Liberal Party,Denmark,mep_party_cleaned3 (1).xlsx,Sheet1,1077
Mari Rantanen,Finns Party,Finland,mep_party_cleaned3 (1).xlsx,Sheet1,1078
Maria Conceição Tavares,Socialist Party,Portugal,mep_party_cleaned3 (1).xlsx,Sheet1,1079
María Corina Machado,Vente Venezuela,Venezuela,mep_party_cleaned3 (1).xlsx,Sheet1,1080
Maria Escaja,Left Block ,Portugal,mep_party_cleaned3 (1).xlsx,Sheet1,1081
María Fernández Figaredo,Vox,Spain,mep_party_cleaned3 (1).xlsx,Sheet1,1082
Maria Gabriel,Citizens for European Development of Bulgaria,Bulgaria,mep_party_cleaned3 (1).xlsx,Sheet1,1083
María Jesús Montero,Spanish Socialist Workers' Party,Spain,mep_party_cleaned3 (1).xlsx,Sheet1,1084
Maria José Aguiar,Chega,Portugal,mep_party_cleaned3 (1).xlsx,Sheet1,1085
María José Catalá,People's Party,Spain,mep_party_cleaned3 (1).xlsx,Sheet1,1086
Maria Malmer Stenegard,The Moderate Party,Sweden,mep_party_cleaned3 (1).xlsx,Sheet1,1087
Maria Malmer Stenergard,Moderate Party,Sweden,mep_party_cleaned3 (1).xlsx,Sheet1,1088
Maria Manuel Leitão Marques,Socialist Party,Portugal,mep_party_cleaned3 (1).xlsx,Sheet1,1089
Maria Miala,Nation Coalition Party ,Finland,mep_party_cleaned3 (1).xlsx,Sheet1,1090
Maria Montero,Spanish Socialist Workers' Party,Spain,mep_party_cleaned3 (1).xlsx,Sheet1,1091
Maria Niklinska,Third Way,Poland,mep_party_cleaned3 (1).xlsx,Sheet1,1092
Maria Noichl,Social Democratic Party of Germany,Germany,mep_party_cleaned3 (1).xlsx,Sheet1,1093
Maria Ohisalo,Green League,Finland,mep_party_cleaned3 (1).xlsx,Sheet1,1094
Maria Rosander,Sweden Democrats,Sweden,mep_party_cleaned3 (1).xlsx,Sheet1,1095
Maria Walsh,Fine Gael,Ireland,mep_party_cleaned3 (1).xlsx,Sheet1,1096
Maria Zakharova,Others,Russia,mep_party_cleaned3 (1).xlsx,Sheet1,1097
Mariana Mortágua,Bloco de Esquerda,Portugal,mep_party_cleaned3 (1).xlsx,Sheet1,1098
Mariano Rajoy,People's Party,Spain,mep_party_cleaned3 (1).xlsx,Sheet1,1099
Marie Dauchy,National Rally,France,mep_party_cleaned3 (1).xlsx,Sheet1,1100
Marie Toussaint,The Ecologists,France,mep_party_cleaned3 (1).xlsx,Sheet1,1101
Marie-Agnes Strack-Zimmermann,Free Democratic Party,France,mep_party_cleaned3 (1).xlsx,Sheet1,1102
Marie-Agnes Strack-Zimmermann,Free Democratic Party,Germany,mep_party_cleaned3 (1).xlsx,Sheet1,1103
Marie-Luce Brasier-Clain,National Rally,France,mep_party_cleaned3 (1).xlsx,Sheet1,1104
Marie-Pierre Vedrenne,Common Good of Europeans,France,mep_party_cleaned3 (1).xlsx,Sheet1,1105
Marija Selak Raspudić,The Bridge,Croatia,mep_party_cleaned3 (1).xlsx,Sheet1,1106
Marijana Puljak,Centre,Croatia,mep_party_cleaned3 (1).xlsx,Sheet1,1107
Marin Miletić,The Bridge,Croatia,mep_party_cleaned3 (1).xlsx,Sheet1,1108
Marina Gonçalves,Socialist Party,Portugal,mep_party_cleaned3 (1).xlsx,Sheet1,1109
Marina Mesure,France Unbowed,France,mep_party_cleaned3 (1).xlsx,Sheet1,1110
Marina Weisband,Alliance 90/The Greens,Germany,mep_party_cleaned3 (1).xlsx,Sheet1,1111
Marine Le Pen,National Rally,France,mep_party_cleaned3 (1).xlsx,Sheet1,1112
Marine Tondelier,Europe Ecology – The Greens,France,mep_party_cleaned3 (1).xlsx,Sheet1,1113
Mario Banožić,Croatian Democratic Union,Croatia,mep_party_cleaned3 (1).xlsx,Sheet1,1114
Mario Radić,Homeland Movement,Croatia,mep_party_cleaned3 (1).xlsx,Sheet1,1115
Mário Soares,Socialist Party,Portugal,mep_party_cleaned3 (1).xlsx,Sheet1,1116
Mario Voigt,Christian Democratic Union,Germany,mep_party_cleaned3 (1).xlsx,Sheet1,1117
Marion Maréchal Le Pen,Identity–Freedoms,France,mep_party_cleaned3 (1).xlsx,Sheet1,1118
Marion Walsmann,Christian Democratic Union of Germany,Germany,mep_party_cleaned3 (1).xlsx,Sheet1,1119
Marisa Matias,Bloco de Esquerda,Portugal,mep_party_cleaned3 (1).xlsx,Sheet1,1120
Mariusz Błaszczak,Law and Justice,Poland,mep_party_cleaned3 (1).xlsx,Sheet1,1121
Mariusz Gosek,Law and Justice,Poland,mep_party_cleaned3 (1).xlsx,Sheet1,1122
Mariusz Kamiński,Law and Justice,Poland,mep_party_cleaned3 (1).xlsx,Sheet1,1123
Mariusz Krystian,Law and Justice,Poland,mep_party_cleaned3 (1).xlsx,Sheet1,1124
Mariya Gabriel,Citizens for European Development of Bulgaria,Bulgaria,mep_party_cleaned3 (1).xlsx,Sheet1,1125
Mariya Voyvodova,Not publicly known,Sweden,mep_party_cleaned3 (1).xlsx,Sheet1,1126
Marjo Matikainen-Kallström,National Coalition Party,Finland,mep_party_cleaned3 (1).xlsx,Sheet1,1127
Marjo Matikainen-Kallström,Other ,Finland,mep_party_cleaned3 (1).xlsx,Sheet1,1128
Mark Rutte,People's Party for Freedom and Democracy,Netherlands,mep_party_cleaned3 (1).xlsx,Sheet1,1129
Márki-Zay Péter,Everybody's Hungary People's Party,Hungary,mep_party_cleaned3 (1).xlsx,Sheet1,1130
Márki-Zay Péter,Everyone’s Hungary Movement,Hungary,mep_party_cleaned3 (1).xlsx,Sheet1,1131
Markku Rentto,National Coalition Party,Finland,mep_party_cleaned3 (1).xlsx,Sheet1,1132
Marko Milanović Litre,Others,Croatia,mep_party_cleaned3 (1).xlsx,Sheet1,1133
Marko Primorac,Others,Croatia,mep_party_cleaned3 (1).xlsx,Sheet1,1134
Markus Allard,Örebro Party,Sweden,mep_party_cleaned3 (1).xlsx,Sheet1,1135
Markus Buchheit,Alternative for Germany,Germany,mep_party_cleaned3 (1).xlsx,Sheet1,1136
Markus Ferber,Christian Social Union in Bayern,Germany,mep_party_cleaned3 (1).xlsx,Sheet1,1137
Markus Frohnmaier,Alternative for Germany,Germany,mep_party_cleaned3 (1).xlsx,Sheet1,1138
Markus Lanz,Others,Germany,mep_party_cleaned3 (1).xlsx,Sheet1,1139
Markus Söder,Christian Social Union in Bavaria,Germany,mep_party_cleaned3 (1).xlsx,Sheet1,1140
Markus Söder,Christian Social Union,Germany,mep_party_cleaned3 (1).xlsx,Sheet1,1141
Marlena Maląg,Law and Justice,Poland,mep_party_cleaned3 (1).xlsx,Sheet1,1142
Marta Lempart,All-Poland Women's Strike,Poland,mep_party_cleaned3 (1).xlsx,Sheet1,1143
Marta Martins da Silva,Chega,Portugal,mep_party_cleaned3 (1).xlsx,Sheet1,1144
Marta Temido,Socialist Party,Portugal,mep_party_cleaned3 (1).xlsx,Sheet1,1145
Marta Wcisło,Civic Coalition,Poland,mep_party_cleaned3 (1).xlsx,Sheet1,1146
Martin Dimitrov,Democratic Bulgaria,Bulgaria,mep_party_cleaned3 (1).xlsx,Sheet1,1147
Martin Häusling,Alliance 90/The Greens,Germany,mep_party_cleaned3 (1).xlsx,Sheet1,1148
Martin Karbovski,Independent,Bulgaria,mep_party_cleaned3 (1).xlsx,Sheet1,1149
Martin Melin,Liberalerna,Sweden,mep_party_cleaned3 (1).xlsx,Sheet1,1150
Martin Schirdewan,The Left,Germany,mep_party_cleaned3 (1).xlsx,Sheet1,1151
Martin Schirdewan,The Left,Germany ,mep_party_cleaned3 (1).xlsx,Sheet1,1152
Martin Schulz,Social Democratic Party,Germany,mep_party_cleaned3 (1).xlsx,Sheet1,1153
Martin Sonneborn,"Party for Labor, Rule of Law, Animal Protection, Elite Promotion and Grassroots-Democratic Initiative",Germany,mep_party_cleaned3 (1).xlsx,Sheet1,1154
Martina Johansson,Sweden Democrats,Sweden,mep_party_cleaned3 (1).xlsx,Sheet1,1155
Marvin Neumann,Not publicly affiliated,Germany,mep_party_cleaned3 (1).xlsx,Sheet1,1156
Mary Khan-Hohloch,Alternative for Germany,Germany,mep_party_cleaned3 (1).xlsx,Sheet1,1157
Mary Lou McDonald,Sinn Féin,Ireland,mep_party_cleaned3 (1).xlsx,Sheet1,1158
Mary Robinson,Labour Party,Ireland,mep_party_cleaned3 (1).xlsx,Sheet1,1159
Más Madrid,Más Madrid,Spain,mep_party_cleaned3 (1).xlsx,Sheet1,1160
Más Madrid Alcobendas,Más Madrid,Spain,mep_party_cleaned3 (1).xlsx,Sheet1,1161
Mateusz Morawiecki,Law and Justice,Poland,mep_party_cleaned3 (1).xlsx,Sheet1,1162
Mathilde Androuët,National Rally,France,mep_party_cleaned3 (1).xlsx,Sheet1,1163
Matias Mäkynen,Social Democratic Party,Finland,mep_party_cleaned3 (1).xlsx,Sheet1,1164
Matko Dujmović,Croatian Democratic Union,Croatia,mep_party_cleaned3 (1).xlsx,Sheet1,1165
Mato Lukić,Croatian Democratic Union,Croatia,mep_party_cleaned3 (1).xlsx,Sheet1,1166
Matt Carthy,Sinn Féin,Ireland,mep_party_cleaned3 (1).xlsx,Sheet1,1167
Matteo Salvini,Lega Nord,Italy,mep_party_cleaned3 (1).xlsx,Sheet1,1168
Matthias Ecke,Social Democratic Party of Germany,Germany,mep_party_cleaned3 (1).xlsx,Sheet1,1169
Matthias Miersch,Social Democratic Party,Germany,mep_party_cleaned3 (1).xlsx,Sheet1,1170
Matthieu Valet,National Rally,France,mep_party_cleaned3 (1).xlsx,Sheet1,1171
Matti Paalanen,Others,Finland,mep_party_cleaned3 (1).xlsx,Sheet1,1172
Matti Rönkä,Others,Finland,mep_party_cleaned3 (1).xlsx,Sheet1,1173
Matti Vanhanen,Centre Party,Finland,mep_party_cleaned3 (1).xlsx,Sheet1,1174
Mattias Karlsson,Sweden Democrats,Sweden,mep_party_cleaned3 (1).xlsx,Sheet1,1175
Mattias Vepsä,Social Democrats,Sweden,mep_party_cleaned3 (1).xlsx,Sheet1,1176
Mauri Pekkarinen,Centre Party,Finland,mep_party_cleaned3 (1).xlsx,Sheet1,1177
Mauri Peltokangas,Finns Party,Finland,mep_party_cleaned3 (1).xlsx,Sheet1,1178
Max Chandler Mather,Australia Greens,Australia,mep_party_cleaned3 (1).xlsx,Sheet1,1179
Maximilian Krah,Alternative for Germany,Germany,mep_party_cleaned3 (1).xlsx,Sheet1,1180
Maya Manolova,Stand Up.BG,Bulgaria,mep_party_cleaned3 (1).xlsx,Sheet1,1181
Maybrit Illner,Not publicly affiliated,Germany,mep_party_cleaned3 (1).xlsx,Sheet1,1182
Mech (Sword),Sword,Bulgaria,mep_party_cleaned3 (1).xlsx,Sheet1,1183
Mehdi Hasan,Not publicly affiliated,United Kingdom,mep_party_cleaned3 (1).xlsx,Sheet1,1184
Mélanie Disdier,National Rally,France,mep_party_cleaned3 (1).xlsx,Sheet1,1185
Melanie Joly,Liberal Party,Canada,mep_party_cleaned3 (1).xlsx,Sheet1,1186
Mélissa Camara,The Ecologists,France,mep_party_cleaned3 (1).xlsx,Sheet1,1187
Mercedes González,Spanish Socialist Workers' Party,Spain,mep_party_cleaned3 (1).xlsx,Sheet1,1188
Merja Kyllönen,Left Alliance,Finland,mep_party_cleaned3 (1).xlsx,Sheet1,1189
Metodi Andreev,Union of Democratic Forces,Bulgaria,mep_party_cleaned3 (1).xlsx,Sheet1,1190
Mette Frederiksen,Social Democrats,Denmark,mep_party_cleaned3 (1).xlsx,Sheet1,1191
Meyer Habib,The Republicans,France,mep_party_cleaned3 (1).xlsx,Sheet1,1192
Mi Hazánk,Mi Hazánk,Hungary,mep_party_cleaned3 (1).xlsx,Sheet1,1193
Miapetra Kumpula-Natri,Social Democratic Party,Finland,mep_party_cleaned3 (1).xlsx,Sheet1,1194
Michael Bloss,Alliance 90/The Greens,Germany,mep_party_cleaned3 (1).xlsx,Sheet1,1195
Michael Ellis,Conservative Party,United Kingdom,mep_party_cleaned3 (1).xlsx,Sheet1,1196
Michael Gahler,Christian Democratic Union of Germany,Germany,mep_party_cleaned3 (1).xlsx,Sheet1,1197
Michael Gove,Conservative Party,United Kingdom,mep_party_cleaned3 (1).xlsx,Sheet1,1198
Michael Kretschmer,Christian Democratic Union,Germany,mep_party_cleaned3 (1).xlsx,Sheet1,1199
Michael von der Schulenburg,Citizens for Mecklenburg-Vorpommern,Germany,mep_party_cleaned3 (1).xlsx,Sheet1,1200
Michał Dworczyk,Law and Justice,Poland,mep_party_cleaned3 (1).xlsx,Sheet1,1201
Michał Kamiński,Third way,Poland,mep_party_cleaned3 (1).xlsx,Sheet1,1202
Michał Kobosko,Third Way,Poland,mep_party_cleaned3 (1).xlsx,Sheet1,1203
Michał Kołodziejczak,Need help,Poland,mep_party_cleaned3 (1).xlsx,Sheet1,1204
Michał Szczerba,Civic Coalition,Poland,mep_party_cleaned3 (1).xlsx,Sheet1,1205
Michał Wawer,Confederation,Poland,mep_party_cleaned3 (1).xlsx,Sheet1,1206
Michał Wawrykiewicz,Civic Coalition,Poland,mep_party_cleaned3 (1).xlsx,Sheet1,1207
Michał Wójcik,Law and Justice,Poland,mep_party_cleaned3 (1).xlsx,Sheet1,1208
Micheál Martin,Fianna Fáil,Ireland,mep_party_cleaned3 (1).xlsx,Sheet1,1209
Michelle Gildernew,Sinn Féin,Northern Ireland,mep_party_cleaned3 (1).xlsx,Sheet1,1210
Michelle Obama,Democratic Party,United States,mep_party_cleaned3 (1).xlsx,Sheet1,1211
Mick Wallace,Independents 4 Change,Ireland,mep_party_cleaned3 (1).xlsx,Sheet1,1212
Miguel Frontera,Others,Spain,mep_party_cleaned3 (1).xlsx,Sheet1,1213
Miguel Pascual,VOX,Spain,mep_party_cleaned3 (1).xlsx,Sheet1,1214
Miguel Tellado,People's Party,Spain,mep_party_cleaned3 (1).xlsx,Sheet1,1215
Mihail Kambarev,We Continue the Change,Bulgaria,mep_party_cleaned3 (1).xlsx,Sheet1,1216
Mihail Mikov,Bulgarian Socialist Party,Bulgaria,mep_party_cleaned3 (1).xlsx,Sheet1,1217
Mihal Kambarev,We Continue the Change,Bulgaria,mep_party_cleaned3 (1).xlsx,Sheet1,1218
Miina-Anniina Heiskanen,Social Democratic Party of Finland,Finland,mep_party_cleaned3 (1).xlsx,Sheet1,1219
Mika Aaltola,Others,Finland,mep_party_cleaned3 (1).xlsx,Sheet1,1220
Mika Aaltola,National Coalition Party,Finland,mep_party_cleaned3 (1).xlsx,Sheet1,1221
Mika Lintilä,Centre Party,Finland,mep_party_cleaned3 (1).xlsx,Sheet1,1222
Mika Niikko,Finns Party,Finland,mep_party_cleaned3 (1).xlsx,Sheet1,1223
Mikael Damberg,Social Democrats,Sweden,mep_party_cleaned3 (1).xlsx,Sheet1,1224
Mikko Lohi,Centre Party,Finland,mep_party_cleaned3 (1).xlsx,Sheet1,1225
Mikko Lundén,Finns Party,Finland,mep_party_cleaned3 (1).xlsx,Sheet1,1226
Miljöpartiet,Green Party,Sweden,mep_party_cleaned3 (1).xlsx,Sheet1,1227
Milla Ilieva,Velichie Party,Bulgaria,mep_party_cleaned3 (1).xlsx,Sheet1,1228
Milorad Dodik,Alliance of Independent Social Democrats,Bosnia and Herzegovina,mep_party_cleaned3 (1).xlsx,Sheet1,1229
Milorad Pupovac,Independent Democratic Serb Party,Croatia,mep_party_cleaned3 (1).xlsx,Sheet1,1230
Minja Koskela,Left Alliance,Finland,mep_party_cleaned3 (1).xlsx,Sheet1,1231
Minna Minkkinen,Left Alliance,Finland,mep_party_cleaned3 (1).xlsx,Sheet1,1232
Miquel Ramos,Others,Spain,mep_party_cleaned3 (1).xlsx,Sheet1,1233
Mireia Borrás,Vox,Spain,mep_party_cleaned3 (1).xlsx,Sheet1,1234
Mirela Ahmetović,Social Democratic Party of Croatia,Croatia,mep_party_cleaned3 (1).xlsx,Sheet1,1235
Miriam Margolyes,Others,UK,mep_party_cleaned3 (1).xlsx,Sheet1,1236
Miro Bulj,The Bridge,Croatia,mep_party_cleaned3 (1).xlsx,Sheet1,1237
Miroslav Radačovský,Slovak National Party,Slovakia,mep_party_cleaned3 (1).xlsx,Sheet1,1238
Miroslava Petrova,Velichie Party,Bulgaria,mep_party_cleaned3 (1).xlsx,Sheet1,1239
Mirosława Nykiel,Civic Coalition,Poland,mep_party_cleaned3 (1).xlsx,Sheet1,1240
Mishal Al-Ahmad Al-Jaber Al-Sabah,Not publicly affiliated,Kuwait,mep_party_cleaned3 (1).xlsx,Sheet1,1241
Mislav Kolakušić,Law and Justice,Croatia,mep_party_cleaned3 (1).xlsx,Sheet1,1242
Moderata Ungdomsförbundet,The Moderate Youth League,Sweden,mep_party_cleaned3 (1).xlsx,Sheet1,1243
Moderate Youth League,Moderate Party,Sweden,mep_party_cleaned3 (1).xlsx,Sheet1,1244
Móga Bernadett,Democratic Coalition - Momentum Movement - Jobbik - LMP-Hungary's Green Party - Hungarian Socialist Party - Dialogue - The Greens' Party,Bulgaria,mep_party_cleaned3 (1).xlsx,Sheet1,1245
Mónica García,Más Madrid,Spain,mep_party_cleaned3 (1).xlsx,Sheet1,1246
Mónica García,SUMAR,Spain,mep_party_cleaned3 (1).xlsx,Sheet1,1247
Mónica Oltra,Commitment Coalition,Spain,mep_party_cleaned3 (1).xlsx,Sheet1,1248
Monika Brodzinska,The Sweden Democrats,Sweden,mep_party_cleaned3 (1).xlsx,Sheet1,1249
Monika Hohlmeier,Christian Social Union in Bayern,Germany,mep_party_cleaned3 (1).xlsx,Sheet1,1250
Monika Wielichowska,Civic Platform,Poland,mep_party_cleaned3 (1).xlsx,Sheet1,1251
Moritz Körner,Free Democratic Party,Germany,mep_party_cleaned3 (1).xlsx,Sheet1,1252
Morten Messerschmidt,Danish People's Party,Denmark,mep_party_cleaned3 (1).xlsx,Sheet1,1253
Mounir Satouri,The Ecologists,France,mep_party_cleaned3 (1).xlsx,Sheet1,1254
Movement Bulgaria Can,Movement Bulgaria Can,Bulgaria,mep_party_cleaned3 (1).xlsx,Sheet1,1255
Movement for Rights and Freedoms,Movement for Rights and Freedoms,Bulgaria,mep_party_cleaned3 (1).xlsx,Sheet1,1256
Muharrem Demirok,Centre Party,Sweden,mep_party_cleaned3 (1).xlsx,Sheet1,1257
Muharrem Demirok,The Center Party,Sweden,mep_party_cleaned3 (1).xlsx,Sheet1,1258
Murielle Laurent,Socialist Party,France,mep_party_cleaned3 (1).xlsx,Sheet1,1259
Mustafa Karadayi,Movement for Rights and Freedoms,Bulgaria,mep_party_cleaned3 (1).xlsx,Sheet1,1260
Nacho Sánchez Amor,Spanish Socialist Workers' Party,Spain,mep_party_cleaned3 (1).xlsx,Sheet1,1261
Nadezhda Mihaylova,Union of Democratic Forces,Bulgaria,mep_party_cleaned3 (1).xlsx,Sheet1,1262
Nadezhda Yordanova,Democratic Bulgaria,Bulgaria,mep_party_cleaned3 (1).xlsx,Sheet1,1263
Nadezhda Yordanova,We Continue the Change ,Bulgaria,mep_party_cleaned3 (1).xlsx,Sheet1,1264
Nadine Morano,The Republicans,France,mep_party_cleaned3 (1).xlsx,Sheet1,1265
Nagy Ervin,TISZA Party,Hungary,mep_party_cleaned3 (1).xlsx,Sheet1,1266
Nagy Márton,Fidesz,Hungary,mep_party_cleaned3 (1).xlsx,Sheet1,1267
Nancy Faeser,Social Democratic Party,Germany,mep_party_cleaned3 (1).xlsx,Sheet1,1268
Nancy Pelosi,Democratic Party,United States,mep_party_cleaned3 (1).xlsx,Sheet1,1269
Naomi Klein,Others,Canada,mep_party_cleaned3 (1).xlsx,Sheet1,1270
Narendra Modi,Bharatiya Janata Party,India,mep_party_cleaned3 (1).xlsx,Sheet1,1271
Nasima Razmyar,Social Democratic Party of Finland,Finland,mep_party_cleaned3 (1).xlsx,Sheet1,1272
Nasima Razmyarla,Social Democratic Party of Finland,Finland,mep_party_cleaned3 (1).xlsx,Sheet1,1273
Nastimir Ananiev,We Continue the Change – Democratic Bulgaria,Bulgaria,mep_party_cleaned3 (1).xlsx,Sheet1,1274
Nastimir Ananiev Ananiev,Volt Bulgaria,Bulgaria,mep_party_cleaned3 (1).xlsx,Sheet1,1275
Natalia Chueca,People's Party,Spain,mep_party_cleaned3 (1).xlsx,Sheet1,1276
Natalie Bennett,Green Party,Australia,mep_party_cleaned3 (1).xlsx,Sheet1,1277
Nathalie Loiseau,Common Good of Europeans,France,mep_party_cleaned3 (1).xlsx,Sheet1,1278
National Movement for Stability and Progress (NDSV),NDSV Party,Bulgaria,mep_party_cleaned3 (1).xlsx,Sheet1,1279
Nayib Bukele,Nuevas Ideas,El Salvador,mep_party_cleaned3 (1).xlsx,Sheet1,1280
Nebojša Vukanović,Others,Bosnia and Herzegovina,mep_party_cleaned3 (1).xlsx,Sheet1,1281
Ned Mannoun,Liberal Party,Australia,mep_party_cleaned3 (1).xlsx,Sheet1,1282
Nela Riehl,Volt Germany,Germany,mep_party_cleaned3 (1).xlsx,Sheet1,1283
Nelson Mandela,South African Communist Party,South Africa,mep_party_cleaned3 (1).xlsx,Sheet1,1284
Nicasio Galván,Others,Spain,mep_party_cleaned3 (1).xlsx,Sheet1,1285
Niclas Herbst,Christian Democratic Union of Germany,Germany,mep_party_cleaned3 (1).xlsx,Sheet1,1286
Nicolas Bay,Reconquest,France,mep_party_cleaned3 (1).xlsx,Sheet1,1287
Nicolás González Casares,Spanish Socialist Workers' Party,Spain,mep_party_cleaned3 (1).xlsx,Sheet1,1288
Nicolás Maduro,United Socialist Party of Venezuela,Venezuela,mep_party_cleaned3 (1).xlsx,Sheet1,1289
Nicolás Pascual de la Parte,People's Party,Spain,mep_party_cleaned3 (1).xlsx,Sheet1,1290
Nicolas Sarkozy,The Republicans,France,mep_party_cleaned3 (1).xlsx,Sheet1,1291
Nicolas Schmit,Luxembourg Socialist Workers' Party,Luxembourg,mep_party_cleaned3 (1).xlsx,Sheet1,1292
Nicole Shanahan,,United States,mep_party_cleaned3 (1).xlsx,Sheet1,1293
Nigel Farage,Reform UK,UK,mep_party_cleaned3 (1).xlsx,Sheet1,1294
Niina Malm,Social Democratic Party,Finland,mep_party_cleaned3 (1).xlsx,Sheet1,1295
Niina Ratilainen,Green League,Finland,mep_party_cleaned3 (1).xlsx,Sheet1,1296
Niklas Villumsen,Red-Green Alliance,Denmark,mep_party_cleaned3 (1).xlsx,Sheet1,1297
Niko A. Kauko,Others,Finland,mep_party_cleaned3 (1).xlsx,Sheet1,1298
Nikola Dimitrov,We Continue the Change – Democratic Bulgaria,Bulgaria,mep_party_cleaned3 (1).xlsx,Sheet1,1299
Nikola Grmoja,The Bridge,Croatia,mep_party_cleaned3 (1).xlsx,Sheet1,1300
Nikola Minchev,We Continue the Change,Bulgaria,mep_party_cleaned3 (1).xlsx,Sheet1,1301
Nikola Vaptsarov,Others,Bulgaria,mep_party_cleaned3 (1).xlsx,Sheet1,1302
Nikolaj Villumsen,Red-Green Alliance,Denmark,mep_party_cleaned3 (1).xlsx,Sheet1,1303
Nikolay Barekov,Bulgaria Without Censorship,Bulgaria,mep_party_cleaned3 (1).xlsx,Sheet1,1304
Nikolay Denkov,We Continue the Change,Bulgaria,mep_party_cleaned3 (1).xlsx,Sheet1,1305
Nikolay Drenchev,Velichie,Bulgaria,mep_party_cleaned3 (1).xlsx,Sheet1,1306
Nikolay Malinov,Russophiles for the Revival of the Fatherland,Bulgaria,mep_party_cleaned3 (1).xlsx,Sheet1,1307
Nikolay Markov,Velichie,Bulgaria,mep_party_cleaned3 (1).xlsx,Sheet1,1308
Nikolay Markov,Velichie,Bulgaria,mep_party_cleaned3 (1).xlsx,Sheet1,1309
Nikolay Radulov,There Is Such a People,Bulgaria,mep_party_cleaned3 (1).xlsx,Sheet1,1310
Nikolina Brnjac,Croatian Democratic Union,Croatia,mep_party_cleaned3 (1).xlsx,Sheet1,1311
Nikos Christodoulides,Independent,Cyprus,mep_party_cleaned3 (1).xlsx,Sheet1,1312
Nina Skočak,Others,Croatia,mep_party_cleaned3 (1).xlsx,Sheet1,1313
Nino Raspudić,The Bridge,Croatia,mep_party_cleaned3 (1).xlsx,Sheet1,1314
Noam Chomsky,Others,United States,mep_party_cleaned3 (1).xlsx,Sheet1,1315
Noelia Núñez,People's Party,Spain,mep_party_cleaned3 (1).xlsx,Sheet1,1316
Noora Korpela,Green League,Finland,mep_party_cleaned3 (1).xlsx,Sheet1,1317
Nooshi Dadgostar,Left Party,Sweden,mep_party_cleaned3 (1).xlsx,Sheet1,1318
Nora Junco,Se Acabó La Fiesta,Spain,mep_party_cleaned3 (1).xlsx,Sheet1,1319
Nora Mebarek,Socialist Party,France,mep_party_cleaned3 (1).xlsx,Sheet1,1320
Norbert Lins,Christian Democratic Union of Germany,Germany,mep_party_cleaned3 (1).xlsx,Sheet1,1321
Norman Finkelstein,Others,United States,mep_party_cleaned3 (1).xlsx,Sheet1,1322
Nova Direita,Nova Direita,Portugal,mep_party_cleaned3 (1).xlsx,Sheet1,1323
Nuno Matias,Social Democratic Party,Germany,mep_party_cleaned3 (1).xlsx,Sheet1,1324
Nuno Melo,CDS – People's Party,Portugal,mep_party_cleaned3 (1).xlsx,Sheet1,1325
Nuria Montes de Diego,People's Party,Spain,mep_party_cleaned3 (1).xlsx,Sheet1,1326
Oihane Agirregoitia,Coalition for a Solidary Europe,Spain,mep_party_cleaned3 (1).xlsx,Sheet1,1327
Ola Möller,Swedish Social Democratic Party,Sweden,mep_party_cleaned3 (1).xlsx,Sheet1,1328
Olaf Scholz,Social Democratic Party,Germany,mep_party_cleaned3 (1).xlsx,Sheet1,1329
Olga Viza,Others,Spain,mep_party_cleaned3 (1).xlsx,Sheet1,1330
Oliver Rosengren,Moderate Party,Sweden,mep_party_cleaned3 (1).xlsx,Sheet1,1331
Oliver Schenk,Christian Democratic Union of Germany,Germany,mep_party_cleaned3 (1).xlsx,Sheet1,1332
Oliver Vogt,Christian Democratic Union,Germany,mep_party_cleaned3 (1).xlsx,Sheet1,1333
Olivier Faure,Socialist Party,France,mep_party_cleaned3 (1).xlsx,Sheet1,1334
Olli Rehn,Centre Party,Finland,mep_party_cleaned3 (1).xlsx,Sheet1,1335
Omid Nouripour,Alliance 90/The Greens,Germany,mep_party_cleaned3 (1).xlsx,Sheet1,1336
Omid Nouripour,The Greens,Germany ,mep_party_cleaned3 (1).xlsx,Sheet1,1337
Onni Härkönen,National Coalition Party,Finland,mep_party_cleaned3 (1).xlsx,Sheet1,1338
Oras Tynkkynen,Green League,Finland,mep_party_cleaned3 (1).xlsx,Sheet1,1339
Oriol Junqueras,Republican Left of Catalonia,Spain,mep_party_cleaned3 (1).xlsx,Sheet1,1340
Oscar Byman,Swedish People's Party of Finland,Finland ,mep_party_cleaned3 (1).xlsx,Sheet1,1341
Óscar Puente,Spanish Socialist Workers' Party,Spain,mep_party_cleaned3 (1).xlsx,Sheet1,1342
Oscar Sjöstedt,The Sweden Democrats,Sweden,mep_party_cleaned3 (1).xlsx,Sheet1,1343
Oskar Matute,EH Bildu,Spain,mep_party_cleaned3 (1).xlsx,Sheet1,1344
Osman Oktay,Movement for Rights and Freedoms,Bulgaria,mep_party_cleaned3 (1).xlsx,Sheet1,1345
Ossanda Liber,New Right,Portugal,mep_party_cleaned3 (1).xlsx,Sheet1,1346
Österreichische Volkspartei,Austrian People's Party,Austria,mep_party_cleaned3 (1).xlsx,Sheet1,1347
Özlem Demirel-Böhlke,The Left,Germany,mep_party_cleaned3 (1).xlsx,Sheet1,1348
Paavo Arhinmäki,Left Alliance,Finland,mep_party_cleaned3 (1).xlsx,Sheet1,1349
Paavo Väyrynen,Centre Party,Finland,mep_party_cleaned3 (1).xlsx,Sheet1,1350
Pablo Arias Echeverría,People's Party,Spain,mep_party_cleaned3 (1).xlsx,Sheet1,1351
Pablo Bustinduy,PODEMOS,Spain,mep_party_cleaned3 (1).xlsx,Sheet1,1352
Pablo Echenique,PODEMOS,Spain,mep_party_cleaned3 (1).xlsx,Sheet1,1353
Pablo Fernández,Podemos,Spain,mep_party_cleaned3 (1).xlsx,Sheet1,1354
Pablo Gómez Perpinyà,Más Madrid,Spain,mep_party_cleaned3 (1).xlsx,Sheet1,1355
Pablo Iglesias,Podemos,Spain,mep_party_cleaned3 (1).xlsx,Sheet1,1356
Pablo Pradilla,Others,Spain,mep_party_cleaned3 (1).xlsx,Sheet1,1357
Paco Diop,Green League,Finland,mep_party_cleaned3 (1).xlsx,Sheet1,1358
Päivi Lohikoski,Left Alliance,Finland,mep_party_cleaned3 (1).xlsx,Sheet1,1359
Päivi Räsänen,Christian Democrats,Finland,mep_party_cleaned3 (1).xlsx,Sheet1,1360
Pál Szekeres,Fidesz – Hungarian Civic Alliance – Christian Democratic People's Party,Hungary,mep_party_cleaned3 (1).xlsx,Sheet1,1361
Papacito,Others,France,mep_party_cleaned3 (1).xlsx,Sheet1,1362
Pär Holmberg,Others,Sweden,mep_party_cleaned3 (1).xlsx,Sheet1,1363
Parisa Liljestrand,Moderate Party,Sweden,mep_party_cleaned3 (1).xlsx,Sheet1,1364
Partei Mensch Umwelt Tierschutz,Animal Protection Party,Germany,mep_party_cleaned3 (1).xlsx,Sheet1,1365
Partido Animalista Contra el Maltrato Animal (PACMA),PACMA,Spain,mep_party_cleaned3 (1).xlsx,Sheet1,1366
Partido Chega,Chega,Portugal,mep_party_cleaned3 (1).xlsx,Sheet1,1367
Partido Comunista Português,Portuguese Communist Party,Portugal,mep_party_cleaned3 (1).xlsx,Sheet1,1368
Partido Comunista Português (PCP),Partido Comunista Português,Portugal,mep_party_cleaned3 (1).xlsx,Sheet1,1369
Partido Livre,Livre,Portugal,mep_party_cleaned3 (1).xlsx,Sheet1,1370
Partido Os Verdes,"Ecologist Party ""The Greens""",Portugal,mep_party_cleaned3 (1).xlsx,Sheet1,1371
Partido Pessoas-Animais-Natureza (PAN),People–Animals–Nature Party,Portugal,mep_party_cleaned3 (1).xlsx,Sheet1,1372
Partido Social Democrata,Partido Social Democrata,Portugal,mep_party_cleaned3 (1).xlsx,Sheet1,1373
Partido Social Democrata (PSD),Partido Social Democrata,Portugal,mep_party_cleaned3 (1).xlsx,Sheet1,1374
Partido Socialista,Partido Socialista,Portugal,mep_party_cleaned3 (1).xlsx,Sheet1,1375
Partit Nazzjonalista,Nationalist Party,Malta,mep_party_cleaned3 (1).xlsx,Sheet1,1376
Party of Humanists (Partei der Humanisten),Secular humanist political party,Germany,mep_party_cleaned3 (1).xlsx,Sheet1,1377
Pascal Canfin,Common Good of Europeans,France,mep_party_cleaned3 (1).xlsx,Sheet1,1378
Pascale Piera,National Rally,France,mep_party_cleaned3 (1).xlsx,Sheet1,1379
Pasi Liukkonen,National Coalition Party,Finland,mep_party_cleaned3 (1).xlsx,Sheet1,1380
Patricia Gilvaz,Liberal Initiative,Portugal,mep_party_cleaned3 (1).xlsx,Sheet1,1381
Patrik Borg,,Finland,mep_party_cleaned3 (1).xlsx,Sheet1,1382
Patryk Jaki,Law and Justice,Poland,mep_party_cleaned3 (1).xlsx,Sheet1,1383
Patxi López,Spanish Socialist Workers' Party,Spain,mep_party_cleaned3 (1).xlsx,Sheet1,1384
Paul Gavan,Sinn Féin,Ireland,mep_party_cleaned3 (1).xlsx,Sheet1,1385
Pauli Kiuru,National Coalition Party,Finland,mep_party_cleaned3 (1).xlsx,Sheet1,1386
Paulina Hennig-Kloska,Third way,Poland,mep_party_cleaned3 (1).xlsx,Sheet1,1387
Paulina Matysiak,Left Together,Poland,mep_party_cleaned3 (1).xlsx,Sheet1,1388
Paulo Cunha,AD – Democratic Alliance,Portugal,mep_party_cleaned3 (1).xlsx,Sheet1,1389
Paulo Nascimento Cabral,AD – Democratic Alliance,Portugal,mep_party_cleaned3 (1).xlsx,Sheet1,1390
Paulo Núncio,CDS – People's Party,Portugal,mep_party_cleaned3 (1).xlsx,Sheet1,1391
Paulo Raimundo,Portuguese Communist Party,Portugal,mep_party_cleaned3 (1).xlsx,Sheet1,1392
Paweł Jabłoński,Law and Justice,Poland,mep_party_cleaned3 (1).xlsx,Sheet1,1393
Paweł Kukiz,Kukiz'15,Poland,mep_party_cleaned3 (1).xlsx,Sheet1,1394
Paweł Zalewski,Third way,Poland,mep_party_cleaned3 (1).xlsx,Sheet1,1395
Peđa Grbin,Social Democratic Party of Croatia,Croatia,mep_party_cleaned3 (1).xlsx,Sheet1,1396
Pedro Fidalgo Marques,People-Animals-Nature,Portugal,mep_party_cleaned3 (1).xlsx,Sheet1,1397
Pedro Frazão,Chega,Portugal,mep_party_cleaned3 (1).xlsx,Sheet1,1398
Pedro Narro,Others,Spain,mep_party_cleaned3 (1).xlsx,Sheet1,1399
Pedro Navarro,People's Party,Spain,mep_party_cleaned3 (1).xlsx,Sheet1,1400
Pedro Nuno Santos,Partido Socialista,Portugal,mep_party_cleaned3 (1).xlsx,Sheet1,1401
Pedro Passos Coelho,Social Democratic Party,Portugal,mep_party_cleaned3 (1).xlsx,Sheet1,1402
Pedro Pinto,Chega,Portugal,mep_party_cleaned3 (1).xlsx,Sheet1,1403
Pedro Sánchez,Spanish Socialist Workers' Party,Spain,mep_party_cleaned3 (1).xlsx,Sheet1,1404
Pekka Aittakumpu,Centre Party,Finland,mep_party_cleaned3 (1).xlsx,Sheet1,1405
Pekka Haavisto,Green League,Finland,mep_party_cleaned3 (1).xlsx,Sheet1,1406
Pekka Toveri,Others,Finland,mep_party_cleaned3 (1).xlsx,Sheet1,1407
Pekka Toveri,National Coalition Party,Finland,mep_party_cleaned3 (1).xlsx,Sheet1,1408
People–Animals–Nature (PAN),People–Animals–Nature,Portugal,mep_party_cleaned3 (1).xlsx,Sheet1,1409
Pepa Millán,Vox,Spain,mep_party_cleaned3 (1).xlsx,Sheet1,1410
Peppi Seppälä,Green League,Finland,mep_party_cleaned3 (1).xlsx,Sheet1,1411
Pernando Barrena,Republics Now,Spain,mep_party_cleaned3 (1).xlsx,Sheet1,1412
Perttu Helin,National Coalition Party,Finland,mep_party_cleaned3 (1).xlsx,Sheet1,1413
Perttu Jussila,Green League,Finland,mep_party_cleaned3 (1).xlsx,Sheet1,1414
Perussuomalaiset Nuoret,Finns Party Youth,Finland,mep_party_cleaned3 (1).xlsx,Sheet1,1415
Petar Klissarov,Direct Democracy,Bulgaria,mep_party_cleaned3 (1).xlsx,Sheet1,1416
Petar Moskov,Conservative Union of the Right,Bulgaria,mep_party_cleaned3 (1).xlsx,Sheet1,1417
Petar Petrov,Revival,Bulgaria,mep_party_cleaned3 (1).xlsx,Sheet1,1418
Petar Volgin,Revival,Bulgaria,mep_party_cleaned3 (1).xlsx,Sheet1,1419
Peter Casey,Independent,Ireland,mep_party_cleaned3 (1).xlsx,Sheet1,1420
Peter Liese,Christian Democratic Union of Germany,Germany,mep_party_cleaned3 (1).xlsx,Sheet1,1421
Péter Magyar,Respect and Freedom Party,Hungary,mep_party_cleaned3 (1).xlsx,Sheet1,1422
Péter Márki-Zay,Everyone's Hungary Movement,Hungary,mep_party_cleaned3 (1).xlsx,Sheet1,1423
Peter Persson,Social Democrats,Sweden,mep_party_cleaned3 (1).xlsx,Sheet1,1424
Peter Petrov,Revival,Bulgaria,mep_party_cleaned3 (1).xlsx,Sheet1,1425
Péter Róna,,Hungary,mep_party_cleaned3 (1).xlsx,Sheet1,1426
Peter Szijjarto,Fidesz,Hungary,mep_party_cleaned3 (1).xlsx,Sheet1,1427
Péter Szijjártó,Fidesz – Hungarian Civic Alliance – Christian Democratic People's Party,Hungary,mep_party_cleaned3 (1).xlsx,Sheet1,1428
Petr Bystron,Alternative for Germany,Germany,mep_party_cleaned3 (1).xlsx,Sheet1,1429
Petr Fiala,Civic Democratic Party,Czech Republic,mep_party_cleaned3 (1).xlsx,Sheet1,1430
Petr Pavel,Independent,Czech Republic,mep_party_cleaned3 (1).xlsx,Sheet1,1431
Petr Pavel,Communist Party,Czech Republiv,mep_party_cleaned3 (1).xlsx,Sheet1,1432
Petri Honkonen,Centre Party,Finland,mep_party_cleaned3 (1).xlsx,Sheet1,1433
Petri Sarvamaa,National Coalition Party,Finland,mep_party_cleaned3 (1).xlsx,Sheet1,1434
Petrus Pennanen,Pirate Party,Finland,mep_party_cleaned3 (1).xlsx,Sheet1,1435
Petteri Orpo,National Coalition Party,Finland,mep_party_cleaned3 (1).xlsx,Sheet1,1436
Philipp Amthor,Christian Democratic Union,Germany,mep_party_cleaned3 (1).xlsx,Sheet1,1437
Philipp Türmer,Not publicly affiliated,Germany,mep_party_cleaned3 (1).xlsx,Sheet1,1438
Philippe Lamberts,Ecolo,Belgium,mep_party_cleaned3 (1).xlsx,Sheet1,1439
Philippe Lamberts,Ecolo,Belguim,mep_party_cleaned3 (1).xlsx,Sheet1,1440
Philippe Olivier,National Rally,France,mep_party_cleaned3 (1).xlsx,Sheet1,1441
Phoenix,Public television broadcaster,Germany,mep_party_cleaned3 (1).xlsx,Sheet1,1442
Pia Lohikoski,Left Alliance,Finland,mep_party_cleaned3 (1).xlsx,Sheet1,1443
Pia Sillanpää,Social Democratic Party,Finland,mep_party_cleaned3 (1).xlsx,Sheet1,1444
Pierre Jouvet,Socialist Party,France,mep_party_cleaned3 (1).xlsx,Sheet1,1445
Pierre Pimpie,National Rally,France,mep_party_cleaned3 (1).xlsx,Sheet1,1446
Pierre-Romain Thionnet,National Rally,France,mep_party_cleaned3 (1).xlsx,Sheet1,1447
Piers Morgan,Others,UK,mep_party_cleaned3 (1).xlsx,Sheet1,1448
Piia Elo,Green League,Finland,mep_party_cleaned3 (1).xlsx,Sheet1,1449
Piia Viitanen,Social Democratic Party of Finland,Finland,mep_party_cleaned3 (1).xlsx,Sheet1,1450
Pilar Alegría,Spanish Socialist Workers' Party,Spain,mep_party_cleaned3 (1).xlsx,Sheet1,1451
Pilar del Castillo,People's Party,Spain,mep_party_cleaned3 (1).xlsx,Sheet1,1452
Pinja Perholehto,Green League,Finland,mep_party_cleaned3 (1).xlsx,Sheet1,1453
Piotr Korczarowski,Confederation Liberty and Independence,Poland,mep_party_cleaned3 (1).xlsx,Sheet1,1454
Piotr Kowal,Left,Poland,mep_party_cleaned3 (1).xlsx,Sheet1,1455
Piotr Kraśko,Civic Platform,Poland,mep_party_cleaned3 (1).xlsx,Sheet1,1456
Piotr Müller,Law and Justice,Poland,mep_party_cleaned3 (1).xlsx,Sheet1,1457
Piotr Zgorzelski,Third way,Poland,mep_party_cleaned3 (1).xlsx,Sheet1,1458
Plaid Cymru,Plaid Cymru,United Kingdom (Wales),mep_party_cleaned3 (1).xlsx,Sheet1,1459
Podemos,Podemos,Spain,mep_party_cleaned3 (1).xlsx,Sheet1,1460
Podemos Cieza,Podemos,Spain,mep_party_cleaned3 (1).xlsx,Sheet1,1461
Podemos Girona,Podemos,Spain,mep_party_cleaned3 (1).xlsx,Sheet1,1462
Pope Francis,Others,Vatican City,mep_party_cleaned3 (1).xlsx,Sheet1,1463
Pope John Paul II,Others,Vatican City,mep_party_cleaned3 (1).xlsx,Sheet1,1464
Predrag Fred Matić,Social Democratic Party of Croatia,Croatia,mep_party_cleaned3 (1).xlsx,Sheet1,1465
Prisca Thevenot,Renaissance,France,mep_party_cleaned3 (1).xlsx,Sheet1,1466
Przemysław Czarnek,Law and Justice,Poland,mep_party_cleaned3 (1).xlsx,Sheet1,1467
Przemysław Wipler,KORWiN,Poland,mep_party_cleaned3 (1).xlsx,Sheet1,1468
Rachida Dati,Independant,France,mep_party_cleaned3 (1).xlsx,Sheet1,1469
Rada Laykova,Vazrazhdane,Bulgaria,mep_party_cleaned3 (1).xlsx,Sheet1,1470
Rada Lyakova,Bulgaria Can,Bulgaria,mep_party_cleaned3 (1).xlsx,Sheet1,1471
Radan Kanev,We Continue the Change,Bulgaria,mep_party_cleaned3 (1).xlsx,Sheet1,1472
Radoslav Ribarski,We Continue the Change,Bulgaria,mep_party_cleaned3 (1).xlsx,Sheet1,1473
Radosław Fogiel,Law and Justice,Poland,mep_party_cleaned3 (1).xlsx,Sheet1,1474
Radosław Sikorski,Civic Coalition,Poland,mep_party_cleaned3 (1).xlsx,Sheet1,1475
Radostin Vasilev,Independent,Bulgaria,mep_party_cleaned3 (1).xlsx,Sheet1,1476
Rafał Trzaskowski,Civic Platform,Poland,mep_party_cleaned3 (1).xlsx,Sheet1,1477
Ralf Seekatz,Christian Democratic Union of Germany,Germany,mep_party_cleaned3 (1).xlsx,Sheet1,1478
Raphaël Glucksmann,Public Square,France,mep_party_cleaned3 (1).xlsx,Sheet1,1479
Raphaël Glucksmann,Socialist Party,France,mep_party_cleaned3 (1).xlsx,Sheet1,1480
Rasmus Andresen,Alliance 90/The Greens,Germany,mep_party_cleaned3 (1).xlsx,Sheet1,1481
Rassemblement National,National Rally,France,mep_party_cleaned3 (1).xlsx,Sheet1,1482
Raúl de la Hoz Quintano,People's Party,Spain,mep_party_cleaned3 (1).xlsx,Sheet1,1483
Raya Nazaryan,Democratic Bulgaria,Bulgaria,mep_party_cleaned3 (1).xlsx,Sheet1,1484
Rebecka Forsberg,Others,Sweden,mep_party_cleaned3 (1).xlsx,Sheet1,1485
Rebecka Le Moine,Green Party,Sweden,mep_party_cleaned3 (1).xlsx,Sheet1,1486
Rebecka Rapp,Sweden Democrats,Sweden,mep_party_cleaned3 (1).xlsx,Sheet1,1487
Recep Tayyip Erdoğan,Justice and Development Party,Turkey,mep_party_cleaned3 (1).xlsx,Sheet1,1488
Reinier van Lanschot,Volt Europa,Netherlands,mep_party_cleaned3 (1).xlsx,Sheet1,1489
René Aust,Alternative for Germany,Germany,mep_party_cleaned3 (1).xlsx,Sheet1,1490
René Repasi,Social Democratic Party of Germany,Germany,mep_party_cleaned3 (1).xlsx,Sheet1,1491
Renew Europe,Renew Europe,Europe,mep_party_cleaned3 (1).xlsx,Sheet1,1492
Revival,Revival,Bulgaria,mep_party_cleaned3 (1).xlsx,Sheet1,1493
Reyes Maroto,Spanish Socialist Workers' Party,Spain,mep_party_cleaned3 (1).xlsx,Sheet1,1494
Rhia Lopes,Volt Portugal,Portugal,mep_party_cleaned3 (1).xlsx,Sheet1,1495
Ricarda Lang,Alliance 90/The Greens,Germany,mep_party_cleaned3 (1).xlsx,Sheet1,1496
Ricardo Costa,Others,Portugal,mep_party_cleaned3 (1).xlsx,Sheet1,1497
Richárd Barabás,Dialogue for Hungary,Hungary,mep_party_cleaned3 (1).xlsx,Sheet1,1498
Richard Jomshof,Sweden Democrats,Sweden,mep_party_cleaned3 (1).xlsx,Sheet1,1499
Richard Nixon,Republican Party,United States,mep_party_cleaned3 (1).xlsx,Sheet1,1500
Riikka Purra,Finns Party,Finland,mep_party_cleaned3 (1).xlsx,Sheet1,1501
Rima Hassan,France Unbowed,France,mep_party_cleaned3 (1).xlsx,Sheet1,1502
Rishi Sunak,Conservative Party,United Kingdom,mep_party_cleaned3 (1).xlsx,Sheet1,1503
Rita Maestre,Más Madrid,Spain,mep_party_cleaned3 (1).xlsx,Sheet1,1504
Rita Maestre,SUMAR,Spain,mep_party_cleaned3 (1).xlsx,Sheet1,1505
Rita Maria Matias,Chega,Portugal,mep_party_cleaned3 (1).xlsx,Sheet1,1506
Rita Matias,Chega,Portugal,mep_party_cleaned3 (1).xlsx,Sheet1,1507
Ritva Elomaa,Finns Party,Finland,mep_party_cleaned3 (1).xlsx,Sheet1,1508
Robert Abela,Labour Party,Malta,mep_party_cleaned3 (1).xlsx,Sheet1,1509
Robert Biedroń,The Left,Poland,mep_party_cleaned3 (1).xlsx,Sheet1,1510
Robert de Niro,,United States,mep_party_cleaned3 (1).xlsx,Sheet1,1511
Robert F. Kennedy Jr.,Democratic Party,United States,mep_party_cleaned3 (1).xlsx,Sheet1,1512
Robert Fico,Direction – Social Democracy,Slovakia,mep_party_cleaned3 (1).xlsx,Sheet1,1513
Robert Golob,Freedom Movement,Slovenia,mep_party_cleaned3 (1).xlsx,Sheet1,1514
Robert Habeck,The Greens,Germany,mep_party_cleaned3 (1).xlsx,Sheet1,1515
Robert Habeck,Alliance 90/The Greens,Germany,mep_party_cleaned3 (1).xlsx,Sheet1,1516
Robert Malorny,Alternative for Germany,Germany,mep_party_cleaned3 (1).xlsx,Sheet1,1517
Robert Schuman,Popular Republican Movement,France,mep_party_cleaned3 (1).xlsx,Sheet1,1518
Roberta Metsola,Nationalist Party,Malta,mep_party_cleaned3 (1).xlsx,Sheet1,1519
Roberto Vannacci,Lega per Salvini Premier,Italy,mep_party_cleaned3 (1).xlsx,Sheet1,1520
Robin Mesarosch,Social Democratic Party,Germany,mep_party_cleaned3 (1).xlsx,Sheet1,1521
Rocío De Meer,Vox,Spain,mep_party_cleaned3 (1).xlsx,Sheet1,1522
Rocío Monasterio,Vox,Spain,mep_party_cleaned3 (1).xlsx,Sheet1,1523
Rody Tolassy,National Rally,France,mep_party_cleaned3 (1).xlsx,Sheet1,1524
Roman Fritz,Confederation Liberty and Independence,Poland,mep_party_cleaned3 (1).xlsx,Sheet1,1525
Romana Jerković,Social Democratic Party of Croatia,Croatia,mep_party_cleaned3 (1).xlsx,Sheet1,1526
Romina Pourmokhtari,Liberals,Sweden,mep_party_cleaned3 (1).xlsx,Sheet1,1527
Roosa Grönberg,Green League,Finland,mep_party_cleaned3 (1).xlsx,Sheet1,1528
Rosa Estaràs,People's Party,Spain,mep_party_cleaned3 (1).xlsx,Sheet1,1529
Rosa Meriläinen,Green League,Finland,mep_party_cleaned3 (1).xlsx,Sheet1,1530
Rosa Serrano Sierra,Spanish Socialist Workers' Party,Spain,mep_party_cleaned3 (1).xlsx,Sheet1,1531
Rosen Zhelyazkov,Citizens for European Development of Bulgaria,Bulgaria,mep_party_cleaned3 (1).xlsx,Sheet1,1532
Roumen Gechev,Bulgarian Socialist Party,Bulgaria,mep_party_cleaned3 (1).xlsx,Sheet1,1533
Róża Thun,Third Way,Poland,mep_party_cleaned3 (1).xlsx,Sheet1,1534
Rubén Pulido,Vox,Spain,mep_party_cleaned3 (1).xlsx,Sheet1,1535
Rui Afonso,Chega,Portugal,mep_party_cleaned3 (1).xlsx,Sheet1,1536
Rui Fonseca e Castro,Ergue-te,Portugal,mep_party_cleaned3 (1).xlsx,Sheet1,1537
Rui Rio,Social Democratic Party,Portugal,mep_party_cleaned3 (1).xlsx,Sheet1,1538
Rui Rocha,Liberal Initiative,Portugal,mep_party_cleaned3 (1).xlsx,Sheet1,1539
Rui Tavares,Livre,Portugal,mep_party_cleaned3 (1).xlsx,Sheet1,1540
Rumen Gechev,Bulgarian Socialist Party,Bulgaria,mep_party_cleaned3 (1).xlsx,Sheet1,1541
Rumen Petkov,Alternative for Bulgarian Revival,Bulgaria,mep_party_cleaned3 (1).xlsx,Sheet1,1542
Rumen Radev,Independent,Bulgaria,mep_party_cleaned3 (1).xlsx,Sheet1,1543
Ruth Firmenich,Citizens for Mecklenburg-Vorpommern,Germany,mep_party_cleaned3 (1).xlsx,Sheet1,1544
Ryszard Czarnecki,Law and Justice,Poland,mep_party_cleaned3 (1).xlsx,Sheet1,1545
Ryszard Legutko,Law and Justice,Poland,mep_party_cleaned3 (1).xlsx,Sheet1,1546
Ryszard Petru,Modern,Poland,mep_party_cleaned3 (1).xlsx,Sheet1,1547
Ryszard Petru,Third way,Poland,mep_party_cleaned3 (1).xlsx,Sheet1,1548
Saara Hyrkkö,Green League,Finland,mep_party_cleaned3 (1).xlsx,Sheet1,1549
Sabine Verheyen,Christian Democratic Union of Germany,Germany,mep_party_cleaned3 (1).xlsx,Sheet1,1550
Sabrina Repp,Social Democratic Party of Germany,Germany,mep_party_cleaned3 (1).xlsx,Sheet1,1551
Sadiq Khan,Labour Party,United Kingdom,mep_party_cleaned3 (1).xlsx,Sheet1,1552
Sahra Wagenknecht,Bündnis Sahra Wagenknecht,Germany,mep_party_cleaned3 (1).xlsx,Sheet1,1553
Salvador Illa,Spanish Socialist Workers' Party,Spain,mep_party_cleaned3 (1).xlsx,Sheet1,1554
Samuel Broman,National Coalition Party,Finland,mep_party_cleaned3 (1).xlsx,Sheet1,1555
Sandra Benčić,We Can!,Croatia,mep_party_cleaned3 (1).xlsx,Sheet1,1556
Sandra Gómez,Spanish Socialist Workers' Party,Spain,mep_party_cleaned3 (1).xlsx,Sheet1,1557
Sandra Maischberger,Not publicly affiliated,Germany,mep_party_cleaned3 (1).xlsx,Sheet1,1558
Sandrine Rousseau,The Ecologists,France,mep_party_cleaned3 (1).xlsx,Sheet1,1559
Sandro Gozi,Common Good of Europeans,France,mep_party_cleaned3 (1).xlsx,Sheet1,1560
Sanna Marin,Social Democratic Party of Finland,Finland,mep_party_cleaned3 (1).xlsx,Sheet1,1561
Sanna Nieminiitty,Social Democratic Party,Finland,mep_party_cleaned3 (1).xlsx,Sheet1,1562
Santiago Abascal,VOX,Spain,mep_party_cleaned3 (1).xlsx,Sheet1,1563
Sanz Vitorio,People's Party,Spain,mep_party_cleaned3 (1).xlsx,Sheet1,1564
Sara Skyttedal,Folklistan,Sweden,mep_party_cleaned3 (1).xlsx,Sheet1,1565
Sarah Knafo,Reconquest,France,mep_party_cleaned3 (1).xlsx,Sheet1,1566
Sari Essayah,Christian Democrats,Finland,mep_party_cleaned3 (1).xlsx,Sheet1,1567
Sari Helin,,Finland,mep_party_cleaned3 (1).xlsx,Sheet1,1568
Sari Multala,National Coalition Party,Finland,mep_party_cleaned3 (1).xlsx,Sheet1,1569
Sasho Dikov,Independent,Bulgaria,mep_party_cleaned3 (1).xlsx,Sheet1,1570
Saskia Esken,Social Democratic Party,Germany,mep_party_cleaned3 (1).xlsx,Sheet1,1571
Sauli Niinistö,National Coalition Party,Finland,mep_party_cleaned3 (1).xlsx,Sheet1,1572
Sauli Seittenranta,National Coalition Party,Finland,mep_party_cleaned3 (1).xlsx,Sheet1,1573
Sauli Seittenranta,Nation Coalition Party ,Finland,mep_party_cleaned3 (1).xlsx,Sheet1,1574
Schiffer András,Politics Can Be Different / LMP – Hungary's Green Party,Hungary,mep_party_cleaned3 (1).xlsx,Sheet1,1575
Schmitt Mária,Others,Hungary,mep_party_cleaned3 (1).xlsx,Sheet1,1576
Schmuck Andor,Social Democratic Party,Hungary,mep_party_cleaned3 (1).xlsx,Sheet1,1577
Se Acabó La Fiesta,Se Acabó La Fiesta,Spain,mep_party_cleaned3 (1).xlsx,Sheet1,1578
Sebastian Everding,Party Human Environment Animal Protection,Germany,mep_party_cleaned3 (1).xlsx,Sheet1,1579
Sebastian Kaleta,Law and Justice,Poland,mep_party_cleaned3 (1).xlsx,Sheet1,1580
Sebastian Tynkkynen,Perussuomalaiset,Finland,mep_party_cleaned3 (1).xlsx,Sheet1,1581
Sebastião Bugalho,AD – Democratic Alliance,Portugal,mep_party_cleaned3 (1).xlsx,Sheet1,1582
Sébastien Chenu,National Rally,France,mep_party_cleaned3 (1).xlsx,Sheet1,1583
Sébastien Delogu,La France Insoumise,France,mep_party_cleaned3 (1).xlsx,Sheet1,1584
Semjén Zsolt,Christian Democratic People's Party,Hungary,mep_party_cleaned3 (1).xlsx,Sheet1,1585
Sergey Lagodinsky,Alliance 90/The Greens,Germany,mep_party_cleaned3 (1).xlsx,Sheet1,1586
Sergey Lavrov,Others,Russia,mep_party_cleaned3 (1).xlsx,Sheet1,1587
Sergey Shoygu,United Russia,Russia,mep_party_cleaned3 (1).xlsx,Sheet1,1588
Sérgio Gonçalves,Socialist Party,Portugal,mep_party_cleaned3 (1).xlsx,Sheet1,1589
Sérgio Humberto,AD – Democratic Alliance,Portugal,mep_party_cleaned3 (1).xlsx,Sheet1,1590
Sergio Mattarella,Independent,Italy,mep_party_cleaned3 (1).xlsx,Sheet1,1591
Shawn Huff,Others,Finland,mep_party_cleaned3 (1).xlsx,Sheet1,1592
Shawn Huff,Green League,Finland,mep_party_cleaned3 (1).xlsx,Sheet1,1593
Sibylle Berg,"Party for Labor, Rule of Law, Animal Protection, Elite Promotion and Grassroots-Democratic Initiative",Germany,mep_party_cleaned3 (1).xlsx,Sheet1,1594
Siegbert Droese,Alternative for Germany,Germany,mep_party_cleaned3 (1).xlsx,Sheet1,1595
Silvia Modig,Left Alliance,Finland,mep_party_cleaned3 (1).xlsx,Sheet1,1596
Sílvia Orriols,Aliança Catalana,Spain,mep_party_cleaned3 (1).xlsx,Sheet1,1597
Simo Grönroos,Finns Party,Finland,mep_party_cleaned3 (1).xlsx,Sheet1,1598
Simon Harris,Fine Gael,Ireland,mep_party_cleaned3 (1).xlsx,Sheet1,1599
Simona Mohamsson,Sweden Democrats,Sweden,mep_party_cleaned3 (1).xlsx,Sheet1,1600
Sinimusta Liike,Sinimusta Liike,Finland,mep_party_cleaned3 (1).xlsx,Sheet1,1601
Sira Rego,United Left,Spain,mep_party_cleaned3 (1).xlsx,Sheet1,1602
Sirpa Pietikäinen,National Coalition Party,Finland,mep_party_cleaned3 (1).xlsx,Sheet1,1603
Slavi Trifonov,There Is Such a People,Bulgaria,mep_party_cleaned3 (1).xlsx,Sheet1,1604
Slawomir Mentzen,Confederation Liberty and Independence ,Poland,mep_party_cleaned3 (1).xlsx,Sheet1,1605
Sławomir Mentzen,Confederation Liberty and Independence,Poland,mep_party_cleaned3 (1).xlsx,Sheet1,1606
Slobodan Novak,Croatian Democratic Union,Croatia,mep_party_cleaned3 (1).xlsx,Sheet1,1607
Social Democrats,Social Democrats,Sweden,mep_party_cleaned3 (1).xlsx,Sheet1,1608
Socialdemokraterna,Socialdemokraterna,Sweden,mep_party_cleaned3 (1).xlsx,Sheet1,1609
Sofia Merinen,Green League,Finland,mep_party_cleaned3 (1).xlsx,Sheet1,1610
Sofia Pereira,Socialist Party,Portugal,mep_party_cleaned3 (1).xlsx,Sheet1,1611
Sofia Virta,The Green League,Finland,mep_party_cleaned3 (1).xlsx,Sheet1,1612
Sofie Eriksson,Swedish Social Democratic Workers' Party,Sweden,mep_party_cleaned3 (1).xlsx,Sheet1,1613
Solidaristic Bulgaria,Solidaristic Bulgaria,Bulgaria,mep_party_cleaned3 (1).xlsx,Sheet1,1614
Sonya Koltuklieva,Others,Bulgaria,mep_party_cleaned3 (1).xlsx,Sheet1,1615
Stanislas Rigault,Reconquête,France,mep_party_cleaned3 (1).xlsx,Sheet1,1616
Stanislav Balabanov,There Is Such a People,Bulgaria,mep_party_cleaned3 (1).xlsx,Sheet1,1617
Stanislav Stoyanov,Vazrazhdane,Bulgaria,mep_party_cleaned3 (1).xlsx,Sheet1,1618
Stanisław Karczewski,Law and Justice,Poland,mep_party_cleaned3 (1).xlsx,Sheet1,1619
Stanisław Tyszka,Confederation Liberty and Independence ,Poland,mep_party_cleaned3 (1).xlsx,Sheet1,1620
Stefan Berger,Christian Democratic Union of Germany,Germany,mep_party_cleaned3 (1).xlsx,Sheet1,1621
Stefan Köhler,Christian Social Union in Bayern,Germany,mep_party_cleaned3 (1).xlsx,Sheet1,1622
Stefan Löfven,Social Democrats,Sweden,mep_party_cleaned3 (1).xlsx,Sheet1,1623
Stefan Sarmes,Not publicly known,Sweden,mep_party_cleaned3 (1).xlsx,Sheet1,1624
Stefan Tafrov,Democratic Bulgaria,Bulgaria,mep_party_cleaned3 (1).xlsx,Sheet1,1625
Stefan Wallin,Swedish People's Party,Finland,mep_party_cleaned3 (1).xlsx,Sheet1,1626
Steffen Große,Not publicly affiliated,Germany,mep_party_cleaned3 (1).xlsx,Sheet1,1627
Stella Nikolova,Democratic Bulgaria,Bulgaria,mep_party_cleaned3 (1).xlsx,Sheet1,1628
Stephan Brandner,Alternative for Germany,Germany,mep_party_cleaned3 (1).xlsx,Sheet1,1629
Stéphane Séjourné,Renaissance,French,mep_party_cleaned3 (1).xlsx,Sheet1,1630
Stéphanie Yon-Courtin,Common Good of Europeans,France,mep_party_cleaned3 (1).xlsx,Sheet1,1631
Stephen Bartulica,Homeland Movement,Croatia,mep_party_cleaned3 (1).xlsx,Sheet1,1632
Stephen Colbert,Democratic Party,United States,mep_party_cleaned3 (1).xlsx,Sheet1,1633
Steven Seagal,Others,USA,mep_party_cleaned3 (1).xlsx,Sheet1,1634
Stipo Mlinarić Ćipe,Homeland Movement,Croatia,mep_party_cleaned3 (1).xlsx,Sheet1,1635
Stjepan Mesić,Social Democratic Party,Croatia,mep_party_cleaned3 (1).xlsx,Sheet1,1636
Sulyok Tamás,Fidesz,Hungary,mep_party_cleaned3 (1).xlsx,Sheet1,1637
Sumar,Sumar,Spain,mep_party_cleaned3 (1).xlsx,Sheet1,1638
Suna Kymäläinen,Social Democratic Party,Finland,mep_party_cleaned3 (1).xlsx,Sheet1,1639
Sunčana Glavak,Croatian Democratic Union,Croatia,mep_party_cleaned3 (1).xlsx,Sheet1,1640
Susa Vikeväkorva,Green League,Finland,mep_party_cleaned3 (1).xlsx,Sheet1,1641
Susan Sarandon,Others,USA,mep_party_cleaned3 (1).xlsx,Sheet1,1642
Susana Solís Pérez,People's Party,Spain,mep_party_cleaned3 (1).xlsx,Sheet1,1643
Susanna Kierkegaard,Social Democratic Party,Finland,mep_party_cleaned3 (1).xlsx,Sheet1,1644
Susanna Kisner,Green League,Finland,mep_party_cleaned3 (1).xlsx,Sheet1,1645
Susanne Päivärinta,,Finland,mep_party_cleaned3 (1).xlsx,Sheet1,1646
Svante Linusson,The Center Party,Sweden,mep_party_cleaned3 (1).xlsx,Sheet1,1647
Sven Simon,Christian Democratic Union of Germany,Germany,mep_party_cleaned3 (1).xlsx,Sheet1,1648
Svenja Appuhn,Formerly Alliance 90/The Greens,Germany,mep_party_cleaned3 (1).xlsx,Sheet1,1649
Svenja Hahn,Free Democratic Party,Germany,mep_party_cleaned3 (1).xlsx,Sheet1,1650
Sword,Sword,Bulgaria,mep_party_cleaned3 (1).xlsx,Sheet1,1651
Sylvie Josserand,National Rally,France,mep_party_cleaned3 (1).xlsx,Sheet1,1652
Sylwia Bielawska,Civic Platform,Poland,mep_party_cleaned3 (1).xlsx,Sheet1,1653
Szájer József,Fidesz,Hungary,mep_party_cleaned3 (1).xlsx,Sheet1,1654
Szentkirályi Alexandra,Fidesz,Hungary,mep_party_cleaned3 (1).xlsx,Sheet1,1655
Szymon Hołownia,Third Way,Poland,mep_party_cleaned3 (1).xlsx,Sheet1,1656
Tamás Deutsch,Fidesz – Hungarian Civic Alliance – Christian Democratic People's Party,Hungary,mep_party_cleaned3 (1).xlsx,Sheet1,1657
Tamás Menczer,Fidesz,Hungary,mep_party_cleaned3 (1).xlsx,Sheet1,1658
Taner Kabilov,Movement for Rights and Freedom,Bulgaria,mep_party_cleaned3 (1).xlsx,Sheet1,1659
Tanya Andreeva,Bulgarian Socialist Party,Bulgaria,mep_party_cleaned3 (1).xlsx,Sheet1,1660
Tarja Halonen,Social Democratic Party,Finland,mep_party_cleaned3 (1).xlsx,Sheet1,1661
Tatyana Doncheva,Movement 21,Bulgaria,mep_party_cleaned3 (1).xlsx,Sheet1,1662
Ted Apter,National Coalition Party,Finland,mep_party_cleaned3 (1).xlsx,Sheet1,1663
Teemu Keskisarja,National Coalition Party,Finland,mep_party_cleaned3 (1).xlsx,Sheet1,1664
Teija Makkonen,Finns Party,Finland,mep_party_cleaned3 (1).xlsx,Sheet1,1665
Temenuzhka Petkova,Citizens for European Development of Bulgaria,Bulgaria,mep_party_cleaned3 (1).xlsx,Sheet1,1666
Teresa Ribera,Spanish Socialist Workers' Party,Spain,mep_party_cleaned3 (1).xlsx,Sheet1,1667
Terry Reintke,Alliance 90/The Greens,Germany,mep_party_cleaned3 (1).xlsx,Sheet1,1668
Terry Reintke,The Greens,Germany ,mep_party_cleaned3 (1).xlsx,Sheet1,1669
Teuvo Hakkarainen,Finns Party,Finland,mep_party_cleaned3 (1).xlsx,Sheet1,1670
The Centre Party,Centre Party,Sweden,mep_party_cleaned3 (1).xlsx,Sheet1,1671
The Christian Democrats,Christian Democrats,Sweden,mep_party_cleaned3 (1).xlsx,Sheet1,1672
The Green Party,Green Party,Sweden,mep_party_cleaned3 (1).xlsx,Sheet1,1673
The Labour Party,Labour Party,United Kingdom,mep_party_cleaned3 (1).xlsx,Sheet1,1674
The Left ,The Left,Germany,mep_party_cleaned3 (1).xlsx,Sheet1,1675
The Moderate Youth League,Moderate Party,Sweden,mep_party_cleaned3 (1).xlsx,Sheet1,1676
Theodor Weimer,Not publicly affiliated,Germany,mep_party_cleaned3 (1).xlsx,Sheet1,1677
There Is Such a People,There Is Such a People,Bulgaria,mep_party_cleaned3 (1).xlsx,Sheet1,1678
Theresa May,Conservative Party,United Kingdom,mep_party_cleaned3 (1).xlsx,Sheet1,1679
Thierry Mariani,National Rally,France,mep_party_cleaned3 (1).xlsx,Sheet1,1680
Thomas Geisel,Citizens for Mecklenburg-Vorpommern,Germany,mep_party_cleaned3 (1).xlsx,Sheet1,1681
Thomas Oppermann,Social Democratic Party,Germany,mep_party_cleaned3 (1).xlsx,Sheet1,1682
Thomas Pellerin-Carlin,Socialist Party,France,mep_party_cleaned3 (1).xlsx,Sheet1,1683
Tiago Moreira de Sá,Chega ,Portugal,mep_party_cleaned3 (1).xlsx,Sheet1,1684
Tibor Szanyi,Hungarian Socialist Party,Hungary,mep_party_cleaned3 (1).xlsx,Sheet1,1685
Tiemo Wölken,Social Democratic Party of Germany,Germany,mep_party_cleaned3 (1).xlsx,Sheet1,1686
Tiina Elo,Green League,Finland,mep_party_cleaned3 (1).xlsx,Sheet1,1687
Tiina Sandberg,Communist Party of Finland,Finland,mep_party_cleaned3 (1).xlsx,Sheet1,1688
Tiina-Maria Sandberg,Communist Party of Finland,Finland,mep_party_cleaned3 (1).xlsx,Sheet1,1689
Tilda Lagerhall,Not publicly known,Sweden,mep_party_cleaned3 (1).xlsx,Sheet1,1690
Tim Achtermeyer,Alliance 90/The Greens,Germany,mep_party_cleaned3 (1).xlsx,Sheet1,1691
Timo Harakka,Social Democratic Party of Finland,Finland,mep_party_cleaned3 (1).xlsx,Sheet1,1692
Timo Huhtamäki,Others,Finland,mep_party_cleaned3 (1).xlsx,Sheet1,1693
Timo Kaunisto,Centre Party,Finland,mep_party_cleaned3 (1).xlsx,Sheet1,1694
Timo Suhonen,Social Democratic Party of Finland,Finland,mep_party_cleaned3 (1).xlsx,Sheet1,1695
Timo Vornanen,Finns Party,Finland,mep_party_cleaned3 (1).xlsx,Sheet1,1696
Tino Chrupalla,Alternative for Germany,Germany,mep_party_cleaned3 (1).xlsx,Sheet1,1697
Tobias Andersson,Sweden Democrats,Sweden,mep_party_cleaned3 (1).xlsx,Sheet1,1698
Tobias Baudin,Social Democrats,Sweden,mep_party_cleaned3 (1).xlsx,Sheet1,1699
Tobias Cremer,Social Democratic Party of Germany,Germany,mep_party_cleaned3 (1).xlsx,Sheet1,1700
Tobiasz Bocheński,Law and Justice,Poland,mep_party_cleaned3 (1).xlsx,Sheet1,1701
Todor Angelov,Bulgarian Communist Party,Bulgaria,mep_party_cleaned3 (1).xlsx,Sheet1,1702
Todor Tagarev,We Continue the Change – Democratic Bulgaria,Bulgaria,mep_party_cleaned3 (1).xlsx,Sheet1,1703
Todor Zhivkov,Bulgarian Communist Party,Bulgaria,mep_party_cleaned3 (1).xlsx,Sheet1,1704
Tom Vandendriessche,Vlaams Belang,Belgium,mep_party_cleaned3 (1).xlsx,Sheet1,1705
Tomas Eneroth,Social Democrats,Sweden,mep_party_cleaned3 (1).xlsx,Sheet1,1706
Tomás Guitarte,Teruel Existe,Spain,mep_party_cleaned3 (1).xlsx,Sheet1,1707
Tomas Tobé,Moderate Party,Sweden,mep_party_cleaned3 (1).xlsx,Sheet1,1708
Tomasz Buczek,Confederation Liberty and Independence ,Poland,mep_party_cleaned3 (1).xlsx,Sheet1,1709
Tomasz Froelich,Alternative for Germany,Germany,mep_party_cleaned3 (1).xlsx,Sheet1,1710
Tomasz Grabarczyk,Confederation,Poland,mep_party_cleaned3 (1).xlsx,Sheet1,1711
Tomasz Grodzki,Civic Platform,Poland,mep_party_cleaned3 (1).xlsx,Sheet1,1712
Tomasz Siemoniak,Civic Platform,Poland,mep_party_cleaned3 (1).xlsx,Sheet1,1713
Tomislav Donchev,GERB,Bulgaria,mep_party_cleaned3 (1).xlsx,Sheet1,1714
Tomislav Josić,Homeland Movement,Croatia,mep_party_cleaned3 (1).xlsx,Sheet1,1715
Tomislav Sokol,Croatian Democratic Union,Croatia,mep_party_cleaned3 (1).xlsx,Sheet1,1716
Tomislav Tomašević,We Can!,Croatia,mep_party_cleaned3 (1).xlsx,Sheet1,1717
Toni Comín,Together for Catalonia,Spain,mep_party_cleaned3 (1).xlsx,Sheet1,1718
Tonino Picula,Social Democratic Party of Croatia,Croatia,mep_party_cleaned3 (1).xlsx,Sheet1,1719
Toshko Yordanov,There Is Such a People,Bulgaria,mep_party_cleaned3 (1).xlsx,Sheet1,1720
Tsoncho Ganev,Revival,Bulgaria,mep_party_cleaned3 (1).xlsx,Sheet1,1721
Tsveta Karayancheva,Citizens for European Development of Bulgaria,Bulgaria,mep_party_cleaned3 (1).xlsx,Sheet1,1722
Tsveta Kirilova,Independent,Bulgaria,mep_party_cleaned3 (1).xlsx,Sheet1,1723
Tsveta Rangelova,Revival,Bulgaria,mep_party_cleaned3 (1).xlsx,Sheet1,1724
Tsvetelina Penkova,BSP for Bulgaria,Bulgaria,mep_party_cleaned3 (1).xlsx,Sheet1,1725
Tuomas Kettunen,Centre Party,Finland,mep_party_cleaned3 (1).xlsx,Sheet1,1726
Tuuli Kousa,Green League,Finland,mep_party_cleaned3 (1).xlsx,Sheet1,1727
Tuulia Alanko,Others,Finland,mep_party_cleaned3 (1).xlsx,Sheet1,1728
Txema Oleaga,Spanish Socialist Workers' Party,Spain,mep_party_cleaned3 (1).xlsx,Sheet1,1729
Tytti Tuppurainen,Social Democratic Party,Finland,mep_party_cleaned3 (1).xlsx,Sheet1,1730
Udo Bullmann,Social Democratic Party of Germany,Germany,mep_party_cleaned3 (1).xlsx,Sheet1,1731
Udo Lindenberg,Not publicly affiliated,Germany,mep_party_cleaned3 (1).xlsx,Sheet1,1732
Ulf Kristersson,Moderate Party,Sweden,mep_party_cleaned3 (1).xlsx,Sheet1,1733
Ulrich Siegmund,Alternative for Germany,Germany,mep_party_cleaned3 (1).xlsx,Sheet1,1734
Ulrika Westerlund,Green Party,Sweden,mep_party_cleaned3 (1).xlsx,Sheet1,1735
Ulrike Herrmann,Not publicly affiliated,Germany,mep_party_cleaned3 (1).xlsx,Sheet1,1736
Umihana Rasovic,The Left Party,Sweden,mep_party_cleaned3 (1).xlsx,Sheet1,1737
Ungár Péter,Politics Can Be Different / LMP – Hungary's Green Party,Hungary,mep_party_cleaned3 (1).xlsx,Sheet1,1738
Unna Eteläinen,Green League,Finland,mep_party_cleaned3 (1).xlsx,Sheet1,1739
Urho Kekkonen,Centre Party,Finland,mep_party_cleaned3 (1).xlsx,Sheet1,1740
Urša Raukar Gamulin,We can!,Croatia,mep_party_cleaned3 (1).xlsx,Sheet1,1741
Urša Raukar-Gamulin,We Can!,Croatia,mep_party_cleaned3 (1).xlsx,Sheet1,1742
Ursula von der Leyen,Christian Democratic Union of Germany,Germany,mep_party_cleaned3 (1).xlsx,Sheet1,1743
Urszula Zielińska,The Greens,Poland,mep_party_cleaned3 (1).xlsx,Sheet1,1744
Valentin Vatsev,Bulgarian Socialist Party,Bulgaria,mep_party_cleaned3 (1).xlsx,Sheet1,1745
Valérie Deloge,National Rally,France,mep_party_cleaned3 (1).xlsx,Sheet1,1746
Valérie Devaux,Common Good of Europeans,France,mep_party_cleaned3 (1).xlsx,Sheet1,1747
Valérie Hayer,Common Good of Europeans,France,mep_party_cleaned3 (1).xlsx,Sheet1,1748
Valérie Hayer,Renaissance,French,mep_party_cleaned3 (1).xlsx,Sheet1,1749
Valérie Pécresse,The Republicans,France,mep_party_cleaned3 (1).xlsx,Sheet1,1750
Valter Flego,Istrian Democratic Assembly,Croatia,mep_party_cleaned3 (1).xlsx,Sheet1,1751
Valtteri Jussila,Others,Finland,mep_party_cleaned3 (1).xlsx,Sheet1,1752
Valtteri Paakki,Centre Party,Finland,mep_party_cleaned3 (1).xlsx,Sheet1,1753
Valtteri Paakki,National Coalition Party,Finland,mep_party_cleaned3 (1).xlsx,Sheet1,1754
Vänsterpartiet,Left Party,Sweden,mep_party_cleaned3 (1).xlsx,Sheet1,1755
Vanya Georgieva,Bulgarian Socialist Party,Bulgaria,mep_party_cleaned3 (1).xlsx,Sheet1,1756
Vanya Grigorova,Solidary Bulgaria,Bulgaria,mep_party_cleaned3 (1).xlsx,Sheet1,1757
Vapauden Liitto,Vapauden Liitto,Finland,mep_party_cleaned3 (1).xlsx,Sheet1,1758
Vasil Bozhkov,Bulgarian Summer,Bulgaria,mep_party_cleaned3 (1).xlsx,Sheet1,1759
Vassil Terziev,We Continue the Change – Democratic Bulgaria,Bulgaria,mep_party_cleaned3 (1).xlsx,Sheet1,1760
Vasya Mihaylova,Not publicly affiliated,Bulgaria,mep_party_cleaned3 (1).xlsx,Sheet1,1761
Veera Mertsola,Green League,Finland,mep_party_cleaned3 (1).xlsx,Sheet1,1762
Velizar Enchev,Bulgarian Socialist Party,Bulgaria,mep_party_cleaned3 (1).xlsx,Sheet1,1763
Venko Sabrutev,We Continue the Change,Bulgaria,mep_party_cleaned3 (1).xlsx,Sheet1,1764
Verena Mertens,Christian Democratic Union of Germany,Germany,mep_party_cleaned3 (1).xlsx,Sheet1,1765
Vessela Lecheva,Bulgarian Socialist Party,Bulgaria,mep_party_cleaned3 (1).xlsx,Sheet1,1766
Vezhdi Rashidov,Citizens for European Development of Bulgaria,Bulgaria,mep_party_cleaned3 (1).xlsx,Sheet1,1767
Vicent Marzà,Sumar,Spain,mep_party_cleaned3 (1).xlsx,Sheet1,1768
Víctor Camino,Más País,Spain,mep_party_cleaned3 (1).xlsx,Sheet1,1769
Viivi Järvelä,Green League,Finland,mep_party_cleaned3 (1).xlsx,Sheet1,1770
Viivi Mäkinen,Green League,Finland,mep_party_cleaned3 (1).xlsx,Sheet1,1771
Viktor Orbán,Fidesz,Hungary,mep_party_cleaned3 (1).xlsx,Sheet1,1772
Viktória Ferenc,Fidesz – Hungarian Civic Alliance – Christian Democratic People's Party,Hungary,mep_party_cleaned3 (1).xlsx,Sheet1,1773
Viktoria Vassileva,There Is Such a People,Bulgaria,mep_party_cleaned3 (1).xlsx,Sheet1,1774
Vili Beroš,Croatian Democratic Union,Croatia,mep_party_cleaned3 (1).xlsx,Sheet1,1775
Ville Merinen,Green League,Finland,mep_party_cleaned3 (1).xlsx,Sheet1,1776
Ville Merisalo,,Finland,mep_party_cleaned3 (1).xlsx,Sheet1,1777
Ville Niinistö,Green League,Finland,mep_party_cleaned3 (1).xlsx,Sheet1,1778
Ville Niinistö,The Green League,Finland,mep_party_cleaned3 (1).xlsx,Sheet1,1779
Ville Pietikäinen,National Coalition Party,Finland,mep_party_cleaned3 (1).xlsx,Sheet1,1780
Ville Rydman,National Coalition Party,Finland,mep_party_cleaned3 (1).xlsx,Sheet1,1781
Viola Amherd,The Centre,Switzerland,mep_party_cleaned3 (1).xlsx,Sheet1,1782
Virginie Joron,National Rally,France,mep_party_cleaned3 (1).xlsx,Sheet1,1783
Vitali Klitschko,Ukrainian Democratic Alliance for Reform,Ukraine,mep_party_cleaned3 (1).xlsx,Sheet1,1784
Vitézy Dávid,Podmaniczky Movement,Hungary,mep_party_cleaned3 (1).xlsx,Sheet1,1785
Vito Quiles,Others,Spain,mep_party_cleaned3 (1).xlsx,Sheet1,1786
Vivien Costanzo,Social Democratic Party of Germany,Germany,mep_party_cleaned3 (1).xlsx,Sheet1,1787
Vladimir Putin,United Russia,Russia,mep_party_cleaned3 (1).xlsx,Sheet1,1788
Vladimir Šeks,Croatian Democratic Union,Croatia,mep_party_cleaned3 (1).xlsx,Sheet1,1789
Vladislav Goranov,Citizens for European Development of Bulgaria,Bulgaria,mep_party_cleaned3 (1).xlsx,Sheet1,1790
Volen Siderov,Attack,Bulgaria,mep_party_cleaned3 (1).xlsx,Sheet1,1791
Volodymyr Zelenskyy,Servant of the People,Ukraine,mep_party_cleaned3 (1).xlsx,Sheet1,1792
Volt,Volt Europa,Europe,mep_party_cleaned3 (1).xlsx,Sheet1,1793
Volt Portugal,Volt Portugal,Portugal,mep_party_cleaned3 (1).xlsx,Sheet1,1794
Vona Gábor,Jobbik,Hungary,mep_party_cleaned3 (1).xlsx,Sheet1,1795
Vyara Todeva,Bulgarian Socialist Party,Bulgaria,mep_party_cleaned3 (1).xlsx,Sheet1,1796
Waldemar Buda,Law and Justice,Poland,mep_party_cleaned3 (1).xlsx,Sheet1,1797
Walter Baier,Communist Party of Austria,Austria,mep_party_cleaned3 (1).xlsx,Sheet1,1798
We Continue the Change,We Continue the Change,Bulgaria,mep_party_cleaned3 (1).xlsx,Sheet1,1799
Wernher von Braun,Not applicable,Germany,mep_party_cleaned3 (1).xlsx,Sheet1,1800
Wille Rydman,Finns Party,Finland,mep_party_cleaned3 (1).xlsx,Sheet1,1801
Witold Zembaczyński,Civic Platform,Poland,mep_party_cleaned3 (1).xlsx,Sheet1,1802
Władysław Kosiniak-Kamysz,Third Way,Poland,mep_party_cleaned3 (1).xlsx,Sheet1,1803
Włodzimierz Czarzasty,The Left,Poland,mep_party_cleaned3 (1).xlsx,Sheet1,1804
Wojciech Kolarski,Law and Justice,Poland,mep_party_cleaned3 (1).xlsx,Sheet1,1805
Wolfgang Kubicki,Free Democratic Party,Germany,mep_party_cleaned3 (1).xlsx,Sheet1,1806
Xavier Bettel,Democratic Party,Luxembourg,mep_party_cleaned3 (1).xlsx,Sheet1,1807
Xi Jinping,Communist Party,China,mep_party_cleaned3 (1).xlsx,Sheet1,1808
Yaël Braun-Pivet,Renaissance,France,mep_party_cleaned3 (1).xlsx,Sheet1,1809
Yair Lapid,Yesh Atid,Israel,mep_party_cleaned3 (1).xlsx,Sheet1,1810
Yanis Varoufakis,Decocracy for Europe Movement 2025,Greece,mep_party_cleaned3 (1).xlsx,Sheet1,1811
Yanis Varoufakis,MeRA 25,Greece,mep_party_cleaned3 (1).xlsx,Sheet1,1812
Yannick Lahti,Others,Finland,mep_party_cleaned3 (1).xlsx,Sheet1,1813
Yavor Bozhankov,Bulgarian Socialist Party,Bulgaria,mep_party_cleaned3 (1).xlsx,Sheet1,1814
Yehuda Shaul,Breaking the Silence,Israel,mep_party_cleaned3 (1).xlsx,Sheet1,1815
"Yes, Bulgaria","Yes, Bulgaria",Bulgaria,mep_party_cleaned3 (1).xlsx,Sheet1,1816
YLE,Others,Finland,mep_party_cleaned3 (1).xlsx,Sheet1,1817
Yolanda Díaz Pérez,Sumar,Spain,mep_party_cleaned3 (1).xlsx,Sheet1,1818
Yolanda Morpe,Animalist Party with the Environment,Spain,mep_party_cleaned3 (1).xlsx,Sheet1,1819
Yonnec Polet,Party of European Socialists,Belgium,mep_party_cleaned3 (1).xlsx,Sheet1,1820
Yordan Tsonev,Movement for Rights and Freedoms,Bulgaria,mep_party_cleaned3 (1).xlsx,Sheet1,1821
Yordanka Fandakova,Citizens for European Development of Bulgaria,Bulgaria,mep_party_cleaned3 (1).xlsx,Sheet1,1822
Younous Omarjee,France Unbowed,France,mep_party_cleaned3 (1).xlsx,Sheet1,1823
Yves Bertrand Ndongo,VOX,Spain,mep_party_cleaned3 (1).xlsx,Sheet1,1824
Zbigniew Kuźmiuk,Law and Justice,Poland,mep_party_cleaned3 (1).xlsx,Sheet1,1825
Zbigniew Rau,Law and Justice,Poland,mep_party_cleaned3 (1).xlsx,Sheet1,1826
Zbigniew Ziobro,Law and Justice,Poland,mep_party_cleaned3 (1).xlsx,Sheet1,1827
Željana Zovko,Croatian Democratic Union,Croatia,mep_party_cleaned3 (1).xlsx,Sheet1,1828
Željko Jovanović,Others,Croatia,mep_party_cleaned3 (1).xlsx,Sheet1,1829
Željko Komšić,Democratic Front,Bosnia and Herzegovina,mep_party_cleaned3 (1).xlsx,Sheet1,1830
Zhecho Stankov,Citizens for European Development of Bulgaria,Bulgaria,mep_party_cleaned3 (1).xlsx,Sheet1,1831
Zofia Malisz,Left Together,Poland,mep_party_cleaned3 (1).xlsx,Sheet1,1832
Zoltán Tarr,Respect and Freedom Party,Hungary,mep_party_cleaned3 (1).xlsx,Sheet1,1833
Zoran Milanović,Social Democratic Party of Croatia,Croatia,mep_party_cleaned3 (1).xlsx,Sheet1,1834
Zsuzsanna Borvendég,Our Homeland Movement,Hungary,mep_party_cleaned3 (1).xlsx,Sheet1,1835
Zuzana Čaputová,Progressive Slovakia,Slovakia,mep_party_cleaned3 (1).xlsx,Sheet1,1836
Zvonimir Troskot,Bridge of Independent Lists,Croatia,mep_party_cleaned3 (1).xlsx,Sheet1,1837
