Type,Entry,Variations,source_file,source_sheet,source_row
Name,ADN,ADN (portugal),cleaned_file.xlsx,Sheet1,2
Name,ALDE Party,"ALDE (finland), ALDE (croatia), ALDE Party (croatia), Alde (croatia)",cleaned_file.xlsx,Sheet1,3
Name,AMLO,AMLO (spain),cleaned_file.xlsx,Sheet1,4
Name,ARD ZDF Deutschlandradio Beitragsservice (commonly known as GEZ),GEZ (germany),cleaned_file.xlsx,Sheet1,5
Name,"Aaltola, Mika","Mika Aaltola (finland), Aaltola (finland)",cleaned_file.xlsx,Sheet1,6
Name,Abir Al-Sahlani,"Abir al Sahlani (sweden), Abir al-sahlani (sweden), Abir Al-Sahlani (sweden), Abir al-Sahlani (sweden), abiralsahlani (sweden), abir al-sahlani (sweden), Abir Alsahlani (croatia)",cleaned_file.xlsx,Sheet1,7
Name,Adam Bielan,A. Bielan (poland),cleaned_file.xlsx,Sheet1,8
Name,Adam Jarubas,"A. Jarubas (poland), A A. Jarubas (poland)",cleaned_file.xlsx,Sheet1,9
Name,Adnan Dibrani,"Adnan Dibrani (sweden), adnan dibrani (sweden)",cleaned_file.xlsx,Sheet1,10
Name,Adrian Ramsay,"Adrian Ramsey (croatia), Adrian Ramsay (croatia)",cleaned_file.xlsx,Sheet1,11
Name,Adrian Zandberg,Adrian Zandberg (poland),cleaned_file.xlsx,Sheet1,12
Name,Agnieszka Dziemianowicz-Bąk,Dziemianowicz-Bąk (poland),cleaned_file.xlsx,Sheet1,13
Name,Ahmed Dogan,Ahmed Dogan (bulgaria),cleaned_file.xlsx,Sheet1,14
Name,Aida Badeli,"Aida Badeli (sweden), Aiga Badeli (sweden)",cleaned_file.xlsx,Sheet1,15
Name,Aino-Kaisa Pekonen,Aino-Kaisa Pekonen (finland),cleaned_file.xlsx,Sheet1,16
Name,Albert Einstein,Einstein (germany),cleaned_file.xlsx,Sheet1,17
Name,Albert Rivera,Albert Rivera (spain),cleaned_file.xlsx,Sheet1,18
Name,Alberto Núñez Feijóo,"Feijóo (spain), Alberto Núñez Feijo (spain)",cleaned_file.xlsx,Sheet1,19
Name,Albrecht Glaser,Albrecht Glaser (germany),cleaned_file.xlsx,Sheet1,20
Name,Alejandro Gutiérrez,alejandro gutiérrez (spain),cleaned_file.xlsx,Sheet1,21
Name,Aleksandar Tomov,Aleksandar Tomov (bulgaria),cleaned_file.xlsx,Sheet1,22
Name,Aleksandar Vučić,Aleksandar Vučić (croatia),cleaned_file.xlsx,Sheet1,23
Name,Aleksander Kwaśniewski,"Aleksandr Kwasniewski (poland), Kwaśniewski (poland)",cleaned_file.xlsx,Sheet1,24
Name,Aleksandra Wiśniewska,Aleksandra Wisniewska (poland),cleaned_file.xlsx,Sheet1,25
Name,Aleksanteri Gustafsson,"Gustafsson (finland), Aleksanteri Gustafsson (finland), Aleksanteri Gustaffson (finland)",cleaned_file.xlsx,Sheet1,26
Name,Alessandra Todde,Alessandra Todde (croatia),cleaned_file.xlsx,Sheet1,27
Name,Alexander Stubb,Alex Stubb (finland),cleaned_file.xlsx,Sheet1,28
Name,Alexander Bard,Alexander Bard (sweden),cleaned_file.xlsx,Sheet1,29
Name,Alexander De Croo,"Alexander De Croo (portugal), Alexander de Croo (croatia)",cleaned_file.xlsx,Sheet1,30
Name,Alexander Gauland,Alexander Gauland (germany),cleaned_file.xlsx,Sheet1,31
Name,Alexander Tomov,Alexander Tomov (bulgaria),cleaned_file.xlsx,Sheet1,32
Name,Alexandra Leitão,Alexandra Leitão (portugal),cleaned_file.xlsx,Sheet1,33
Name,Alexandra Pascalidou,Alexandra Pascalidou (sweden),cleaned_file.xlsx,Sheet1,34
Name,Alexandria Ocasio-Cortez,"Alexandria Ocasio-Cortez (sweden), Alexandria Ocasio-Cortez (germany), Alexandria Ocasio-Cortez (croatia), Alexandria Ocasio-Cortez (portugal)",cleaned_file.xlsx,Sheet1,35
Name,Alf Svensson,Alf Svensson (sweden),cleaned_file.xlsx,Sheet1,36
Name,Alfonso Rojo,Alfonso Rojo (spain),cleaned_file.xlsx,Sheet1,37
Name,Alfonso Rueda,Alfonso Rueda (spain),cleaned_file.xlsx,Sheet1,38
Name,Alfonso Serrano,Alfonso Serrano (spain),cleaned_file.xlsx,Sheet1,39
Name,Aliança Democrática (AD),"AD (portugal), Aliança Democrática (portugal)",cleaned_file.xlsx,Sheet1,40
Name,Alice Bah Kuhnke,"alice bah kuhnke (sweden), Alice Bah (sweden), Alice bah Kuhnke (sweden), Alice Bah Kuhnke (sweden), alice Bah Kuhnke (sweden), Alice bah Kuhnken (sweden), Alice Bahn Kuhke (sweden), Alice Bahn Kuhnke (sweden), aloce bahm kuhke (sweden)",cleaned_file.xlsx,Sheet1,41
Name,Alice Teodorescu Måwe,"Alice teodorescu Måwe (sweden), alice teodorescu måwe (sweden), alice Teoderescu Måwe (sweden), Alice Teodorescu Måwe (sweden)",cleaned_file.xlsx,Sheet1,42
Name,Alice Weidel,"Alice Weidel (germany), Alice Weidel (spain), Weidel (germany)",cleaned_file.xlsx,Sheet1,43
Name,Alicia García,"Alicia Gracia (spain), Alicia Garcia (spain), Alicia García Rodríguez (spain), Alicia García (spain)",cleaned_file.xlsx,Sheet1,44
Name,Alicja Lepkowska-Golas,Alicja Lepkowska-Golas (poland),cleaned_file.xlsx,Sheet1,45
Name,Alina Dobreva,Alina Dobreva (bulgaria),cleaned_file.xlsx,Sheet1,46
Name,Alliance 90/The Greens (Die Grünen),"die Grünen (hungary), Die Grünen (germany), Grünen (hungary), Grünen (germany)",cleaned_file.xlsx,Sheet1,47
Name,Alma Dufour,"Sebastien Delogu Mayer Habib Alma Dufour Emmanuel Macron Florian Philippot Gabriel Attal (france), Alma Dufour (france), Meyer Habib David Guiraud Mathilde Panot Louis Broyard Valerie Pecraisse Xavier Bellamy Alma Dufour (france), Alma Dufour (croatia), JL Melemchon Louis Boyard David Guiraud Alma Dufour V. Putin (france)",cleaned_file.xlsx,Sheet1,48
Name,Alma Zadić,Alma Zadić (croatia),cleaned_file.xlsx,Sheet1,49
Name,Almeida,"JL Martínez Almeida (spain), Almeida (spain)",cleaned_file.xlsx,Sheet1,50
Name,Alternative for Germany (AfD),"AfD (germany), Afd (germany), AFD (germany), AfD (spain), AfD (bulgaria), AfD (hungary), AfD (finland), /AfD (germany)",cleaned_file.xlsx,Sheet1,51
Name,Alvise Pérez,"Alvise pérez (spain), alviseperez (spain), Alvise Pérez (spain), Alvise (spain), alvise pérez (spain)",cleaned_file.xlsx,Sheet1,52
Name,Amanda Lind,"Amanda Lind (sweden), Amanda Lindh (sweden)",cleaned_file.xlsx,Sheet1,53
Name,Ami Ayalon,Ami Ayalon (portugal),cleaned_file.xlsx,Sheet1,54
Name,Amid Nourpour,Amid Nourpour (germany),cleaned_file.xlsx,Sheet1,55
Name,Amparo Folgado Tonda,Amparo Folgado Tonda (spain),cleaned_file.xlsx,Sheet1,56
Name,Ana Catarina Mendes,Ana Catarina Mendes (portugal),cleaned_file.xlsx,Sheet1,57
Name,Ana Cuartero,Ana Cuartero (spain),cleaned_file.xlsx,Sheet1,58
Name,Ana Gabriela Cabilhas,Ana Gabriela Cabilhas (portugal),cleaned_file.xlsx,Sheet1,59
Name,Ana Gomes,Ana Gomes (portugal),cleaned_file.xlsx,Sheet1,60
Name,Ana Pastor,Ana Pastor (spain),cleaned_file.xlsx,Sheet1,61
Name,Ana Pontón,ana_ponton  (spain),cleaned_file.xlsx,Sheet1,62
Name,Ana Redondo,Ana Redondo (spain),cleaned_file.xlsx,Sheet1,63
Name,Ana Rosa Quintana,Ana Rosa Quintana (spain),cleaned_file.xlsx,Sheet1,64
Name,Anabel Bernal Triviño,"Ana Bernal-Triviño (spain), Anabel Bernal Triviño (spain)",cleaned_file.xlsx,Sheet1,65
Name,Ander Nieva,"Andere Nieva (spain), andere nieva (spain)",cleaned_file.xlsx,Sheet1,66
Name,Anders Vistisen,Anders Vistisen (portugal),cleaned_file.xlsx,Sheet1,67
Name,Anders Ygeman,"Anders Ygeman (sweden), anders ygeman (sweden)",cleaned_file.xlsx,Sheet1,68
Name,"Andersson, Li","Li Andersson (finland), Li andersson (finland), Li Andresson (finland), Andersson (finland), LI andersson (finland)",cleaned_file.xlsx,Sheet1,69
Name,Andreas Norlén,Andreas Norlén (sweden),cleaned_file.xlsx,Sheet1,70
Name,Andrej Plenković,"Andrej Plenković (finland), Andrej Plenković (croatia), Andrej Plenkovič (croatia)",cleaned_file.xlsx,Sheet1,71
Name,Andrew Bailey,Andrew Bailey (portugal),cleaned_file.xlsx,Sheet1,72
Name,Andrey Novakov,Andrei Novakov (bulgaria),cleaned_file.xlsx,Sheet1,73
Name,Andrija Klarić,Andrija Klarić (croatia),cleaned_file.xlsx,Sheet1,74
Name,Andrzej Duda,"Andrzej Duda (poland), Duda (poland)",cleaned_file.xlsx,Sheet1,75
Name,Andrzej Halicki,"Andzej Halicki (poland), A. Halicki (poland), Andrzej Halicki (poland)",cleaned_file.xlsx,Sheet1,76
Name,Andrzej Lepper,Lepper (poland),cleaned_file.xlsx,Sheet1,77
Name,Andrzej Rozenek,Andrzej Rozenek (poland),cleaned_file.xlsx,Sheet1,78
Name,András Fekete-Győr,Fekete-Győr András (hungary),cleaned_file.xlsx,Sheet1,79
Name,András Kulja,Kulja András (hungary),cleaned_file.xlsx,Sheet1,80
Name,André Tanger Correia,André Tanger Correia (portugal),cleaned_file.xlsx,Sheet1,81
Name,André Ventura,"Andrè VEntura (portugal), André Ventura (portugal), André Ventuta (portugal), Chega André Ventura (portugal), Andrè ventura (portugal), andre_ventura (portugal), André Ventura (spain), AndréVentura (portugal), Andre Ventura (spain), Andrè Ventura (portugal), Ventura (portugal), Andè Ventura (portugal), André Vetura (portugal), Andre Ventura (portugal), André VEntura (portugal)",cleaned_file.xlsx,Sheet1,82
Name,Angel Dzhambazki,"Angel Dzhambazki (bulgaria), Angel Dzambaski (bulgaria), Angel Dvambazki (bulgaria), Angel Dzambazki (bulgaria)",cleaned_file.xlsx,Sheet1,83
Name,Angel Georgiev,Angel Georgiev (bulgaria),cleaned_file.xlsx,Sheet1,84
Name,Angela Merkel,"Merkel (germany), Merkel (poland), Angela Merkel (bulgaria), Angela Merkel (germany)",cleaned_file.xlsx,Sheet1,85
Name,Angelika Niebler,Angelika Niebler (croatia),cleaned_file.xlsx,Sheet1,86
Name,Anna Bryłka,"A. Bryłka (poland), Anna Bryłka (poland), Bryłka (poland)",cleaned_file.xlsx,Sheet1,87
Name,Anna Cavazzini,Anna (finland),cleaned_file.xlsx,Sheet1,88
Name,Anna Donáth,"Donath Anna (hungary), donath anna (hungary), Donáth Anna (hungary)",cleaned_file.xlsx,Sheet1,89
Name,Anna Gembicka,Gembicka (poland),cleaned_file.xlsx,Sheet1,90
Name,Anna Kontula,Anna Kontula (finland),cleaned_file.xlsx,Sheet1,91
Name,Anna Maria Corazza Bildt,"Anna Maria Corazza Bild (sweden), Anna Maria Corazza Bildt (sweden), anna maria Corazza Bildt (sweden)",cleaned_file.xlsx,Sheet1,92
Name,Anna Maria Żukowska,"Żukowska (poland), A. Maria Żukowska (poland)",cleaned_file.xlsx,Sheet1,93
Name,Anna Strolenberg,Anna Strolenberg (croatia),cleaned_file.xlsx,Sheet1,94
Name,Anna Zabska,Anna Zabska (poland),cleaned_file.xlsx,Sheet1,95
Name,Annalena Baerbock,"Analise Baerbock (germany), Annalena Baerbock (germany), A. Baerbock (germany), Annalena Baerbock (croatia), Annalesa Baerbock (germany), Baerbock (germany), Annalise Baerbock (germany), Analena Baerbock (germany)",cleaned_file.xlsx,Sheet1,96
Name,Anne Will,Anne Will (germany),cleaned_file.xlsx,Sheet1,97
Name,Annie Lennox,Annie Lenox (croatia),cleaned_file.xlsx,Sheet1,98
Name,Annika Saarikko,"Saarikko (finland), Annika Saarikko (finland)",cleaned_file.xlsx,Sheet1,99
Name,Antal Rogán,Rogán Antal (hungary),cleaned_file.xlsx,Sheet1,100
Name,Ante Mihanović,Ante Mihanović (croatia),cleaned_file.xlsx,Sheet1,101
Name,Ante Šušnjar,Ante Šušnjar (croatia),cleaned_file.xlsx,Sheet1,102
Name,Anthony Albanese,Anthony Albanese (portugal),cleaned_file.xlsx,Sheet1,103
Name,Antony Blinken,"Blinken (portugal), Anthony Blinken (croatia), Blinken (bulgaria)",cleaned_file.xlsx,Sheet1,104
Name,Antoaneta Tsoneva,"Antoaneta Tsoneva (bulgaria), Antoaneta Tzoneva (bulgaria)",cleaned_file.xlsx,Sheet1,105
Name,Anton Bylin,Anton Bylin (sweden),cleaned_file.xlsx,Sheet1,106
Name,Anton Hekimyan,Anton Hekimyan (bulgaria),cleaned_file.xlsx,Sheet1,107
Name,Anton Hofreiter,Hofreiter (germany),cleaned_file.xlsx,Sheet1,108
Name,Antoni Macierewicz,"Antoni Macierewicz (poland), Macieriewicz (poland), Macierewicz (poland)",cleaned_file.xlsx,Sheet1,109
Name,António Tânger Corrêa,"Antonio Tanger Correa (portugal), Antonio Tanger (portugal), Antonio Tanger Coreia (portugal), Antonio Tanger Correia (portugal)",cleaned_file.xlsx,Sheet1,110
Name,Antti Heikkilä,"Heikkilä (finland), Antti Heikkilä (finland)",cleaned_file.xlsx,Sheet1,111
Name,Antti Kaikkonen,"Kaikkonen (finland), Antti Kaikkonen (finland)",cleaned_file.xlsx,Sheet1,112
Name,Antti Kurvinen,"antti kurvinen (finland), Antti Kurvinen (finland)",cleaned_file.xlsx,Sheet1,113
Name,Antti Lindtman,"Lindtman (finland), Antti Lindtman (finland), Antti Lindström (finland)",cleaned_file.xlsx,Sheet1,114
Name,Antti Rinne,Antti Rinne (finland),cleaned_file.xlsx,Sheet1,115
Name,António Costa,Antonio Costa (portugal),cleaned_file.xlsx,Sheet1,116
Name,António Filipe,António Filipe (portugal),cleaned_file.xlsx,Sheet1,117
Name,António Guterres,Antonio Guterres (croatia),cleaned_file.xlsx,Sheet1,118
Name,António Leitão Amaro,Andónio Leitão Amaro (portugal),cleaned_file.xlsx,Sheet1,119
Name,António de Oliveira Salazar,"Salazar (portugal), António de Oliveira Salazar (portugal)",cleaned_file.xlsx,Sheet1,120
Name,Arba Kokalari,"Arba Kokalari (sweden), arba kokalari (sweden)",cleaned_file.xlsx,Sheet1,121
Name,Ari Koponen,Ari Koponen (finland),cleaned_file.xlsx,Sheet1,122
Name,Armin Laschet,"Laschet (germany), Armin Laschet (germany)",cleaned_file.xlsx,Sheet1,123
Name,Arnaldo Otegi,arnaldo Otegui (spain),cleaned_file.xlsx,Sheet1,124
Name,Arto Satonen,Arto Satonen (finland),cleaned_file.xlsx,Sheet1,125
Name,Asen Vassilev,"Asen Vassilev (bulgaria), Asen Vasilev (bulgaria), Asen Wassilev (bulgaria), Asen vassilev (bulgaria)",cleaned_file.xlsx,Sheet1,126
Name,Asselinau,Asselinau (france),cleaned_file.xlsx,Sheet1,127
Name,Association of European Journalists (AEJ),AEJ (germany),cleaned_file.xlsx,Sheet1,128
Name,Atanas Atanasov,"Atanas Atanasov (bulgaria), A. Atanasov (bulgaria), Atanas Atanassov (bulgaria)",cleaned_file.xlsx,Sheet1,129
Name,Atanas Slavov,Atanas Slavov (bulgaria),cleaned_file.xlsx,Sheet1,130
Name,Atte Harjanne,"Ted Upter Atte Harjanne (finland), Harjanne (finland), Atte Harjanne (finland)",cleaned_file.xlsx,Sheet1,131
Name,Attila Mesterházy,Mesterházy Attila (hungary),cleaned_file.xlsx,Sheet1,132
Name,Augusto Santos Silva,Augusto Santos Silva (portugal),cleaned_file.xlsx,Sheet1,133
Name,Ava Karabatić,Ava Karabatić (croatia),cleaned_file.xlsx,Sheet1,134
Name,Avi Hyman,Avi Hyman (croatia),cleaned_file.xlsx,Sheet1,135
Name,Aymeric Caron,Aymeric Caron (france),cleaned_file.xlsx,Sheet1,136
Name,Azcon,"Jorge Azcon (spain), Azcon (spain)",cleaned_file.xlsx,Sheet1,137
Name,Baluch,Baluch (poland),cleaned_file.xlsx,Sheet1,138
Name,Barack Obama,"Obama (portugal), Obama (finland), Barack Obama (bulgaria), Barack Obama (sweden), Barack Obama (croatia), Barack Obama (finland), Obama (bulgaria)",cleaned_file.xlsx,Sheet1,139
Name,Baranyi Krisztina,"Baranyi Krisztina (hungary), Baranyai Krisztina (hungary)",cleaned_file.xlsx,Sheet1,140
Name,Barbara Nowacka,Nowacka (poland),cleaned_file.xlsx,Sheet1,141
Name,Bordella,Bardellat (france),cleaned_file.xlsx,Sheet1,142
Name,Barry Andrews,"Barry Andrews (portugal), Barry Andrews (croatia)",cleaned_file.xlsx,Sheet1,143
Name,Bartosz Arłukowicz,"Arłukowicz (poland), B. Arłukowicz (poland)",cleaned_file.xlsx,Sheet1,144
Name,Bartłomiej Sienkiewicz,"Bartłomiej Sienkiewicz (poland), Sienkiewicz (poland), B. Sienkiewicz (poland)",cleaned_file.xlsx,Sheet1,145
Name,Bas Eickhout,"Bas Eickhout (hungary), Bas Eickhaut (hungary), Bas Eickhout (croatia)",cleaned_file.xlsx,Sheet1,146
Name,Bayer Zsolt,Bayer Zsolt (hungary),cleaned_file.xlsx,Sheet1,147
Name,Beata Szydło,"Beata Szydlo (poland), B. Szydło (poland), Szydło (poland)",cleaned_file.xlsx,Sheet1,148
Name,Beatrice Timgren,Beatrice Timgren (sweden),cleaned_file.xlsx,Sheet1,149
Name,Beatrix von Storch,"Beatrix von Storch (germany), Beate von Storch (germany)",cleaned_file.xlsx,Sheet1,150
Name,Begoña Gómez,"begona gomez (spain), Begona Gomez (spain)",cleaned_file.xlsx,Sheet1,151
Name,Bella Forsgrén,Bella Forsgren (finland),cleaned_file.xlsx,Sheet1,152
Name,Ben Zyskowicz,"Ben Z. (finland), Ben Z (finland)",cleaned_file.xlsx,Sheet1,153
Name,Benjamin Netanyahu,"Netanyahu (portugal), Netanyahu (finland), Benjamin Netanyahu (portugal), Netanyahu (france), Benjamin Nathanyahu (croatia), Benjamin Nethanyahu (croatia), Benjamin Netanyahu (croatia), Benjamin Netanyahu (sweden), Netanyahu (germany), Benjamin Netanyahu (bulgaria)",cleaned_file.xlsx,Sheet1,154
Name,Benny Gantz,Benny Gantz (croatia),cleaned_file.xlsx,Sheet1,155
Name,Bernie Sanders,"Bernie Sanders (portugal), Bernie Sanders (sweden), Bernie Sanders (croatia), Sanders (finland), Bernie Sanders (finland), Bernie Sanders (hungary), Bernie Sanders (germany), Bernie (finland), Bernie Sanders (spain)",cleaned_file.xlsx,Sheet1,156
Name,Bertrand Ndongo,Bertrand Ndongo (spain),cleaned_file.xlsx,Sheet1,157
Name,Biljana Borzan,"Biljana Borzan (croatia), Biljan Borzan (croatia)",cleaned_file.xlsx,Sheet1,158
Name,Björn Höcke,"Bjorn Hoecke (germany), Bjoern Hoecke (germany), Bjorn Hocke (croatia)",cleaned_file.xlsx,Sheet1,159
Name,Björn Wahlroos,Björn Walhroos (finland),cleaned_file.xlsx,Sheet1,160
Name,Blagomir Kotzev,Blagomir Kotzev (bulgaria),cleaned_file.xlsx,Sheet1,161
Name,Blanca Armario,Blanca Armario (spain),cleaned_file.xlsx,Sheet1,162
Name,Bloco de Esquerda,"Bloco Esquerda (portugal), Bloco de Esquerda (portugal), Blocco de Esquerda (portugal)",cleaned_file.xlsx,Sheet1,163
Name,Blue Bulgaria,Blue Bulgaria (bulgaria),cleaned_file.xlsx,Sheet1,164
Name,Bodnar,"Bodnar (poland), A. Bodnar (poland)",cleaned_file.xlsx,Sheet1,165
Name,Bogdan Bogdanow,Bogdan Bogdanow (bulgaria),cleaned_file.xlsx,Sheet1,166
Name,Bojan Glavašević,Bojan Glavašević (croatia),cleaned_file.xlsx,Sheet1,167
Name,Bompard,Bompardb (france),cleaned_file.xlsx,Sheet1,168
Name,Boris Johnson,"Boris Johnson (portugal), Boris Johnson (bulgaria)",cleaned_file.xlsx,Sheet1,169
Name,Boris Malagurski,Boris Malagurski (croatia),cleaned_file.xlsx,Sheet1,170
Name,Boris Pankin,Boris Pankin (bulgaria),cleaned_file.xlsx,Sheet1,171
Name,Boris Pistorius,Pistorius (germany),cleaned_file.xlsx,Sheet1,172
Name,Boyko Borissov,"Boyko Borisov (bulgaria), Borisov (bulgaria)",cleaned_file.xlsx,Sheet1,173
Name,Borja Sémper,Borja Semper (spain),cleaned_file.xlsx,Sheet1,174
Name,Bortniczuk,Bortniczuk (poland),cleaned_file.xlsx,Sheet1,175
Name,Borys Budka,"Budka (poland), Borys Budka (poland)",cleaned_file.xlsx,Sheet1,176
Name,Boyan Chukov,Boyan Chukov (bulgaria),cleaned_file.xlsx,Sheet1,177
Name,Boyko Rashkov,Boyko Rashkov (bulgaria),cleaned_file.xlsx,Sheet1,178
Name,Bozhidar Bozhanov,Bozhidar Bozhanov (bulgaria),cleaned_file.xlsx,Sheet1,179
Name,Bożena Przyłuska,"Przyluska Bozena (poland), Bozena Przyluska (poland)",cleaned_file.xlsx,Sheet1,180
Name,Božo Petrov,Božo Petrov (croatia),cleaned_file.xlsx,Sheet1,181
Name,Brezhnev,Brezhnev (hungary),cleaned_file.xlsx,Sheet1,182
Name,Brian Mast,Brian Mast (sweden),cleaned_file.xlsx,Sheet1,183
Name,Bruno Le Maire,"Bruno LeMaire (france), Bruno Le Maire (france)",cleaned_file.xlsx,Sheet1,184
Name,Bruno Nunes,Bruno Nunes (portugal),cleaned_file.xlsx,Sheet1,185
Name,Bruti,Bruti (hungary),cleaned_file.xlsx,Sheet1,186
Name,Bulgaria Can (Bulgaria Mozhe),Bulgaria Mozhe (bulgaria),cleaned_file.xlsx,Sheet1,187
Name,Bulgarian Socialist Party,Bulgarian Socialist Party (bulgaria),cleaned_file.xlsx,Sheet1,188
Name,Bundestag,Bundestag (germany),cleaned_file.xlsx,Sheet1,189
Name,Bushido,Bushido (germany),cleaned_file.xlsx,Sheet1,190
Name,Buxade,"jprge buxade (spain), Jorge Buxade (spain), Buxade (spain)",cleaned_file.xlsx,Sheet1,191
Name,Byman,Byman (finland),cleaned_file.xlsx,Sheet1,192
Name,Bärbel Bas,"Bärbel Bas (germany), Barbel Bas (germany)",cleaned_file.xlsx,Sheet1,193
Name,CDS – Partido Popular,"CDS - Partido Popular (portugal), CDS (portugal), Partido Popular (spain)",cleaned_file.xlsx,Sheet1,194
Name,Christian Democratic Union/Christian Social Union (CDU/CSU),"CDU Merz (germany), CDU (spain), CDU Ursula vdL (germany), CDU. Most (croatia), CDU (portugal), CDU (germany), CDU (hungary), CDU  (germany), CDU , CSU (hungary), CDU Amthor (germany)",cleaned_file.xlsx,Sheet1,195
Name,Caputová,Caputová (hungary),cleaned_file.xlsx,Sheet1,196
Name,Carl XVI Gustaf,Carl Gustav XVI (sweden),cleaned_file.xlsx,Sheet1,197
Name,Carl-Viktor Svensson,Carl-Viktor Svensson (sweden),cleaned_file.xlsx,Sheet1,198
Name,Carla Denyer,Carla Denyer (croatia),cleaned_file.xlsx,Sheet1,199
Name,Carla Tavares,ção Tavares (portugal),cleaned_file.xlsx,Sheet1,200
Name,Carla Toscano,Carla Toscano (spain),cleaned_file.xlsx,Sheet1,201
Name,Carles Puigdemont,"puigdemont (spain), Puigdemont (spain)",cleaned_file.xlsx,Sheet1,202
Name,Carlos Guimarães Pinto,Carlos Guimarães Pinto (portugal),cleaned_file.xlsx,Sheet1,203
Name,Carlos H Quero,Carlos H Quero (spain),cleaned_file.xlsx,Sheet1,204
Name,Carlos Mazón,"carlosmmazon (spain), Carlos Mazón (spain), Carlos Mazon (spain), carlos mazón (spain), carlos mazon (spain)",cleaned_file.xlsx,Sheet1,205
Name,Carlos Moedas,"Carlos Moedas (portugal), Carlos Manuel Félix Moedas (portugal)",cleaned_file.xlsx,Sheet1,206
Name,Carlos Tarife,Carlos Tarife (spain),cleaned_file.xlsx,Sheet1,207
Name,Carmen Smith,Carmen Smith (croatia),cleaned_file.xlsx,Sheet1,208
Name,Carola Rackete,Caro Ra (germany),cleaned_file.xlsx,Sheet1,209
Name,Carolina Gustafsson,Carolina Gustafsson (sweden),cleaned_file.xlsx,Sheet1,210
Name,Caroline Bosbach,Caroline Bosbach (germany),cleaned_file.xlsx,Sheet1,211
Name,Caroline Lucas,Caroline Lucas (croatia),cleaned_file.xlsx,Sheet1,212
Name,Catarina Martins,"Catarina Martins (portugal), Catarina MArtins (portugal)",cleaned_file.xlsx,Sheet1,213
Name,Cate Blanchett,"Cate Blanchette (germany), Cate Blanchett (croatia)",cleaned_file.xlsx,Sheet1,214
Name,Catherine Griset,"Catherine (hungary), Catherine Griset (france)",cleaned_file.xlsx,Sheet1,215
Name,Cayetana Álvarez de Toledo,"Cayetana Álvarez de Toledo (spain), Álvarez de Toledo (spain)",cleaned_file.xlsx,Sheet1,216
Name,Cecília Meireles,Cecília Meireles (portugal),cleaned_file.xlsx,Sheet1,217
Name,Cem Özdemir,Cem Ozdemir (croatia),cleaned_file.xlsx,Sheet1,218
Name,Cenk Uygur,Cenk Uygur (croatia),cleaned_file.xlsx,Sheet1,219
Name,Center Party,"Center (sweden), Center Party (sweden), The Center Party (sweden), Center (finland), The center Party (sweden)",cleaned_file.xlsx,Sheet1,220
Name,Charles Consigny,Charles Consigny (france),cleaned_file.xlsx,Sheet1,221
Name,Charles III,"King Charles III (bulgaria), Charles III (hungary)",cleaned_file.xlsx,Sheet1,222
Name,Charles Michel,"Charles Michel (croatia), Charles (hungary), Michel (poland)",cleaned_file.xlsx,Sheet1,223
Name,Charlie Hederberg,Charlie Hederberg (sweden),cleaned_file.xlsx,Sheet1,224
Name,Charlie Weimers,"Charlie Weimer (sweden), Charlie Weimers (sweden), Charlie Weimers (spain), Charlie Wimers (sweden)",cleaned_file.xlsx,Sheet1,225
Name,Charly Salonius-Pasternak,Chairlie Salonius-Pasternak (finland),cleaned_file.xlsx,Sheet1,226
Name,Chase Oliver,Chase Oliver (croatia),cleaned_file.xlsx,Sheet1,227
Name,Chega!,"Chega! (spain), Partido Chega (portugal), Chega (spain), Chega (portugal), Chega Açores (portugal), Chega! (portugal)",cleaned_file.xlsx,Sheet1,228
Name,Chrille,Chrille (sweden),cleaned_file.xlsx,Sheet1,229
Name,Christian Dürr,Christian Dürr (germany),cleaned_file.xlsx,Sheet1,230
Name,Christian Lindner,"Lindner (germany), Christian Lindner (germany)",cleaned_file.xlsx,Sheet1,231
Name,Christine Lagarde,"Christine Legarde (finland), Christin Lagarde (bulgaria)",cleaned_file.xlsx,Sheet1,232
Name,Ci James,Ci James (sweden),cleaned_file.xlsx,Sheet1,233
Name,Ciotti,"Eric Ciotti (france), Ciotti (france)",cleaned_file.xlsx,Sheet1,234
Name,Civic Coalition,"KO (poland), Zieloni (poland), Zieloni/KO (poland), Civic Coalition (poland)",cleaned_file.xlsx,Sheet1,235
Name,Clare Daly,"Claire Daly (finland), Claure Daly (sweden), Clare Daly (croatia), Slare Daly (bulgaria), Claire Daily (croatia), Clare Daly (finland), Claire Daly (sweden), Clare Daly (portugal), Clare Daly (sweden), Clare Daly (bulgaria), Clare Daily (croatia), Claire Daly (croatia)",cleaned_file.xlsx,Sheet1,236
Name,Claudia Roth,Claudia Roth (germany),cleaned_file.xlsx,Sheet1,237
Name,Claus Kleber,Claus Kleber (germany),cleaned_file.xlsx,Sheet1,238
Name,Colonel Nikolay Markov,"Nikolay Markov (bulgaria), Markov (bulgaria), Nikolay markov (bulgaria)",cleaned_file.xlsx,Sheet1,239
Name,Conservative Party,"Conservative and Unionist Party (croatia), Conservative Party (croatia)",cleaned_file.xlsx,Sheet1,240
Name,Cristian Terheș,Cristian Terheș (spain),cleaned_file.xlsx,Sheet1,241
Name,Cristina Fallarás,Cristina Fallarás (spain),cleaned_file.xlsx,Sheet1,242
Name,Cristina Fernándeez,Cristina Fernándeez (spain),cleaned_file.xlsx,Sheet1,243
Name,Cristina García Salazar,Cristina García Salazar (spain),cleaned_file.xlsx,Sheet1,244
Name,Cristina Maestre,Cristina Mestre (spain),cleaned_file.xlsx,Sheet1,245
Name,Cristina Mortágua,Cristina Mortágua (portugal),cleaned_file.xlsx,Sheet1,246
Name,Cseh Katalin,"Cseh Katalin (hungary), cseh katalin (hungary)",cleaned_file.xlsx,Sheet1,247
Name,Cuca Gamarra,Cuca Gamarra (spain),cleaned_file.xlsx,Sheet1,248
Name,Czaputowicz,Czaputowicz (poland),cleaned_file.xlsx,Sheet1,249
Name,Céline Imart,"Céline Impart (france), Céline Imart (france)",cleaned_file.xlsx,Sheet1,250
Name,D. Ayuso,"d (germany), D. Ayuso (spain)",cleaned_file.xlsx,Sheet1,251
Name,D. Jonski,"D. Jonski (poland), D. Joński (poland)",cleaned_file.xlsx,Sheet1,252
Name,DL,DL (germany),cleaned_file.xlsx,Sheet1,253
Name,Dalibor Domitrović,Dalibor Domitrović (croatia),cleaned_file.xlsx,Sheet1,254
Name,Dalija Orešković,"Dalia Orešković (croatia), Dalija Orešković (croatia)",cleaned_file.xlsx,Sheet1,255
Name,Damian Boeselager,"Damian Boeselager (finland), Damien Boeselager (finland), Damian Boeselager (croatia)",cleaned_file.xlsx,Sheet1,256
Name,Damir Bakić,Damir Bakić (croatia),cleaned_file.xlsx,Sheet1,257
Name,Damir Habijan,Damir Habijan (croatia),cleaned_file.xlsx,Sheet1,258
Name,Daniel Caspary,Caspary (germany),cleaned_file.xlsx,Sheet1,259
Name,Daniel Esteve,Daniel Esteve (spain),cleaned_file.xlsx,Sheet1,260
Name,Daniel Halemba,Daniel Halemba (germany),cleaned_file.xlsx,Sheet1,261
Name,Daniel Helldén,"Daniel Hellden (sweden), Daniel hellden (sweden)",cleaned_file.xlsx,Sheet1,262
Name,Daniel Lorer,Daniel Lorer (bulgaria),cleaned_file.xlsx,Sheet1,263
Name,Daniel Mitov,Daniel Mitov (bulgaria),cleaned_file.xlsx,Sheet1,264
Name,Daniel Vukelja,Daniel Vukelja (croatia),cleaned_file.xlsx,Sheet1,265
Name,Danijela Dolenec,Danijela Dolenec (croatia),cleaned_file.xlsx,Sheet1,266
Name,Danuta Jazłowiecka,Dana Jazlowiecka (poland),cleaned_file.xlsx,Sheet1,267
Name,Darin Georgiev,Darin Georgiev (bulgaria),cleaned_file.xlsx,Sheet1,268
Name,Dario Zurovec,Dario Zurovec (croatia),cleaned_file.xlsx,Sheet1,269
Name,Dariusz Joński,Joński (poland),cleaned_file.xlsx,Sheet1,270
Name,Dariusz Matecki,Matecki (poland),cleaned_file.xlsx,Sheet1,271
Name,David García,David García (spain),cleaned_file.xlsx,Sheet1,272
Name,David Guiraud,"David Guirau (france), Emmanuel Macron Jl Melenchon David Guiraud Gabriel Attal Valerie Pecresse Marion Marechal (france), David Guiraud (france), Louis Boyard Mathile Panot David Guiraud Mayer Habib Jean Luc Melenchon (france)",cleaned_file.xlsx,Sheet1,273
Name,David Lång,David Lång (sweden),cleaned_file.xlsx,Sheet1,274
Name,David McAllister,David McAllister (germany),cleaned_file.xlsx,Sheet1,275
Name,Davor Božinović,Davor Božinović (croatia),cleaned_file.xlsx,Sheet1,276
Name,Davor Dretar,Davor Dretar (croatia),cleaned_file.xlsx,Sheet1,277
Name,Davor Ivo Stier,Davor Ivo Stier (croatia),cleaned_file.xlsx,Sheet1,278
Name,Deffontaines,"Léon Deffontaines (france), Deffontaines (france), Leon Deffontaines (france)",cleaned_file.xlsx,Sheet1,279
Name,Delyan Dobrev,Delyan Dobrev (bulgaria),cleaned_file.xlsx,Sheet1,280
Name,Delyan Peevski,"Dealyan Peevski (bulgaria), Delyan Peevski (bulgaria), Peevski (bulgaria), Delyan Peevsky (bulgaria)",cleaned_file.xlsx,Sheet1,281
Name,Democratic Bulgaria,"Democratic Bulgaria (bulgaria), Democratic (bulgaria), We Continue the Change - Democratic Bulgaria (bulgaria), Democrtaic Bulgaria (bulgaria), Democratic BG (bulgaria), change -Democratic Bulgaria (bulgaria)",cleaned_file.xlsx,Sheet1,282
Name,Democrats for a Strong Bulgaria (DSB),DSB (bulgaria),cleaned_file.xlsx,Sheet1,283
Name,Denice Westerberg,"Denice Westerbebrg (sweden), Denice Westerberg (sweden)",cleaned_file.xlsx,Sheet1,284
Name,Denis Bećirović,Denis Bećirović (croatia),cleaned_file.xlsx,Sheet1,285
Name,Denitsa Sacheva,Denitza Sacheva (bulgaria),cleaned_file.xlsx,Sheet1,286
Name,Denitza Simeonova,Denitza Simeonova (bulgaria),cleaned_file.xlsx,Sheet1,287
Name,Desislava Atanasova,Dessislava Atanasova (bulgaria),cleaned_file.xlsx,Sheet1,288
Name,Deutsche Bahn,Deutsche Bahn (germany),cleaned_file.xlsx,Sheet1,289
Name,Deyan Nikolov,Deyan Nikolov (bulgaria),cleaned_file.xlsx,Sheet1,290
Name,DiEM,DiEM (sweden),cleaned_file.xlsx,Sheet1,291
Name,DiEM25,DiEM25 (croatia),cleaned_file.xlsx,Sheet1,292
Name,Diana Ghafour Feyli,Diana Ghafour Feyli (sweden),cleaned_file.xlsx,Sheet1,293
Name,Diana Morant,"diana morant (spain), Diana morant (spain)",cleaned_file.xlsx,Sheet1,294
Name,Diana Riba,Diana Riba (spain),cleaned_file.xlsx,Sheet1,295
Name,Dick Erixon,"dick erixon (sweden), Dick Erixon (sweden)",cleaned_file.xlsx,Sheet1,296
Name,Die Grünen – Die Grüne Alternative,"Die Grünen – Die Grüne Alternative (croatia), Grüne (germany), Die Grüne (germany)",cleaned_file.xlsx,Sheet1,297
Name,Diego Cañamero,diego canamero (spain),cleaned_file.xlsx,Sheet1,298
Name,Dieter Bohlen,Dieter Bohlen (germany),cleaned_file.xlsx,Sheet1,299
Name,Dilma Rousseff,Dilma Rousseff (portugal),cleaned_file.xlsx,Sheet1,300
Name,Dimitar Gardev,Dimitar Gardev (bulgaria),cleaned_file.xlsx,Sheet1,301
Name,Dimitar Glavchev,"Glavchev (bulgaria), Dimitar Glavchev (bulgaria)",cleaned_file.xlsx,Sheet1,302
Name,Dimitar Naydenov,Dimitar Naydenov (bulgaria),cleaned_file.xlsx,Sheet1,303
Name,Dimitri Qvintus,"Dimitri Qvintus (finland), Qvintus (finland), Dimitri Quintus (finland)",cleaned_file.xlsx,Sheet1,304
Name,Dinko Valev (Shivikov),Shivikov (bulgaria),cleaned_file.xlsx,Sheet1,305
Name,Diogo Pacheco de Amorim,"Diogo Pacheco Amorim (portugal), Diogo Pacheco de Amorim (portugal)",cleaned_file.xlsx,Sheet1,306
Name,Dita Charanzová,Dita Charanzová (finland),cleaned_file.xlsx,Sheet1,307
Name,Dmitry Medvedev,Dimitry Medvedev (bulgaria),cleaned_file.xlsx,Sheet1,308
Name,Dobromir Sośnierz,"D. Sośnierz (poland), Sośnierz (poland)",cleaned_file.xlsx,Sheet1,309
Name,Dobroslav Paraga,Dobroslav Paraga (croatia),cleaned_file.xlsx,Sheet1,310
Name,Dolors Montserrat,Dolors Montserrat (spain),cleaned_file.xlsx,Sheet1,311
Name,Dominik Tarczyński,"Dominik Tarczyński (bulgaria), Dominik Tarczyński (finland), Dominik Tarczynski (croatia), Dominik Tarczyński (croatia), Tarczyński (poland), Dominik Tarczynski (poland), Domink Tarczynski (poland)",cleaned_file.xlsx,Sheet1,312
Name,Donald Trump,"Donald Trump (portugal), Trump (germany), Donald Trump (sweden), Trump (spain), Biden Trump (bulgaria), Donald Trump (germany), Trump (finland), Trump (poland), Trump (hungary), Donald Trump (hungary), Trump (portugal), Trump (sweden), Donald Trump (croatia), Trump (bulgaria)",cleaned_file.xlsx,Sheet1,313
Name,Donald Tusk,"Tusk (poland), Tusk (bulgaria), Tusk (germany), Donald Tusk (poland), D .Tusk (poland), D. Tusk (poland), Donald Tusk (portugal), Donald Tusk (finland), Donald Tusk (croatia), > Tusk (poland)",cleaned_file.xlsx,Sheet1,314
Name,Dong Jun,Dong Jun (croatia),cleaned_file.xlsx,Sheet1,315
Name,Dorota Anna Kolarska,"Dorota Kolarska (poland), Kolarska (poland)",cleaned_file.xlsx,Sheet1,316
Name,Dorotea Strelec,Dorotea Strelec (croatia),cleaned_file.xlsx,Sheet1,317
Name,Drenchev,Drenchev (bulgaria),cleaned_file.xlsx,Sheet1,318
Name,Duarte Costa,Duarte Costa (portugal),cleaned_file.xlsx,Sheet1,319
Name,Dubravka Šuica,Dubravka Šuica (croatia),cleaned_file.xlsx,Sheet1,320
Name,Duró Dora,Duró Dora (hungary),cleaned_file.xlsx,Sheet1,321
Name,Dušica Radojčić,Dušica Radojčić (croatia),cleaned_file.xlsx,Sheet1,322
Name,Dzevdet Tchakarov,Dzevdet Tchakarov (bulgaria),cleaned_file.xlsx,Sheet1,323
Name,Dzhevdet Chakarov,"Dzhevdet Chakurov (bulgaria), Dzehvdet Chakurov (bulgaria)",cleaned_file.xlsx,Sheet1,324
Name,Dóra Dúró,Dúró Dóra (hungary),cleaned_file.xlsx,Sheet1,325
Name,ECR,"EPP & ECR (finland), -ECR (bulgaria), ECR (bulgaria), ECR (sweden)",cleaned_file.xlsx,Sheet1,326
Name,EU-MP IRL,"IR EU-MP (sweden), EU-MP (sweden)",cleaned_file.xlsx,Sheet1,327
Name,Ebba Busch,Ebba Busch (sweden),cleaned_file.xlsx,Sheet1,328
Name,Ebrahim Raisi,Ebrahim Raisi (portugal),cleaned_file.xlsx,Sheet1,329
Name,Ecological Democratic Party (ÖDP),"DP (croatia), ödp (germany)",cleaned_file.xlsx,Sheet1,330
Name,Edi Rama,Edi Rama (portugal),cleaned_file.xlsx,Sheet1,331
Name,Eduardo Delgado,eduardo delgado (spain),cleaned_file.xlsx,Sheet1,332
Name,Eetu Korhonen,Eetu Korhonen (finland),cleaned_file.xlsx,Sheet1,333
Name,Ehud Barak,"Ehud Barak (finland), Ehud Barak (portugal), Ehud Barak (germany)",cleaned_file.xlsx,Sheet1,334
Name,Eija-Riitta Korhola,Eija-Riitta Korhola (finland),cleaned_file.xlsx,Sheet1,335
Name,Ekaterina Zaharieva,"Ekaterina Zaharieva (bulgaria), Ekaterina Zahar (bulgaria)",cleaned_file.xlsx,Sheet1,336
Name,El Gran Wyoming,Gran Wyoming (spain),cleaned_file.xlsx,Sheet1,337
Name,Elena Poptodorova,"Elena Poptodorova (bulgaria), Elena Poptodorva (bulgaria)",cleaned_file.xlsx,Sheet1,338
Name,Elena Yoncheva,"Elena Yontcheva (bulgaria), Elena Yoncheva (bulgaria)",cleaned_file.xlsx,Sheet1,339
Name,Eleonora Mitrofanova,"Eleonora Mitrofanova (bulgaria), Mitrofanova (bulgaria)",cleaned_file.xlsx,Sheet1,340
Name,Elina Valtonen,Elina Valtonen (finland),cleaned_file.xlsx,Sheet1,341
Name,Elisa Aaltola,Elisa Aaltola (finland),cleaned_file.xlsx,Sheet1,342
Name,Elisabeth Svantesson,Elisabeth Svantesson (sweden),cleaned_file.xlsx,Sheet1,343
Name,Elisaveta Belobradova,"Elissaveta Belobradova (bulgaria), Elisaveta Belobradova (bulgaria)",cleaned_file.xlsx,Sheet1,344
Name,Elizabeth Duval,Elizabeth Duval (spain),cleaned_file.xlsx,Sheet1,345
Name,Ella Kardemark,ella kardemark (sweden),cleaned_file.xlsx,Sheet1,346
Name,Elokapina,Elokapina (finland),cleaned_file.xlsx,Sheet1,347
Name,Elżbieta Anna Polak,Elzbieta Anna Polak (poland),cleaned_file.xlsx,Sheet1,348
Name,Emanuel Karsten,Emanuel Karsten (sweden),cleaned_file.xlsx,Sheet1,349
Name,Emelie Nyman,Emelie Nyman (sweden),cleaned_file.xlsx,Sheet1,350
Name,Emil Eneblad,Emil Eneblad (sweden),cleaned_file.xlsx,Sheet1,351
Name,Emil Radev,Radev (bulgaria),cleaned_file.xlsx,Sheet1,352
Name,Emil Yankov,Emil Yankov (bulgaria),cleaned_file.xlsx,Sheet1,353
Name,Emlio delgado,Emlio delgado (spain),cleaned_file.xlsx,Sheet1,354
Name,Emma Wiesner,Emma Wie (sweden),cleaned_file.xlsx,Sheet1,355
Name,Emmanuel Macron,"Macron (spain), Macron (bulgaria), Macron (poland), Emmanuel Macron (france), Emmanuel Macron (bulgaria), Macron (portugal), Macron (croatia), Emmanuel Macron (spain), Emmanuel Macron (croatia), Emanuel Macron (hungary), Emmanuel Macron (finland), Macron (finland), Macro (germany), Emanuel Macron (croatia), Emanuelle Macron (portugal), Macron (germany), Marie Toussant Guillome LaCroix Emmanuel Macron (france), Emannuel Macron (bulgaria), JL Melenchon Emmanuel Macron Mathilde Panot (france), macron (france), Emmanuel Macron (sweden), Emmanuel Macron (portugal), Emmanuelle Macron (spain), Macron (hungary), Eija-Riitta Korhola Emmanuel Macron (finland), Immanuel Macron (croatia), E Macron (france), Macron (france), Macron Scholz (germany)",cleaned_file.xlsx,Sheet1,356
Name,Emmi Lintonen,Lintonen (finland),cleaned_file.xlsx,Sheet1,357
Name,Enio Meštrović,Enio Meštrović Ričard (croatia),cleaned_file.xlsx,Sheet1,358
Name,Enrique Santiago,Enrique Santiago (spain),cleaned_file.xlsx,Sheet1,359
Name,Erdogan,"Recep Tayyip Erdogan (croatia), Erdogan (bulgaria)",cleaned_file.xlsx,Sheet1,360
Name,Ergue-te,Ergue-te (portugal),cleaned_file.xlsx,Sheet1,361
Name,Erich Honecker,Erich Honecker (germany),cleaned_file.xlsx,Sheet1,362
Name,Erkki Tuomioja,Erkki Tuomioja (finland),cleaned_file.xlsx,Sheet1,363
Name,Ermin Skoric,Ermin Skoric (sweden),cleaned_file.xlsx,Sheet1,364
Name,Ernest Urtasun,"Ernest Urtain (spain), Ernest Urtasun (spain)",cleaned_file.xlsx,Sheet1,365
Name,Ernesto Santos Silva,Ernesto Santos Silva (portugal),cleaned_file.xlsx,Sheet1,366
Name,Esko Kiviranta,Kiviranta (finland),cleaned_file.xlsx,Sheet1,367
Name,Esperanza Aguirre,Esperanza Aguirre (spain),cleaned_file.xlsx,Sheet1,368
Name,Esteban González Pons,Esteban González Pons (spain),cleaned_file.xlsx,Sheet1,369
Name,Ester Muñoz,Ester Munoz (spain),cleaned_file.xlsx,Sheet1,370
Name,Esther Gil de Reboleño,Esther Gil de Reboleño (spain),cleaned_file.xlsx,Sheet1,371
Name,Estrella Galán,"estrella galán (spain), estrella (spain), Estrellan Galán (spain), Estrela Gallan (croatia), Estrella Galán (spain), estrellagalan (spain)",cleaned_file.xlsx,Sheet1,372
Name,European Greens,"Eurpean Greens (croatia), European Greens and (croatia), HDZ European Greens (croatia), greens europe (sweden)",cleaned_file.xlsx,Sheet1,373
Name,European Left,"-Left (bulgaria), Left (croatia), Left (bulgaria), left europe (sweden)",cleaned_file.xlsx,Sheet1,374
Name,European Parliament,"European Parliament (croatia), Parliament (bulgaria), AfD European Parliament (germany), European Parliament (hungary), europeanparliament (portugal), European Parliament (bulgaria), Parliament (spain), European Parliament (portugal), European Parliament (spain), European Parliament (germany), EuropeanParliament (germany), European parli (finland), European Parliament (finland), EU Parliament (germany), European parliament (bulgaria)",cleaned_file.xlsx,Sheet1,375
Name,European People's Party,party (bulgaria),cleaned_file.xlsx,Sheet1,376
Name,Eva Biaudet,Biaudet (finland),cleaned_file.xlsx,Sheet1,377
Name,Eva Maydell,"Eva Maydell- (bulgaria), eva (bulgaria), Eva Maydell (bulgaria)",cleaned_file.xlsx,Sheet1,378
Name,Eva Vlaardingerbroek,"Eva Vlaardingerbroek (finland), Eva Vlaardingerbroek (hungary), Eva Vlaardingerbroek (croatia)",cleaned_file.xlsx,Sheet1,379
Name,Evika Siliņa,Evika Silina (croatia),cleaned_file.xlsx,Sheet1,380
Name,Evin Incir,"Even Incir (sweden), Evin Incir (sweden), evin incir (sweden)",cleaned_file.xlsx,Sheet1,381
Name,Ewa Kopacz,"E. Kopacz (poland), Ewa Kopacz (poland)",cleaned_file.xlsx,Sheet1,382
Name,Ewa Zajączkowska-Hernik,"Ewa Zajaczkowska-Hernik (poland), Zajaczkowska (poland), Ewa Zajaczkowska (poland)",cleaned_file.xlsx,Sheet1,383
Name,Fabian Figueiredo,Fabian Figueiredo (portugal),cleaned_file.xlsx,Sheet1,384
Name,Fabien Roussel,Fabien Roussel (france),cleaned_file.xlsx,Sheet1,385
Name,Fatim Diarra,"Fatim Diarra (finland), Fatim Diarra Gustafsson (finland)",cleaned_file.xlsx,Sheet1,386
Name,Fátima Hamed Hossain,Fatima (spain),cleaned_file.xlsx,Sheet1,387
Name,Federation of Young European Greens,"Federation of Young European Greens (croatia), Young European Greens (croatia)",cleaned_file.xlsx,Sheet1,388
Name,Federico Jiménez Losantos,Federico Jiménez Lossantos (spain),cleaned_file.xlsx,Sheet1,389
Name,Feiijóo,Feiijóo (spain),cleaned_file.xlsx,Sheet1,390
Name,Fekete Győr András,Fekete Győr (hungary),cleaned_file.xlsx,Sheet1,391
Name,Felipe González,"Felipe Gonzalez (spain), Felipe González (spain)",cleaned_file.xlsx,Sheet1,392
Name,Felipe Melo,Felipe Melo (portugal),cleaned_file.xlsx,Sheet1,393
Name,Fernando Martínez,fernando martinez (spain),cleaned_file.xlsx,Sheet1,394
Name,Fernando Medina,Fernando Medina (portugal),cleaned_file.xlsx,Sheet1,395
Name,Fine Gael,"Fine Garel (croatia), Finne Gael (croatia)",cleaned_file.xlsx,Sheet1,396
Name,Florence Gaub,Florence Gaub (germany),cleaned_file.xlsx,Sheet1,397
Name,Florian Merz,Florian Merz (germany),cleaned_file.xlsx,Sheet1,398
Name,Florian Philippot,Philippot (france),cleaned_file.xlsx,Sheet1,399
Name,Fogiel,Fogiel (poland),cleaned_file.xlsx,Sheet1,400
Name,Francina Armengol,"Armengol (spain), Francina Armengol (spain)",cleaned_file.xlsx,Sheet1,401
Name,Francisco Camps,Francisco Camps (spain),cleaned_file.xlsx,Sheet1,402
Name,Francisco Paupério,Francisco Pauperio (portugal),cleaned_file.xlsx,Sheet1,403
Name,Frank-Walter Steinmeier,Steinmeier (germany),cleaned_file.xlsx,Sheet1,404
Name,Franz Josef Strauß,Franz Joseph Strauss (germany),cleaned_file.xlsx,Sheet1,405
Name,François Asselineau,"Asselineau (france), François Asselineau (france)",cleaned_file.xlsx,Sheet1,406
Name,François Hollande,"Francois Holland (bulgaria), Hollande (france), François Hollande (france)",cleaned_file.xlsx,Sheet1,407
Name,François-Xavier Bellamy,"François-Xavier Bellamy (france), bellamy (france), Bellamy (france), François Xavier Bellamy (france)",cleaned_file.xlsx,Sheet1,408
Name,Fratelli d'Italia,I Fratelli (spain),cleaned_file.xlsx,Sheet1,409
Name,Friedrich Merz,Fred. Merz (germany),cleaned_file.xlsx,Sheet1,410
Name,Fredrik Brange,Fredrik Brange (sweden),cleaned_file.xlsx,Sheet1,411
Name,Fredrik Kärrholm,Fredrik Kärrholm (sweden),cleaned_file.xlsx,Sheet1,412
Name,Fredrik af Malmborg,Fredrik af Malmborg (sweden),cleaned_file.xlsx,Sheet1,413
Name,Free Voters (Freie Wähler),Freie Wähler (germany),cleaned_file.xlsx,Sheet1,414
Name,Freedom Party of Austria (FPÖ),FPÖ (germany),cleaned_file.xlsx,Sheet1,415
Name,Fridays for Future (FFF),"FFF (germany), Fridays for Future Activist (spain), Fridays for Future (germany)",cleaned_file.xlsx,Sheet1,416
Name,Frédéric Maillot,Frédéric Maillot (france),cleaned_file.xlsx,Sheet1,417
Name,Fumio Kishida,Fumio Kishida (croatia),cleaned_file.xlsx,Sheet1,418
Name,Félix Bolaños,"Bolaños (spain), F Bolaños (spain)",cleaned_file.xlsx,Sheet1,419
Name,G Rufián,"G. Rufián (spain), G Rufián (spain)",cleaned_file.xlsx,Sheet1,420
Name,G. Braun,G. Braun (poland),cleaned_file.xlsx,Sheet1,421
Name,G. Bush,"Bush (poland), G. Bush (bulgaria)",cleaned_file.xlsx,Sheet1,422
Name,GERB,"GERB (bulgaria), GER (bulgaria), GER$B (bulgaria), -GERB (bulgaria)",cleaned_file.xlsx,Sheet1,423
Name,GW Bush,GW Bush (hungary),cleaned_file.xlsx,Sheet1,424
Name,Gabriel Attal,"Attal (france), Luois Boyard Jordql Barldella JL Melanchon Gabriel Attal Raphael Glucksmann (france), Gabriel Attal (france)",cleaned_file.xlsx,Sheet1,425
Name,Gabriel Rufián,"Gabriel Rufián (spain), Gabriel Rufrián (spain), Rufián (spain)",cleaned_file.xlsx,Sheet1,426
Name,Gabrijela Bošnjak,Gabriela Bošnjak (croatia),cleaned_file.xlsx,Sheet1,427
Name,Gabriele Krone-Schmalz,Gabriele Krone-Schmalz (germany),cleaned_file.xlsx,Sheet1,428
Name,Gaby Bischoff,Gaby Bischoff (germany),cleaned_file.xlsx,Sheet1,429
Name,Garcia Page,Garcia Page (spain),cleaned_file.xlsx,Sheet1,430
Name,Gashaw Bibani,Bibani (finland),cleaned_file.xlsx,Sheet1,431
Name,Gasiuk Pihowicz,Gasiuk Pihowicz (poland),cleaned_file.xlsx,Sheet1,432
Name,Gavin Newsom,Gavin Newsom (croatia),cleaned_file.xlsx,Sheet1,433
Name,Geert Wilders,"Wilders (poland), Geert Wilders (finland), Geert Wilders (croatia)",cleaned_file.xlsx,Sheet1,434
Name,General Dinko Valev (Shivikov),General Shivikov (bulgaria),cleaned_file.xlsx,Sheet1,435
Name,Genka Shikerova,Genka Shikerowa (bulgaria),cleaned_file.xlsx,Sheet1,436
Name,Georg Maassen,Georg Maassen (germany),cleaned_file.xlsx,Sheet1,437
Name,Georgi Georgiev,"Georgi Georgiev- (bulgaria), Georgi Georgiev (bulgaria)",cleaned_file.xlsx,Sheet1,438
Name,Georgi Svilenski,Georgi Svilenski (bulgaria),cleaned_file.xlsx,Sheet1,439
Name,Gerardo Pisarello,"Gerardo Posarello (spain), Gerardo Pisarello (spain), Pisarello (spain)",cleaned_file.xlsx,Sheet1,440
Name,Gergely Gulyás,"Gulyás Gergely Orbán Balázs (hungary), Gulyás Gergely (hungary)",cleaned_file.xlsx,Sheet1,441
Name,Gergely Karácsony,"Karácsony (hungary), Karácsony Gergely (hungary), Karacsony Gergely (hungary)",cleaned_file.xlsx,Sheet1,442
Name,Gerhard Schröder,Schroeder (poland),cleaned_file.xlsx,Sheet1,443
Name,Gerhart Baum,Gerhart Baum (germany),cleaned_file.xlsx,Sheet1,444
Name,Gibanje Svoboda,Gibanje Svoboda (croatia),cleaned_file.xlsx,Sheet1,445
Name,Gideon Levy,"Gideo Levy (croatia), Gideon Levy (croatia)",cleaned_file.xlsx,Sheet1,446
Name,Giorgia Meloni,"Meloni (germany), Giorgia Meloni (sweden), Giogia Meloni (portugal), Meloni (poland), Giorgia Meloni (finland), Meloni (spain), Giorgia Meloni (bulgaria), Giorgia Meloni (spain), meloni (spain), Meloni (finland), Giorgia Meloni (croatia), Giorgia Meloni (portugal), Giorgia Meloni (france), Georgia Meloni (croatia), Giorgia Meloni (hungary)",cleaned_file.xlsx,Sheet1,447
Name,Giovanni Mori,Giovanni Mori (spain),cleaned_file.xlsx,Sheet1,448
Name,Gluksman,"Gluksman (france), Raphael Gluksman (france)",cleaned_file.xlsx,Sheet1,449
Name,Gonzalo Oro,"Gonzalo Oro (spain), Gonzalo de Oro (spain)",cleaned_file.xlsx,Sheet1,450
Name,Gordan Bosanac,Gordan Bosanac (croatia),cleaned_file.xlsx,Sheet1,451
Name,Gordan Jandroković,Gordan Jandroković (croatia),cleaned_file.xlsx,Sheet1,452
Name,Gottfried Curio,Gottfried Curio (germany),cleaned_file.xlsx,Sheet1,453
Name,Grabarczyk,Grabarczyk (poland),cleaned_file.xlsx,Sheet1,454
Name,Grace O'Sullivan,"Grace O’Sullivan (sweden), Grace o'Sullivan (finland), Grace O'Sullivan (croatia)",cleaned_file.xlsx,Sheet1,455
Name,Green,"Green Terry (germany), Green Party (UK) (croatia), The Green Party UK (croatia), Green Party (croatia), The Green party (sweden), Green (germany), The Green Party (sweden), European Green Party (croatia), Green Party of England and Wales (croatia), The Green Party (croatia), Green party (hungary), green party (finland), Green Youth (germany), EU Green party (sweden), Green (hungary), The Green Part (sweden), Green EP group (bulgaria), Green party (finland), Green (france)",cleaned_file.xlsx,Sheet1,456
Name,Greens/EFA,"Greens-EFA (croatia), Greensefa (finland), Greens-EFA (sweden), Greens-EFA (finland), greensefa (finland)",cleaned_file.xlsx,Sheet1,457
Name,Greens–European Free Alliance,"Greens (bulgaria), European Greens (spain), European Greens (finland), Greens (croatia), European Greens (hungary), European greens (finland), European Greens (germany), European Greens (croatia), european greens (sweden), Greens–European Free Alliance (spain), Greens (germany), Greens (france)",cleaned_file.xlsx,Sheet1,458
Name,Gregor Gysi,"Gysi (germany), Gregor Gysi (germany)",cleaned_file.xlsx,Sheet1,459
Name,Greta Thunberg,"Great Thunberg (sweden), Greta Thunberg (sweden), greta thunberg (sweden), Greta Thurnberg (croatia)",cleaned_file.xlsx,Sheet1,460
Name,Grodzki,Grodzki (poland),cleaned_file.xlsx,Sheet1,461
Name,Grozdan Karadjov,Grozdan Karadjov (bulgaria),cleaned_file.xlsx,Sheet1,462
Name,Grzegorz Braun,"Braun (poland), Grzegorz Braun (poland)",cleaned_file.xlsx,Sheet1,463
Name,Grzegorz Schetyna,Schetyna (poland),cleaned_file.xlsx,Sheet1,464
Name,Grön Ungdom,grön ungdom (sweden),cleaned_file.xlsx,Sheet1,465
Name,Guillaume Peltier,Guillaume Peltier (france),cleaned_file.xlsx,Sheet1,466
Name,Guillermo Fernández Vara,Guillermo Fernández Vara (spain),cleaned_file.xlsx,Sheet1,467
Name,Gunnar Beck,Gunnar Beck (portugal),cleaned_file.xlsx,Sheet1,468
Name,Gustav Johansson,Gustav Johansson (sweden),cleaned_file.xlsx,Sheet1,469
Name,Gustavo Petro,Gustavo Petro (spain),cleaned_file.xlsx,Sheet1,470
Name,Gutzanov,"Borislav Gutzanov (bulgaria), Gutzanov (bulgaria), Hristo Gutzanov (bulgaria)",cleaned_file.xlsx,Sheet1,471
Name,Gyurcsány Ferenc,Gyurcsány Ferenc (hungary),cleaned_file.xlsx,Sheet1,472
Name,Gyöngyösi Márton,Gyöngyösi Márton (hungary),cleaned_file.xlsx,Sheet1,473
Name,Habeck,Haback (germany),cleaned_file.xlsx,Sheet1,474
Name,Halla-Aho,"Jussi Halla-aho (finland), Jussi Halla-Aho (finland), Ilmari Nurmela Jussi Halla-aho (finland), Halla-Aho (finland)",cleaned_file.xlsx,Sheet1,475
Name,Hamerski,Hamerski (poland),cleaned_file.xlsx,Sheet1,476
Name,Hanna Gedin,Hanna Gedin (sweden),cleaned_file.xlsx,Sheet1,477
Name,Hanna Gronkiewicz-Waltz,H. Gronkiewicz-Waltz (poland),cleaned_file.xlsx,Sheet1,478
Name,Hanna Parkkinen,Hanna Parkkinen (finland),cleaned_file.xlsx,Sheet1,479
Name,Hannariina Rantala,Hannariina Rantala (finland),cleaned_file.xlsx,Sheet1,480
Name,Hans Neuhoff,Hans (germany),cleaned_file.xlsx,Sheet1,481
Name,Harald Lesch,Harald Lesch (germany),cleaned_file.xlsx,Sheet1,482
Name,Harkomo Orpo,Harkomo Orpo (finland),cleaned_file.xlsx,Sheet1,483
Name,Harri Pikkarainen,Harri Pikkarainen (finland),cleaned_file.xlsx,Sheet1,484
Name,Harrison Ford,Harrison Ford (croatia),cleaned_file.xlsx,Sheet1,485
Name,Harry Harkimo,Harry Harkimo (finland),cleaned_file.xlsx,Sheet1,486
Name,Hashem bin Al Abdullah,Hashem bin Al Abdullah (portugal),cleaned_file.xlsx,Sheet1,487
Name,Heidi Hautala,Heidi Hautala (finland),cleaned_file.xlsx,Sheet1,488
Name,Heidi Reichinnek,Heidi Reichinnek (germany),cleaned_file.xlsx,Sheet1,489
Name,Heikki Autto,auttoheikki (finland),cleaned_file.xlsx,Sheet1,490
Name,"Heinäluoma, Eero","Heinäluoma (finland), Eero Heinäluoma (finland)",cleaned_file.xlsx,Sheet1,491
Name,Helin Elfgren,"Elfgren (finland), Helin (finland)",cleaned_file.xlsx,Sheet1,492
Name,Helmut Schmidt,Helmut Schmidt (germany),cleaned_file.xlsx,Sheet1,493
Name,Helén Wahlgren,Helén Wahlgren (sweden),cleaned_file.xlsx,Sheet1,494
Name,Heléne Fritzon,"helene fritzon (sweden), Helene Fritzón (sweden), Helena Fritzon (sweden), Heléne Fritzon (sweden), Helene Fritzon (sweden)",cleaned_file.xlsx,Sheet1,495
Name,Henriina Rantala,Hennariikka Rantala (finland),cleaned_file.xlsx,Sheet1,496
Name,Hennig-Kloska,"P. Hennig-Kloska (poland), Hennig-Kloska (poland)",cleaned_file.xlsx,Sheet1,497
Name,Henrik Juhlin,Henrik Juhlin (sweden),cleaned_file.xlsx,Sheet1,498
Name,Henrik Meinander,Henrik Meinander (finland),cleaned_file.xlsx,Sheet1,499
Name,Henrik Wahlström,"Henrik Wahström (sweden), henrik wahlström (sweden), Henrik Wahlström (sweden)",cleaned_file.xlsx,Sheet1,500
Name,"Henriksson, Anna-Maja","Henriksson (finland), Anna-Maja Hendriksson (finland), Anna-Maja Henriksson (finland), Anna-Maja Hendrickson (finland), Maja Henriksson (finland), Anna-Maja Hendrikson (finland)",cleaned_file.xlsx,Sheet1,501
Name,Hermann Tertsch,"Herman Tertsch (spain), Hermann Terstch (spain), Hermann Tertsch (portugal), Hermann Tertsch (spain)",cleaned_file.xlsx,Sheet1,502
Name,Heute Show,Heute Show (germany),cleaned_file.xlsx,Sheet1,503
Name,Hillary Clinton,"Hillary Clinton (portugal), Klinton (bulgaria)",cleaned_file.xlsx,Sheet1,504
Name,Hjallis Harkimo,"Hjallis Harkimo (finland), Harkimo (finland)",cleaned_file.xlsx,Sheet1,505
Name,Holly Cairns,Holly Cairns (croatia),cleaned_file.xlsx,Sheet1,506
Name,Hop,"Hope! (spain), Hop (finland)",cleaned_file.xlsx,Sheet1,507
Name,Horała,Horała (poland),cleaned_file.xlsx,Sheet1,508
Name,Hristo Ivanov,"H. Ivanov (bulgaria), Hr.Ivanov (bulgaria)",cleaned_file.xlsx,Sheet1,509
Name,Hristo Petrov,"Hristo Petrov (bulgaria), Hristo (bulgaria), Petrov (bulgaria)",cleaned_file.xlsx,Sheet1,510
Name,Hubert Aiwanger,Hubert Aiwanger (germany),cleaned_file.xlsx,Sheet1,511
Name,Höck,Höck (germany),cleaned_file.xlsx,Sheet1,512
Name,IRL,"EU-MP IRL (sweden), IRL (sweden)",cleaned_file.xlsx,Sheet1,513
Name,Ignacio Garriga,Ignacio Garriga (spain),cleaned_file.xlsx,Sheet1,514
Name,Igor Peternel,Igor Peternel (croatia),cleaned_file.xlsx,Sheet1,515
Name,Iiris Suomela,Iiris Suomela (finland),cleaned_file.xlsx,Sheet1,516
Name,Ilhan Kyuchyuk,Ilhan Kyuchuk (bulgaria),cleaned_file.xlsx,Sheet1,517
Name,Ilian Vassilev,Ilyan Vassilev (bulgaria),cleaned_file.xlsx,Sheet1,518
Name,Iliana Benovska,Benovska (bulgaria),cleaned_file.xlsx,Sheet1,519
Name,Ilkka Nuotio,Ilkka Nuotio (finland),cleaned_file.xlsx,Sheet1,520
Name,Ilmari Nurminen,Ilmari Nurminen (finland),cleaned_file.xlsx,Sheet1,521
Name,Iltalehti,Iltalehti (finland),cleaned_file.xlsx,Sheet1,522
Name,Ingrida Šimonytė,Ingrida Simonyte (croatia),cleaned_file.xlsx,Sheet1,523
Name,Iniciativa Liberal,"iniciativa liberal (portugal), Iniciativa Liberl (portugal), Inicitativa Liberal (portugal), Iniciativa Liberal (portugal)",cleaned_file.xlsx,Sheet1,524
Name,Inka Hopsu,"Hopsu (finland), Inka hopsu (finland), Inka Hopsu (finland)",cleaned_file.xlsx,Sheet1,525
Name,International Criminal Court (ICC),ICC (germany),cleaned_file.xlsx,Sheet1,526
Name,Inês de Sousa Real,"Inês de Sousa Real (portugal), Real (portugal), Inês Sousa (portugal)",cleaned_file.xlsx,Sheet1,527
Name,Ione Belarra,"ione Belarra (spain), ione belarra (spain), Ione Belarra (spain), Ione Belara (spain)",cleaned_file.xlsx,Sheet1,528
Name,Iratxe García Pérez,Iratxe Gárcia Pérez (finland),cleaned_file.xlsx,Sheet1,529
Name,Irene Montero,"irenemontero (spain), irenemontero_ (spain), Montero (spain), Irenemontero_ (spain), Irene Moontero (spain), Irene Montero_ (spain), irene montero (spain), irene montero_ (spain), Irene Montero (spain)",cleaned_file.xlsx,Sheet1,530
Name,Isa Serra,"isa serra (spain), Isa Serra (spain), isaserras (spain)",cleaned_file.xlsx,Sheet1,531
Name,Isaac Herzog,Isaac Herzog (croatia),cleaned_file.xlsx,Sheet1,532
Name,Isabel Damasceno,Isabel Damasceno (portugal),cleaned_file.xlsx,Sheet1,533
Name,Isabel Díaz Ayuso,"Ayuso (spain), Díaz Ayuso (spain), díaz ayuso (spain), Isabel Pérez Ayuso (spain), Isabel Díaz Ayuso (spain)",cleaned_file.xlsx,Sheet1,534
Name,Isabella Lövin,"isabella lövin (sweden), Isabella Lövin (sweden), Isabella Löwin (sweden)",cleaned_file.xlsx,Sheet1,535
Name,Isabelle Le Callennec,Le (poland),cleaned_file.xlsx,Sheet1,536
Name,Iskra Mihaylova,Iskra Mihaylova (bulgaria),cleaned_file.xlsx,Sheet1,537
Name,Iskren Arabadjiev,Iskren Arabadjiev (bulgaria),cleaned_file.xlsx,Sheet1,538
Name,Iskren Ivanov,Iskren Ivanov (bulgaria),cleaned_file.xlsx,Sheet1,539
Name,Iskren Mitev,"Iskren mitev (bulgaria), Iskren Mitev (bulgaria)",cleaned_file.xlsx,Sheet1,540
Name,Ivalin Mihaylov,"Ivelin Mihaylov (bulgaria), Ivelin Miahaylov (bulgaria), Ivalin Mihaylov (bulgaria)",cleaned_file.xlsx,Sheet1,541
Name,Ivan Bedrov,Ivan Bedrov (bulgaria),cleaned_file.xlsx,Sheet1,542
Name,Ivan Geshev,"Geshev (bulgaria), Ivan Geshev (bulgaria)",cleaned_file.xlsx,Sheet1,543
Name,Ivan Hristanov,Ivan Hristanov (bulgaria),cleaned_file.xlsx,Sheet1,544
Name,Ivan Klarić,Ivan Klarić (croatia),cleaned_file.xlsx,Sheet1,545
Name,Ivan Kukavica,Ivan Kukavica (croatia),cleaned_file.xlsx,Sheet1,546
Name,Ivan Penava,Ivan Penava (croatia),cleaned_file.xlsx,Sheet1,547
Name,Ivan Puopolo,Ivan Puopolo (finland),cleaned_file.xlsx,Sheet1,548
Name,Ivan Šipić,Ivan Šipić (croatia),cleaned_file.xlsx,Sheet1,549
Name,Ivana Kekin,Ivana Kekin (croatia),cleaned_file.xlsx,Sheet1,550
Name,Ivana Mujkić,Ivana Mujkić (croatia),cleaned_file.xlsx,Sheet1,551
Name,Ivančica Pahor,"Ivančica Pohor (croatia), Ivančica Pahor (croatia)",cleaned_file.xlsx,Sheet1,552
Name,Ivaylo Mirchev,"Ivailo Mirchev (bulgaria), Ivaylo Mirchev (bulgaria)",cleaned_file.xlsx,Sheet1,553
Name,Ivaylo Vulchev,"Ivaylo Vulchev (bulgaria), Ivaylo Vultchev (bulgaria)",cleaned_file.xlsx,Sheet1,554
Name,Ive Ćaleta-Car,Ive Ćaleta-Car (croatia),cleaned_file.xlsx,Sheet1,555
Name,Ivica Dačić,Ivica Dačić (croatia),cleaned_file.xlsx,Sheet1,556
Name,Ivica Kukavica,Ivica Kukavica (croatia),cleaned_file.xlsx,Sheet1,557
Name,Ivica Todorić,Ivica Todorić (croatia),cleaned_file.xlsx,Sheet1,558
Name,Ivo Dimchev,Ivo Dimchev (bulgaria),cleaned_file.xlsx,Sheet1,559
Name,Ivo Hristov,"Ivo Hristov (bulgaria), Ivo hristov (bulgaria)",cleaned_file.xlsx,Sheet1,560
Name,Ivo Mirchev,"Ivo Mirchev (bulgaria), Ivo mirchev (bulgaria)",cleaned_file.xlsx,Sheet1,561
Name,Iván Espinosa de los Monteros,iván espinosa de los moteros (spain),cleaned_file.xlsx,Sheet1,562
Name,Izabela Leszczyna,I. Leszczyna (poland),cleaned_file.xlsx,Sheet1,563
Name,Izquierda Unida,"izquierda unida (spain), Izquierda unida (spain), Izquierda Unida (spain)",cleaned_file.xlsx,Sheet1,564
Name,J. Borowiak,J. Borowiak (poland),cleaned_file.xlsx,Sheet1,565
Name,J. Grabiec,J. Grabiec (poland),cleaned_file.xlsx,Sheet1,566
Name,J. Saryusz-Wolski,"J. Saryusz-Wolski (poland), J (france)",cleaned_file.xlsx,Sheet1,567
Name,José Luis Ábalos,JL Abalos (spain),cleaned_file.xlsx,Sheet1,568
Name,JL Melenchon,L Melemchon (france),cleaned_file.xlsx,Sheet1,569
Name,JM Margallo,JM Margallo (spain),cleaned_file.xlsx,Sheet1,570
Name,Jaak Madison,Jaak Madison (portugal),cleaned_file.xlsx,Sheet1,571
Name,Jaana Sandström,Jaana Sandström (finland),cleaned_file.xlsx,Sheet1,572
Name,Jabłoński,Jabłoński (poland),cleaned_file.xlsx,Sheet1,573
Name,Jacek Krzysztof Karnowski,Karnowski (poland),cleaned_file.xlsx,Sheet1,574
Name,Jacek Kurski,"J. Kurski (poland), Kurski (poland)",cleaned_file.xlsx,Sheet1,575
Name,Jacek Ozdoba,Ozdoba (poland),cleaned_file.xlsx,Sheet1,576
Name,Jacques Attali,Jacque Attali (france),cleaned_file.xlsx,Sheet1,577
Name,Jadwiga Wiśniewska,Wiśniewska (poland),cleaned_file.xlsx,Sheet1,578
Name,Jair Bolsonaro,"Jair Bolsonaro (portugal), Bolsonaro (hungary)",cleaned_file.xlsx,Sheet1,579
Name,Jakab Péter,Jakab Péter (hungary),cleaned_file.xlsx,Sheet1,580
Name,Jakop Dalunde,"Jakob Dalunda (sweden), jakob dalunde (sweden)",cleaned_file.xlsx,Sheet1,581
Name,Jakub Wilk,Wilk (poland),cleaned_file.xlsx,Sheet1,582
Name,Jakubiak,Jakubiak (poland),cleaned_file.xlsx,Sheet1,583
Name,Jan Björklund,Jan Björklund (sweden),cleaned_file.xlsx,Sheet1,584
Name,Jan Emanuel,"JAn Emanuel (sweden), Jan Emanuel (sweden)",cleaned_file.xlsx,Sheet1,585
Name,Jan Kanthak,Kanthak (poland),cleaned_file.xlsx,Sheet1,586
Name,Jan Mišković,Jan Mišković (croatia),cleaned_file.xlsx,Sheet1,587
Name,Jan Vapaavuori,Jan Vapaavuori (finland),cleaned_file.xlsx,Sheet1,588
Name,Jani Mäkelä,Jani Mäkelä (finland),cleaned_file.xlsx,Sheet1,589
Name,Janine Wissler,Janine Wissler (germany),cleaned_file.xlsx,Sheet1,590
Name,Janis Varufakis,Janis Varufakis (bulgaria),cleaned_file.xlsx,Sheet1,591
Name,Janne Hirvasvuo,Janne Hirvasvoipio (finland),cleaned_file.xlsx,Sheet1,592
Name,Janne Sankelo,"Sankelo (finland), Janne Sankelo (finland)",cleaned_file.xlsx,Sheet1,593
Name,Janusz Kowalski,Kowalski (poland),cleaned_file.xlsx,Sheet1,594
Name,Janusz Lewandowski,"J. Lewandowski (poland), Janusz Lewandowski (bulgaria), Lewandowski (poland)",cleaned_file.xlsx,Sheet1,595
Name,Jari Koskela,Jari Koskela (finland),cleaned_file.xlsx,Sheet1,596
Name,Jarosław Kaczyński,Kaczynski (poland),cleaned_file.xlsx,Sheet1,597
Name,Jaume Duch,Jaume Duch (spain),cleaned_file.xlsx,Sheet1,598
Name,Javier Cárdenas,"Javier Cardenas (spain), Javier Cárdenas (spain)",cleaned_file.xlsx,Sheet1,599
Name,Javier Milei,"Javier Millei (croatia), Milei (spain), Javier Milei (portugal), Javier Milei (spain), milei (spain), Milei (finland)",cleaned_file.xlsx,Sheet1,600
Name,Javier Negre,Javier Negre (spain),cleaned_file.xlsx,Sheet1,601
Name,Javier Ortega Smith,"Javier Ortega Smith (spain), Ortega Smith (spain)",cleaned_file.xlsx,Sheet1,602
Name,Jean Lassalle,"Jean Lassalle (france), Lassalle (france)",cleaned_file.xlsx,Sheet1,603
Name,Jean Marc Zulesi,Jean Marc Zulesi (france),cleaned_file.xlsx,Sheet1,604
Name,Jean Messiha,Jean Messiha (france),cleaned_file.xlsx,Sheet1,605
Name,Jean-Luc Mélenchon,"Jean-Luck Mélenchon (france), Mélenchon (france), Jean Luc Mélenchon (france), Jean-Luc Mélenchon (france)",cleaned_file.xlsx,Sheet1,606
Name,Jean-Marc Jancovici,Jean-Marc Jancovici (france),cleaned_file.xlsx,Sheet1,607
Name,Jean-Marie Le Pen,Jean Marie Le Pen (france),cleaned_file.xlsx,Sheet1,608
Name,Jelena Miloš,Jelena Miloš (croatia),cleaned_file.xlsx,Sheet1,609
Name,Jenna Simula,Jenna Simula (finland),cleaned_file.xlsx,Sheet1,610
Name,Jenni Jokelainen,Nina Ratilainen Jenni Jokelainen (finland),cleaned_file.xlsx,Sheet1,611
Name,Jenni Pitko,Jenni Pitko (finland),cleaned_file.xlsx,Sheet1,612
Name,Jennifer Aniston,Jennifer Aniston (croatia),cleaned_file.xlsx,Sheet1,613
Name,Jens Riewa,Jens Riewa (germany),cleaned_file.xlsx,Sheet1,614
Name,Jens Spahn,Jens Spahn (germany),cleaned_file.xlsx,Sheet1,615
Name,Jens Stoltenberg,"Jens Stoltenberg (croatia), Jens Stoltenberg (sweden)",cleaned_file.xlsx,Sheet1,616
Name,Jeremy Corbyn,"Jeremy Corby (croatia), Jeremy Corbyn (croatia)",cleaned_file.xlsx,Sheet1,617
Name,Jeroen Lenaers,Jeroen Lenaers (bulgaria),cleaned_file.xlsx,Sheet1,618
Name,Jesper Olsson,Jesper Olsson (sweden),cleaned_file.xlsx,Sheet1,619
Name,Jess Phillips,Jess Phillips (croatia),cleaned_file.xlsx,Sheet1,620
Name,Jessi Jokelainen,Jessi Jokelainen (finland),cleaned_file.xlsx,Sheet1,621
Name,Jessica Stegrud,Jessica Stegrud (sweden),cleaned_file.xlsx,Sheet1,622
Name,Jill Ellen Stein,"Jill Stein (croatia), Jill Stein (portugal)",cleaned_file.xlsx,Sheet1,623
Name,Jimmie Åkesson,"Jimmie Åkesson (spain), jimmie åkesson (sweden), JImmie Åkesson (sweden), Jimmie Åkesson (sweden), Jimmie Äkesson (sweden), Jimmy Åkesson (sweden)",cleaned_file.xlsx,Sheet1,624
Name,Jimmy Fallon,Jimmy Fallon (croatia),cleaned_file.xlsx,Sheet1,625
Name,Jiri Mäntysalo,Jiri Mäntysalo (finland),cleaned_file.xlsx,Sheet1,626
Name,Joachim Brudziński,J. Brudziński (poland),cleaned_file.xlsx,Sheet1,627
Name,Joachim Gauck,Joachim Gauck (germany),cleaned_file.xlsx,Sheet1,628
Name,Joakim Vigelius,"Vigelius (finland), Joakim Vigelois (finland), Joakim Vigelius (finland)",cleaned_file.xlsx,Sheet1,629
Name,Joan Baldoví,"Joan Baldovi (spain), Joan (poland), joan baldoví (spain)",cleaned_file.xlsx,Sheet1,630
Name,Joana Amaral Dias,Joana Amaral Dias (portugal),cleaned_file.xlsx,Sheet1,631
Name,Joana Mortágua,"Joana Mortágua (portugal), Joana Mortagua (portugal), Joama Mortagua (portugal), Joana Mortagu (portugal)",cleaned_file.xlsx,Sheet1,632
Name,Joanna Kamińska,"Kaminska (poland), Joanna Kaminska (poland)",cleaned_file.xlsx,Sheet1,633
Name,Joanna Scheuring-Wielgus,"Scheuring-Wielgus (poland), Joanna Scheuring-Wielgus (poland)",cleaned_file.xlsx,Sheet1,634
Name,Joanna Senyszyn,Senyszyn (poland),cleaned_file.xlsx,Sheet1,635
Name,Joao Cotrim,"Joao Cotrim Figueiredo (portugal), Joao Cotrim (portugal)",cleaned_file.xlsx,Sheet1,636
Name,Joaquín Bosch,Joaquin Bosch (spain),cleaned_file.xlsx,Sheet1,637
Name,Jocka Träskbäck,"Jocka Träskbäck (finland), Träskbäck (finland), Jocke Träskbacka (finland)",cleaned_file.xlsx,Sheet1,638
Name,Joe Biden,"Biden (bulgaria), Joe Biden (finland), Biden (spain), Biden (hungary), Joe Biden (sweden), Biden (poland), Biden Harris (finland), Joe Biden (germany), Joe Biden (croatia), Biden (finland), Joe Biden (portugal), Joe Biden (bulgaria), Biden (germany)",cleaned_file.xlsx,Sheet1,639
Name,Johan Danielsson,"johan danielsson (sweden), Johan Danielsson (sweden)",cleaned_file.xlsx,Sheet1,640
Name,Johan Pehrson,"Johan Pehrson (sweden), Johan Person (sweden)",cleaned_file.xlsx,Sheet1,641
Name,Johanna Ekman,Ekman (finland),cleaned_file.xlsx,Sheet1,642
Name,Johannes Rauch,Johannes Rauch (croatia),cleaned_file.xlsx,Sheet1,643
Name,John Mearsheimer,"John Mearsheimer (bulgaria), Mearsheimer (bulgaria)",cleaned_file.xlsx,Sheet1,644
Name,John Oliver,Jon Oliver (croatia),cleaned_file.xlsx,Sheet1,645
Name,Jonas Sjöstedt,"Jonas S (sweden), Jonas S. (sweden)",cleaned_file.xlsx,Sheet1,646
Name,Joona Räsänen,Joona Räsänen (finland),cleaned_file.xlsx,Sheet1,647
Name,Joonas Pesonen,Joonas Peso (finland),cleaned_file.xlsx,Sheet1,648
Name,Jordan Bardella,"Raphael Glucksmann Jordan Bardella Alma Dufur Louis Boyard Francois Raffin JL Melenchon Mathilde Panot Marion Marechal Eric Zemmour (france), JL Melenchon Valerie Heyer Jordan Bardella Marine Cholley Marion Marechal Emmanuel Macron Eric Zemmour Le Pen (france), Jordan Bardella (france), Jordan Bardella Manon Aubry JL Melenchon David Guiraud Sebastien Delogu Rima Hassan Marine Le Pen Valerie Hayer (france), Clemence Guette Marion Marechal Mathilde Panot Manon Aubry Eric Zemmour Marine Le Pen Valerie Hayer Jordan Bardella Alma Dufour (france), Emmanuel Macron Jordan Bardella Valerie Hayer Raphael Glucksmann Florian Philoppot (france), Louis Boyard Jordan Bardella Jl Melanchon Gabriel Attal Marie Toussaint (france), Manon Aubry Eric Zemmour Raphalel Glucksmann Emmanuel Macron Valerie Hayer Marion Marechal Sebastien Delogu Jordan Bardella (france), Marion Marechal Jordan Bardella Nikola Sqrkozy Valerie Hayer Mathile Panot Valerie Pecresse Marine le Pen (france), Leaument Eric Zemmour Gavbiel Attal Marine Le Pen Valerie Hayer Jordan Bardella Marion Marechal Leon Deffontaine Emmanuel Macron Xavier Bellamy (france), Manon Aubry Marine Le Pen Jordan Bardella Emmanuel Macron (france), Marie Toussaint Gabriel Attal Jordan Bardella Manon Aubry Joe Biden Emmanuel Macron Xavier Bellany Nicolas Sarkozy Louis Boyard (france), Mayer Habib David Guiraud Antoine Leaument Louis Boyard Jean-Luc Melenchon Jordan Bardella Manon Aubry (france), Caron Aymeric Manuel Bompard Jordan Bardella Manon Aubry Jean Luc Melenchon Habib Hayer (france), Marie Toussaint Marion Marechal Gabriel Attal Jordan Bardella Raphael Glucksmann Manon Aubry (france), Emmanuel Macron François Raffin Eric Ciotti louis Boyard Jordan Bardella Manon Aubry (france), Marion Marechal Jordan Bardella Gabriel Attal Manuel Bomard Xavier Bellamy (france), Jordan Bardella Gabriel Attal Marine Le Pen Emanuel Macron Vaérie Hayer Marine Toussaint Eric Zemmour Audray Manon (france), Manon Aubry Rima Hassan Mathilde Panot Marion Marechal Antoine Leaument Jordan Bardella (france), Manon Aubry Jordan Bardella Jean Luc Melenchon Marine Le Pen (france), Atoine Leament Mayer Habib Manuel Bompard Manon Aubry Jordan Bardella Mathilde Panot Sebastien Delogu (france), Jordan Bardella Louis Boyard JL Melenchon Gabriel Attal Emmanuel Macron (france), Clémence Guette Emmanuel Macron David Guiraud Jordan Bardella gabriel attal Marie Toussaint Raphael Glucksmann Valerie Hayer Manon Aubery (france), Valérie Hayer Jordan Bardella Raphael Glucksmann Leon Deffonaine Emmanuel Macron (france), Valerie Hayer Kelil Khemiri Manon Aubry Jean Luc Melenchon Jordan Bardella Boyard Louis Florian Philoppot (france), Marine Chaulay Emmanuel Macron Jordan Bardella louis Boyard Joe Biden Marine Le Pen Antoine Leaument JL Melenchon Manon Aubry Leon Deffontaines (france), Bardella (finland), Jordan Bardella Gabriel Attal (france), Manon Aubry Emmanuel Macron David Guiraud Rima Hassan JM Melenchon Marion Marechal Jordan Bardella Gabriel Attal Valerie Hayer Louis Boyard (france), Manon Aubry Jordan Bardella E Macron JM le Pen Marion Marechal Xavier Bellany rima hassan (france), Mayer Habib Jordan Bardella Emmanuel Macron Manon Aubry (france), Jordan Badrella (france), Sebastien Delogu Emmanuel Macron David Guiraud Rima Hassan Alma Dufour Antoine Leaument Jordan Bardella gabriel attal (france), Bardella (france), Mathilde Panot Adrien Quatennens Jordan Bardella Emmanuel Macron (france), Manon Aubry JL Melenchon Jordan Bardella Gabriel Attal Marion Marechal Aymric Caron Mathilde Panot louis Boyard (france), Marion Marechal Emmanuel Macron A. Leaument JL Melenchon Jordan Bardella Marie Toussaint (france), Marion Marechal Manon Aubry Antoine Leaument Jordan Bardella Manuel Bompard (france), Louis Boyard Jordan Bardella Valerie Hayer David Guiraud (france), Gabriel Attal Marion Marechal Jordan Bardella Rafael Glucksmann Marie Toussaint Valerie Hayer LeonDeffontaine Bellany (france), Marion Marechal Antoine Leaument Eric Zemmour JL Melenchon Valerie Hayer Jordan Bardella Valerie Pecresse Emmanuel Macron Louis Boyard Velerie Hayer Jordan Bardella Xavier Bellamy (france), Antoine Leaument Jordan Bardella Marine Le Pen JL Melenchon Nikolas Sarkozy Louis Boyard Gabriel Attal (france), Jordan Bardella (bulgaria), Mathilde Panot Louis Boyard Marine Le Pen Manuel Bompard Jordan Bardella Aymeric Caron Sebastien Delogu Marie Toussaint Manon Aubry Xavier Bellany Rafael Glucksmann Alma Dufour Marion Marechal (france), Jordan Bardella (portugal), Jordan Bardella Gabriel Attal Eric Ciotti Joe Biden (france), David Giraud Mayer Habib Louis Broyard Sebastien Delogu JL Melenchon Marion Marechal Jordan Bardella Emmanuel Macron Valerie Hayer (france), Marine Cholley Nikolas Sarkozy Eric Ciotti JL Melenchon Emmanuel Macron Jordan Bardella Raphael Glucksmann Louis Boyard (france), Manon Aubry Mathilde Panot Jordan Bardella JL Melenchon Aymeric Caron (france), Jordan Bardella Marine Le Pen David Guiraud François Raffin Gabriel Attal (france), Rima Hassan JL Melenchon Giraud David Emmanuel Macron Nikolas Sarkozy Marion Marechal Mayer Habib Manon Aubry Jordan Bardella (france), Jordan Bardella Sebastien Delogu Valerie Hayer (france), Louis Boyard Marine Le Pen Jordan Bardella Francois Ruffin Emmanuel Macron (france), Gabriel Attal Nocolas Sarkozy Jordan Bardella Manon Aubry Eric Zemmour Marie Toussaint (france), Mayer Habib David Guiraud Marine Le Pen Gabrial Attal Mamon Aubry Mathile Panot Manuel Bompard Jordan Bardella Marion Marechan Sergey Lavrov (france), Gabriel Attal JL Melenchon Vladimir Putin Jordan Bardella Valerie Hayer Louis Boyard (france), David Guiraud Manon Aubry Jordan Bardella François Ruffin Gabriel Attal (france), David Guiraud Jordan Bardella François Raffin Manon Aubry Emmanuel Macron (france), Louis Boyard Marion Marechal Valerie Hayer Gabriel Attal Maria Zakharova Jordan Bardella JL Melenchon David Guiraud (france), Rafael Glucksmen Jordan Bardella Manon Aubry (france)",cleaned_file.xlsx,Sheet1,649
Name,Jordi Cañas,Jordi Cañas (spain),cleaned_file.xlsx,Sheet1,650
Name,Jorge Buxadé,"Buxadé (spain), Jorge Buxadé (spain)",cleaned_file.xlsx,Sheet1,651
Name,Jorge Garriga,Jorge Garriga (spain),cleaned_file.xlsx,Sheet1,652
Name,Jose Maria Aznar,Jose Maria Aznar (spain),cleaned_file.xlsx,Sheet1,653
Name,Josep Borrell,"Borrell (spain), Josep Borrell (croatia), Josep Borrell (spain), J. Borrell (spain), J Borrell (spain), Josep Borell (croatia)",cleaned_file.xlsx,Sheet1,654
Name,Josip Broz Tito,Josip Broz Tito (croatia),cleaned_file.xlsx,Sheet1,655
Name,Josip Dabro,Josip Dabro (croatia),cleaned_file.xlsx,Sheet1,656
Name,Josip Jurčević,Josip Jurčević (croatia),cleaned_file.xlsx,Sheet1,657
Name,José Antonio Rovira,Jose Antonio Rovira (spain),cleaned_file.xlsx,Sheet1,658
Name,José Gusmão,José Gusmão (portugal),cleaned_file.xlsx,Sheet1,659
Name,José Ignacio García,"Ignacio García (spain), Jose Ignacio Garcia (spain)",cleaned_file.xlsx,Sheet1,660
Name,José Luis Martínez-Almeida,José Luis Martínez Almmeidaa (spain),cleaned_file.xlsx,Sheet1,661
Name,José Luis Rodríguez Zapatero,"zapatero (spain), Zapatero (spain), JL Rodríguez Zapatero (spain), Rodríguez Zapatero (spain), JL. Rodríguez Zapatero (spain), José Luis Rodríguez Zapatero (spain), R. Zapatero (spain)",cleaned_file.xlsx,Sheet1,662
Name,José Manuel Albares,"José Manuel Albares (spain), Jose Manuel Albares (spain)",cleaned_file.xlsx,Sheet1,663
Name,José Mujica,José Mujica (spain),cleaned_file.xlsx,Sheet1,664
Name,José Pacheco,José Pacheco (portugal),cleaned_file.xlsx,Sheet1,665
Name,José Pinto Coelho,José Pinto Coelho (portugal),cleaned_file.xlsx,Sheet1,666
Name,José Soeiro,José Soeiro (portugal),cleaned_file.xlsx,Sheet1,667
Name,José Sócrates,"José Socrates (portugal), José Sócrates (portugal)",cleaned_file.xlsx,Sheet1,668
Name,Jouni Jussiniemi,"Jouni Jussiniemi (finland), Jouni Jussinie (finland), Jussiniemi (finland)",cleaned_file.xlsx,Sheet1,669
Name,João Cotrim de Figueiredo,"João Cotrim Figueiredo (portugal), Cotrim (portugal), João Contrim de Figueiredo (portugal), João Cotrim de Figueiredo (portugal), João Cotrim (portugal)",cleaned_file.xlsx,Sheet1,670
Name,João Ferreira,João Ferreira (portugal),cleaned_file.xlsx,Sheet1,671
Name,João Galamba,João Galamba (portugal),cleaned_file.xlsx,Sheet1,672
Name,João Oliveira,"João Oliverira (portugal), João Oliveira (portugal), joão Oliverira (portugal)",cleaned_file.xlsx,Sheet1,673
Name,João Rodrigues,João Rodrigues (portugal),cleaned_file.xlsx,Sheet1,674
Name,Juan Carlos Girauta,"Juan Carlos Girauta (spain), Sand Juan Carlos Girauta (spain)",cleaned_file.xlsx,Sheet1,675
Name,Juan Diego Requena,Juan Diego Requena (spain),cleaned_file.xlsx,Sheet1,676
Name,Juan Espadas,Juan Espadas (spain),cleaned_file.xlsx,Sheet1,677
Name,Juan Lobato,"juanlobato (spain), Lobato (spain), Juan Lobato (spain)",cleaned_file.xlsx,Sheet1,678
Name,Juan Manuel Moreno Bonilla,Juanma moreno Bonilla (spain),cleaned_file.xlsx,Sheet1,679
Name,Judith Butler,Judith Butler (finland),cleaned_file.xlsx,Sheet1,680
Name,Juha Huhtala,"Huhtala (finland), Juha Huhtala (finland)",cleaned_file.xlsx,Sheet1,681
Name,Juho Salmi,Juho Salmi (finland),cleaned_file.xlsx,Sheet1,682
Name,Jukka Kopra,Jukka Kopra (finland),cleaned_file.xlsx,Sheet1,683
Name,Jukka Polvinen,Polvinen (finland),cleaned_file.xlsx,Sheet1,684
Name,Julia Sangervo,"Julia Sangervo (finland), juliaSangervo (finland), Sangervo (finland)",cleaned_file.xlsx,Sheet1,685
Name,Julia Ståhle,Julia Ståhle (finland),cleaned_file.xlsx,Sheet1,686
Name,Julian Assange,Julian Assange (sweden),cleaned_file.xlsx,Sheet1,687
Name,Julian Nagelsmann,Nagelsmann (germany),cleaned_file.xlsx,Sheet1,688
Name,Julien Odoul,Julien Odoul (france),cleaned_file.xlsx,Sheet1,689
Name,Julien Rochedy,Julien Rochedy (france),cleaned_file.xlsx,Sheet1,690
Name,Julien Sanchez,"P. Sanchez (spain), Sanchez (spain)",cleaned_file.xlsx,Sheet1,691
Name,Junts per Catalunya (Junts),Junts (spain),cleaned_file.xlsx,Sheet1,692
Name,Jussi Hiippavuori,Hiippavuori (finland),cleaned_file.xlsx,Sheet1,693
Name,Justin Trudeau,"Justin Trudeau (portugal), Justin Trudeau (spain), Trudeau (poland), Justin JP Trudeau (finland), Justin Trudeau (bulgaria), Trudeau (hungary), Justin Trudeau (germany), Justin Trudeau (croatia), Trudeau (finland), Trudeau (bulgaria)",cleaned_file.xlsx,Sheet1,694
Name,Justyna Krasowicz,Krasowicz (poland),cleaned_file.xlsx,Sheet1,695
Name,Justyna Walker,Justyna Walker (poland),cleaned_file.xlsx,Sheet1,696
Name,Jutta Urpilainen,Urpilainen (finland),cleaned_file.xlsx,Sheet1,697
Name,Juventudes Socialistas,"Juventudes Socialistas (spain), PP. Juventudes Socialistas (spain)",cleaned_file.xlsx,Sheet1,698
Name,Józefaciuk,Józefaciuk (poland),cleaned_file.xlsx,Sheet1,699
Name,Jörg Urban,Joerg Urban (germany),cleaned_file.xlsx,Sheet1,700
Name,K. Ber,K. Ber (poland),cleaned_file.xlsx,Sheet1,701
Name,K. Kostadionov,"k (portugal), K Kostadinov (bulgaria), K. Kostadinov (bulgaria), K. Kostadionov (bulgaria)",cleaned_file.xlsx,Sheet1,702
Name,K. Perczyńska Nałęcz,K. Perczyńska Nałęcz (poland),cleaned_file.xlsx,Sheet1,703
Name,Kai Tegethoff,Kai Tegethoff (croatia),cleaned_file.xlsx,Sheet1,704
Name,Kaisa Garedew,Kaisa Garedew (finland),cleaned_file.xlsx,Sheet1,705
Name,Kaisa Jussila,Kaisa Jussila (finland),cleaned_file.xlsx,Sheet1,706
Name,Kaisu Juuso,kaisu juuso (finland),cleaned_file.xlsx,Sheet1,707
Name,Kaja Kallas,Kaja Kallas (croatia),cleaned_file.xlsx,Sheet1,708
Name,Kaleta,"S. Kaleta (poland), Kaleta (poland)",cleaned_file.xlsx,Sheet1,709
Name,Kalin Stoyanov,Kalin Stoyanov (bulgaria),cleaned_file.xlsx,Sheet1,710
Name,Kamala Harris,"Kamala Harris (croatia), Kamala Harris (sweden)",cleaned_file.xlsx,Sheet1,711
Name,Kamila Gasiuk-Pihowicz,Kamila Gasiuk (poland),cleaned_file.xlsx,Sheet1,712
Name,Kamysz-Kosiniak,Kamysz-Kosiniak (poland),cleaned_file.xlsx,Sheet1,713
Name,Karczewski,Karczewski (poland),cleaned_file.xlsx,Sheet1,714
Name,Karin Karlsbro,"Karin Karlsbro (sweden), Karin Karlsberg (sweden)",cleaned_file.xlsx,Sheet1,715
Name,Karl Lauterbach,"Karl Lauterbach (germany), Lauterbach (germany)",cleaned_file.xlsx,Sheet1,716
Name,Karl Nehammer,"Karl Nehammer (croatia), Karl Nehammer (bulgaria)",cleaned_file.xlsx,Sheet1,717
Name,Karl Persson,Karl Persson (sweden),cleaned_file.xlsx,Sheet1,718
Name,Karl-Theodor zu Guttenberg,Karl-Theodor Guttenberg (germany),cleaned_file.xlsx,Sheet1,719
Name,Karlo Ressler,Karlo Ressler (croatia),cleaned_file.xlsx,Sheet1,720
Name,Karolina Vidović Krišto,Karolina Vidović Krišto (croatia),cleaned_file.xlsx,Sheet1,721
Name,Karoline Edtstadler,"Karoline Edtstadler (portugal), Karoline Edtstadler (croatia), Karoline Edstadler (croatia)",cleaned_file.xlsx,Sheet1,722
Name,Karsay Ferenc,Karsay Ferenc (hungary),cleaned_file.xlsx,Sheet1,723
Name,Karski,Karski (poland),cleaned_file.xlsx,Sheet1,724
Name,"Katainen, Elsi","Katainen (finland), Elsi Kaltainen (finland), Elsi Katainen (finland)",cleaned_file.xlsx,Sheet1,725
Name,Katarina Barley,"Katharina Barley (germany), Katarina Barley (germany), Barley (germany)",cleaned_file.xlsx,Sheet1,726
Name,Katarina Peović,Katarina Peović (croatia),cleaned_file.xlsx,Sheet1,727
Name,Katarzyna Kotula,"Katarzyna Kotula (poland), Kotula (poland)",cleaned_file.xlsx,Sheet1,728
Name,Katarzyna Pełczyńska-Nałęcz,"Pelczynska-Nalecz (poland), Katarzyna Pelczynska-Nalecz (poland), Katarzyna Pelczynska (poland)",cleaned_file.xlsx,Sheet1,729
Name,Katin Karl,Katin Karl (sweden),cleaned_file.xlsx,Sheet1,730
Name,Katrin Goering Eckert,Katrin Goering Eckert (germany),cleaned_file.xlsx,Sheet1,731
Name,Katrin Göring-Eckardt,"Katrin Göring-Eckardt (germany), Karin Goering-Eckhart (germany)",cleaned_file.xlsx,Sheet1,732
Name,Katrin Wissing,"Katrin Wissin (sweden), Katrin Wissing (sweden)",cleaned_file.xlsx,Sheet1,733
Name,Kay Gottschalk,Kay Gottschalk (germany),cleaned_file.xlsx,Sheet1,734
Name,Keir Starmer,Keir Starmer (croatia),cleaned_file.xlsx,Sheet1,735
Name,Kevin Kühnert,Kevin Kühnert (germany),cleaned_file.xlsx,Sheet1,736
Name,Kevin Spacey,Kevin Spacey (croatia),cleaned_file.xlsx,Sheet1,737
Name,Kierwińki,Kierwińki (poland),cleaned_file.xlsx,Sheet1,738
Name,Kim Berg,"Kim Berg (finland), Kim berg (finland)",cleaned_file.xlsx,Sheet1,739
Name,Kim Jong-un,"Kim jong un (germany), Kim Jong Un (hungary)",cleaned_file.xlsx,Sheet1,740
Name,Kimmo Kiljunen,Kiljunen (finland),cleaned_file.xlsx,Sheet1,741
Name,Kimmo Sasi,Kimmo Sasi (finland),cleaned_file.xlsx,Sheet1,742
Name,Kiril Petkov,"Kiril Petkow (bulgaria), Petkov (bulgaria), Kiril (bulgaria), Kiril Petkov (bulgaria), K. Petkov (bulgaria), kiril Petkov (bulgaria)",cleaned_file.xlsx,Sheet1,743
Name,Kiril Vesselinski,"Kiril Vesselinski (bulgaria), Kiril Veselinski (bulgaria)",cleaned_file.xlsx,Sheet1,744
Name,Kiro Brejka,Kiro Brejka (bulgaria),cleaned_file.xlsx,Sheet1,745
Name,Klaas Heufer-Umlauf,Klaas Heufer-Umlauf (germany),cleaned_file.xlsx,Sheet1,746
Name,Klaus Bernpaintner,Klaus Bernpaintner (sweden),cleaned_file.xlsx,Sheet1,747
Name,Klaus Iohannis,"Klaus Iohannis (croatia), Klaus Iohannis (bulgaria)",cleaned_file.xlsx,Sheet1,748
Name,Klimaliste,"Klimaliste party (germany), Klimaliste (germany)",cleaned_file.xlsx,Sheet1,749
Name,Klimatallians,Klimatallians (sweden),cleaned_file.xlsx,Sheet1,750
Name,Klára Dobrev,"dobrev (hungary), Dobrev Klára (hungary), Dobrev Klara (hungary)",cleaned_file.xlsx,Sheet1,751
Name,Koalicja Obwatelska,"Koalicja Obywatelski (poland), Koalcija Obywatelska (poland), Koalicja Obywatelska (poland), Coalicja Obywatelska (poland), Koalicja Obwatelska (poland)",cleaned_file.xlsx,Sheet1,752
Name,Kolarski,Kolarski (poland),cleaned_file.xlsx,Sheet1,753
Name,Kommunistiska Partiet Göteborg,Kommunistiska Partiet Göteborg (sweden),cleaned_file.xlsx,Sheet1,754
Name,Konrad Adenauer,"Konrad Adenauer (germany), Adenauer (hungary)",cleaned_file.xlsx,Sheet1,755
Name,Konrad Berkowicz,"K.Berkowicz (poland), Bierkowicz (poland), K Berkowicz (poland), K. Berkowicz (poland), Konrad Berkowicz (poland), Berkowicz (poland)",cleaned_file.xlsx,Sheet1,756
Name,Konstantin von Notz,Konstantin von Notz (germany),cleaned_file.xlsx,Sheet1,757
Name,Kornelia Ninova,"Cornelia Ninova (bulgaria), Korneliya Ninova (bulgaria)",cleaned_file.xlsx,Sheet1,758
Name,Korwin-Mikke,"Korwin-Mikke (poland), Janusz Korwin-Mikke (poland)",cleaned_file.xlsx,Sheet1,759
Name,Kostadin Kostadinov,"Kostadin Kostadinoc (bulgaria), Kostadinov (bulgaria), Kostadin Kostadinov (bulgaria), Kostadin kostadinov (bulgaria)",cleaned_file.xlsx,Sheet1,760
Name,Kostadin Paskalev,Kostadin Paskalev (bulgaria),cleaned_file.xlsx,Sheet1,761
Name,Kovács Gergely,Kovács Gergely (hungary),cleaned_file.xlsx,Sheet1,762
Name,Krall,"M. Krall (germany), Krall (germany)",cleaned_file.xlsx,Sheet1,763
Name,Krasimir Karakachanov,"Krasimir Karakachanov (bulgaria), Krassimir Karakachanov (bulgaria), Karakachanov (bulgaria)",cleaned_file.xlsx,Sheet1,764
Name,Krasowicz Justyna,J. Krasowicz (poland),cleaned_file.xlsx,Sheet1,765
Name,Krass,Krass (germany),cleaned_file.xlsx,Sheet1,766
Name,Krista Kiuru,Krista Kiuru (finland),cleaned_file.xlsx,Sheet1,767
Name,Krista Mikkonen,Krista Mikkonen (finland),cleaned_file.xlsx,Sheet1,768
Name,Kristian Vigenin,"Kristiyan Vigenin (bulgaria), Kristian Vigenin (bulgaria)",cleaned_file.xlsx,Sheet1,769
Name,Kristina Baum,Kristina Baum (germany),cleaned_file.xlsx,Sheet1,770
Name,Kristofer Bergman,kristofer bergman (sweden),cleaned_file.xlsx,Sheet1,771
Name,Krzysztof Bosak,"K. Bosak (poland), Krzysztof Bosak (poland), Bosak (poland)",cleaned_file.xlsx,Sheet1,772
Name,Krzysztof Brejza,"Krzysztof Brejza (poland), K. Brejza (poland)",cleaned_file.xlsx,Sheet1,773
Name,Krzysztof Gawkowski,Gawkowski (poland),cleaned_file.xlsx,Sheet1,774
Name,Krzysztof Hetman,K. Hetman (poland),cleaned_file.xlsx,Sheet1,775
Name,Krzysztof Kwiatkowski,"K. Kwiatkowski (poland), Krzysztof Kwiatkowski (poland)",cleaned_file.xlsx,Sheet1,776
Name,Krzysztof Pamuła,Pamuła (poland),cleaned_file.xlsx,Sheet1,777
Name,Krzysztof Śmiszek,Krzysztof Smiszek (poland),cleaned_file.xlsx,Sheet1,778
Name,Kuehnert,"Kevin Kuehnert (germany), Kuehnert (germany)",cleaned_file.xlsx,Sheet1,779
Name,Kuivalainen,Kuivalainen (finland),cleaned_file.xlsx,Sheet1,780
Name,Kulja Viktor,Kulja Viktor (hungary),cleaned_file.xlsx,Sheet1,781
Name,"Kulmuni, Katri","Kulmuni (finland), Katri Kulmuni (finland)",cleaned_file.xlsx,Sheet1,782
Name,Kuzman Iliev,Kuzman Iliev (bulgaria),cleaned_file.xlsx,Sheet1,783
Name,"Kyllönen, Merja",Merja Kyllönen (finland),cleaned_file.xlsx,Sheet1,784
Name,Kyriakos Mitsotakis,Kyriakos Mitsotakis (croatia),cleaned_file.xlsx,Sheet1,785
Name,Kósa Lajos,Kósa Lajos (hungary),cleaned_file.xlsx,Sheet1,786
Name,Lamberts-Greens,Lamberts-Greens (bulgaria),cleaned_file.xlsx,Sheet1,787
Name,Lars Klingbeil,"Lars Klingbeil (germany), Klingbeil (germany)",cleaned_file.xlsx,Sheet1,788
Name,Lars Patrick Berg,Lars Patrick Berg (germany),cleaned_file.xlsx,Sheet1,789
Name,Lasse Lehtinen,Lasse Lehtinen (finland),cleaned_file.xlsx,Sheet1,790
Name,Laura Antonelli,Laura Antonelli (spain),cleaned_file.xlsx,Sheet1,791
Name,Laura Huhtasaari,"Huhtasaari (finland), Laura Huhtasaari (finland)",cleaned_file.xlsx,Sheet1,792
Name,Laurent Wauquiez,"Wauquiez (france), Laurent Wauquiez (france)",cleaned_file.xlsx,Sheet1,793
Name,Lauri Laitinen,"Lauri Laitinen (finland), Laitinen (finland)",cleaned_file.xlsx,Sheet1,794
Name,Lauri Lindén,"Lauri Lindén (finland), Lauri linden (finland), Lauri LInden (finland), lauri Linden (finland), Lauri Linden (finland), Lindén (finland)",cleaned_file.xlsx,Sheet1,795
Name,Le Marietta,Le Marietta (hungary),cleaned_file.xlsx,Sheet1,796
Name,Lech Wałęsa,Lech Walesa (poland),cleaned_file.xlsx,Sheet1,797
Name,Leffontaines,Leffontaines (france),cleaned_file.xlsx,Sheet1,798
Name,Left Alliance,"Left alliance (finland), Alliance (finland), Left Alliance (finland), Left Allicance (finland), left alliance (finland)",cleaned_file.xlsx,Sheet1,799
Name,Leitao Marques,Leitao Marques (portugal),cleaned_file.xlsx,Sheet1,800
Name,Lena Borislavova,Lena Borislavova (bulgaria),cleaned_file.xlsx,Sheet1,801
Name,Lena Hallengren,Lena Hallgren (sweden),cleaned_file.xlsx,Sheet1,802
Name,Leo Varadkar,"Leo Varadkar (sweden), Leo Varadkar (portugal), Leo Varadkar (croatia)",cleaned_file.xlsx,Sheet1,803
Name,Leon McManus,"Leon McManus (sweden), Leon Mcmanus (sweden)",cleaned_file.xlsx,Sheet1,804
Name,Leszek Balcerowicz,Balcerowicz (poland),cleaned_file.xlsx,Sheet1,805
Name,Levitsata,Levitzata (bulgaria),cleaned_file.xlsx,Sheet1,806
Name,Liam Byrne,Liam Byrne (croatia),cleaned_file.xlsx,Sheet1,807
Name,Lina Khan,Lina Khan (croatia),cleaned_file.xlsx,Sheet1,808
Name,Lina Nordquist,Lina Nordquist (sweden),cleaned_file.xlsx,Sheet1,809
Name,Linda Eskilsson,Linda Eskilsson (sweden),cleaned_file.xlsx,Sheet1,810
Name,Linnea Bengtsso,Linnea Bengtsson (sweden),cleaned_file.xlsx,Sheet1,811
Name,Lintila,Lintila (finland),cleaned_file.xlsx,Sheet1,812
Name,Linus Torvalds,Linus Torvalds (finland),cleaned_file.xlsx,Sheet1,813
Name,Lionel Jospin,Lionel Jospin (france),cleaned_file.xlsx,Sheet1,814
Name,Lisa Nåbo,Lisa Nåbo (sweden),cleaned_file.xlsx,Sheet1,815
Name,Lisnard,Lisnard (france),cleaned_file.xlsx,Sheet1,816
Name,Liz Cheney,Liz Cheney (germany),cleaned_file.xlsx,Sheet1,817
Name,Lloyd Austin,"Lloyd Austin (sweden), Lloyd Austin (croatia)",cleaned_file.xlsx,Sheet1,818
Name,Lohikoski,"Juhani Lohikoski (finland), Lohikoski. Ohisalo (finland)",cleaned_file.xlsx,Sheet1,819
Name,Lotta Tuominen,"Lotta Tuominen (finland), Tuominen (finland)",cleaned_file.xlsx,Sheet1,820
Name,Louis Boyard,"Boyard (france), Louis boyard (france), uis Boyard (france), Louis Boyard Florian Philippot JL Melenchon Alma Dufur (france), Louis Boyard (france), Gagriel Attal Louis Boyard JL Melenchon (france), Louis Boyars (france)",cleaned_file.xlsx,Sheet1,821
Name,Louise Grabo,Louise Grabo (sweden),cleaned_file.xlsx,Sheet1,822
Name,Louise Meijer,Louise Meijer (sweden),cleaned_file.xlsx,Sheet1,823
Name,Lovro Lukavečki,Lovro Lukavečki (croatia),cleaned_file.xlsx,Sheet1,824
Name,Luc André Diouf,Luc André Diouf (spain),cleaned_file.xlsx,Sheet1,825
Name,Luc Frieden,Luc Frieden (croatia),cleaned_file.xlsx,Sheet1,826
Name,Ludvig Aspling,Ludvig Aspling (sweden),cleaned_file.xlsx,Sheet1,827
Name,Luisa Neubauer,"Neubauer (germany), Luisa Neunbauer (germany), Luisa Neubauer (germany), Luisen Neubauer (germany)",cleaned_file.xlsx,Sheet1,828
Name,Luiz Inácio Lula da Silva,"Lula (portugal), Da (bulgaria), Luiz Inácio Lula da Silva (portugal), Lula Da Silva (portugal), Lula da Silva (croatia)",cleaned_file.xlsx,Sheet1,829
Name,Luka Korlaet,Luka Korlaet (croatia),cleaned_file.xlsx,Sheet1,830
Name,Luka Kraljević,Luka Kraljević (croatia),cleaned_file.xlsx,Sheet1,831
Name,Lukas Brandweiner,Lukas Brandweiner (germany),cleaned_file.xlsx,Sheet1,832
Name,Lukashenko,Lukashenko (poland),cleaned_file.xlsx,Sheet1,833
Name,Lulu Ranne,Lulu Ranne (finland),cleaned_file.xlsx,Sheet1,834
Name,Luís Montenegro,"Luis Montenegro (portugal), Luís Montenegro (portugal)",cleaned_file.xlsx,Sheet1,835
Name,Lyuben Dilov,Lyuben Dilov (bulgaria),cleaned_file.xlsx,Sheet1,836
Name,László Toroczkai,"Toroczkai László (hungary), Toroczkai (hungary)",cleaned_file.xlsx,Sheet1,837
Name,Lázár János,Lázár János (hungary),cleaned_file.xlsx,Sheet1,838
Name,Léon Defontaine,Léon Defontaine (france),cleaned_file.xlsx,Sheet1,839
Name,Lídia Pereira,Lidia Pereira (portugal),cleaned_file.xlsx,Sheet1,840
Name,M-A Zimmerman,"M-A Zimmerman (germany), Zimmerman (germany)",cleaned_file.xlsx,Sheet1,841
Name,M.Kierwinski,"M. Kierwinski (poland), M.Kierwinski (poland)",cleaned_file.xlsx,Sheet1,842
Name,MJ Montero,"j. montero (spain), MJ montero (spain), MJ Montero (spain)",cleaned_file.xlsx,Sheet1,843
Name,MOST,Most (croatia),cleaned_file.xlsx,Sheet1,844
Name,MZP,"MSZP (hungary), MZP (hungary)",cleaned_file.xlsx,Sheet1,845
Name,Maciej Konieczny,"Maciej Konieczny (poland), Konieczny (poland)",cleaned_file.xlsx,Sheet1,846
Name,Maciej Wąsik,Wąsik (poland),cleaned_file.xlsx,Sheet1,847
Name,Macklemore,Macklemore (germany),cleaned_file.xlsx,Sheet1,848
Name,Magdalena Adamowicz,"Magdalena A. (sweden), Magdalena A (sweden), M. Adamowicz (poland)",cleaned_file.xlsx,Sheet1,849
Name,Magdalena Andersson,"magdalena andersson (sweden), Magdalena Anderson (sweden), Magdalena Andersson (sweden)",cleaned_file.xlsx,Sheet1,850
Name,Magdalena Biejat,"Magdalena Biejat (poland), Biejat (poland)",cleaned_file.xlsx,Sheet1,851
Name,Magdalena Filiks,"Filiks (poland), Magdalena Filiks (poland)",cleaned_file.xlsx,Sheet1,852
Name,Mahmoud Abbas,Mahmoud Abbas (croatia),cleaned_file.xlsx,Sheet1,853
Name,Mai Kivelä,Mai Kivelä (finland),cleaned_file.xlsx,Sheet1,854
Name,Malala Yousafzai,"Malala Yousafzai (croatia), Malala (finland)",cleaned_file.xlsx,Sheet1,855
Name,Manfred Weber,"Manfred Weber (croatia), Manfred Web (bulgaria), Manfred Weber (hungary), Manfred Weber (finland), Manfred Weber (bulgaria)",cleaned_file.xlsx,Sheet1,856
Name,Manol Glishev,Manol Glishev (bulgaria),cleaned_file.xlsx,Sheet1,857
Name,Manol Peykov,"Manol Peykov (bulgaria), Manol peykov (bulgaria), Manl Peykov (bulgaria)",cleaned_file.xlsx,Sheet1,858
Name,Manon Aubry,"Louis Boyard Mathile Panot Manon Aubry David Guiraud (france), Antoine Leaument Sebastien Delogu Louis Boyard Marie Toussaint Leon Deffontaine Manon Aubry (france), Manon Aubry Alma Dufur Gabriel Attal Jacques Chirac (france), Manon Aubry (france), Leon Deffontaine Nicolas Sarkozy Vladimir Poutine Marine Le Pen Manon Aubry Marie Toussaint Rafael Glucksmann (france), Mathilde Panot Gabriel Attal Jordnan Bardella Marine Le Pen Eric Zemoour JL Melenchon Emmanuel Macron Manon aubry Manuel Bompard (france), Antoine Leaument Manon Aubry Louis Boyard Mathilde Panot (france), Valerie Hayer Mathilde Panont Manon Aubry Emmanuel Macron Louis Boyard Gabriel Attal Rima Hassan Vladimir Putin (france), Eric Zemmour Marine Le Pen Emmanuel Macron Manon Aubry Louis Boyard Manuel Bompard Nicolas Sarkozy Antoine Leaument (france), Mano Aubry (france), Guillome Lacroix Manon Aubry Marine Cholley Leon Def (france), Florian Philippot JL Melenchon Valerie Hayer Emmanuel Macron Raphael Glucksmann Vladimir Putin Manon Aubry (france), Louis Boyard Marion Marechal Manon Aubry David Guiraud Emmanuel Macron (france), Rima Hassan Clemence Guette Alma Dufour Rima Hassan Manon Aubry Valerie Hayer Mathilde Panot Jordan Bardellq (france), Manon Aubry Marion Marechal Mathile Panot Rima Hassan Manuel Bombard Emmanuel Macron JL Melenchon Jordan Badrella louis Boyard Xavier Bellamy Marie Toussaint Valerie Hqyer (france), Louis Boyard Florian Philippot Mathilde Panot Sebastien Delogu David Guiraud Emmanuel Macron Manon Aubry Marion Marechal JL Melenchon G Attal (france), Aubry (france)",cleaned_file.xlsx,Sheet1,859
Name,Manu Pineda,Manu Pineda (spain),cleaned_file.xlsx,Sheet1,860
Name,Manuel Adorni,Manuel Adorni (spain),cleaned_file.xlsx,Sheet1,861
Name,Manuel Bautista,Manuel Bautista (spain),cleaned_file.xlsx,Sheet1,862
Name,Manuel Bompard,"Manuel Bompard (france), Manuel Bompard (spain), Bompard (france)",cleaned_file.xlsx,Sheet1,863
Name,Manuel García-Castellón,Manuel García-Castellón (spain),cleaned_file.xlsx,Sheet1,864
Name,Manuel Loff,Manuel Loff (portugal),cleaned_file.xlsx,Sheet1,865
Name,Manuel Valls,Manuel Valls (france),cleaned_file.xlsx,Sheet1,866
Name,Marc Botenga,"Marc Botenga (finland), Marc Botenga (croatia), Marc Botenga (france)",cleaned_file.xlsx,Sheet1,867
Name,Marcelina Zawisza,"Marcelina Zawisza (poland), Zawisza (poland)",cleaned_file.xlsx,Sheet1,868
Name,Marcelo Rebelo de Sousa,"Marcelo Rebelo de Souza (portugal), Marcelo Rebelo de Sousa (portugal)",cleaned_file.xlsx,Sheet1,869
Name,Marcin Kierwiński,"M. Kierwiński (poland), Kierwiński (poland)",cleaned_file.xlsx,Sheet1,870
Name,Marcin Przydacz,Marcin Przydacz (poland),cleaned_file.xlsx,Sheet1,871
Name,Marcin Sypniewski,"Marcin Sypniewski (poland), Sypniewski (poland)",cleaned_file.xlsx,Sheet1,872
Name,Marco Buschmann,Marco Buschmann (spain),cleaned_file.xlsx,Sheet1,873
Name,Marco Rima,Marco Rima (germany),cleaned_file.xlsx,Sheet1,874
Name,Marcus König,Marcus König (croatia),cleaned_file.xlsx,Sheet1,875
Name,Marek Belka,Marek Belka (poland),cleaned_file.xlsx,Sheet1,876
Name,Margaret Thatcher,"Thatcher (hungary), Margaret Thatcher (portugal)",cleaned_file.xlsx,Sheet1,877
Name,Margarita Gancheva,Margarita gancheva (bulgaria),cleaned_file.xlsx,Sheet1,878
Name,Margarita Robles,margarita robles (spain),cleaned_file.xlsx,Sheet1,879
Name,Margrethe Vestager,"Margrethe Vestager (sweden), M. Vestager (poland)",cleaned_file.xlsx,Sheet1,880
Name,Mari Rantanen,Mari Rantanen (finland),cleaned_file.xlsx,Sheet1,881
Name,Maria Corina,Maria Corina (spain),cleaned_file.xlsx,Sheet1,882
Name,Maria Escaja,Maria Escaja (portugal),cleaned_file.xlsx,Sheet1,883
Name,Maria Gabriel,Maria Gabriel (bulgaria),cleaned_file.xlsx,Sheet1,884
Name,Maria José Aguiar,Maria José Aguiar (portugal),cleaned_file.xlsx,Sheet1,885
Name,Maria Malmer Stenergard,Maria Malmer Stenergard (sweden),cleaned_file.xlsx,Sheet1,886
Name,Maria Manuel Leitão Marques,Maria Manuel Leitão Marques (portugal),cleaned_file.xlsx,Sheet1,887
Name,Maria Montero,"Maria Montero (spain), Maria Jesus Montero (spain), Maria Jesús Montero (spain)",cleaned_file.xlsx,Sheet1,888
Name,Maria Niklinska,Maria Niklinska (poland),cleaned_file.xlsx,Sheet1,889
Name,Maria Rosander,"Mara Rosander (sweden), Marie Rosander (sweden), Maria Rosander (sweden)",cleaned_file.xlsx,Sheet1,890
Name,Maria Stenegard,Maria Stenegard (sweden),cleaned_file.xlsx,Sheet1,891
Name,Maria Walsh,Maria Walsh (bulgaria),cleaned_file.xlsx,Sheet1,892
Name,Maria Zakharova,Maria Zaharova (bulgaria),cleaned_file.xlsx,Sheet1,893
Name,Mariana Gonçalves,Mariana Gonçalves (portugal),cleaned_file.xlsx,Sheet1,894
Name,Mariana Mortágua,"MAriana Mortagua (portugal), Marriana Mortagua (portugal), Marianna Mortagua (portugal), Mortágua (portugal), Mariana Mortágua (portugal), Mariana Mortagua (portugal)",cleaned_file.xlsx,Sheet1,895
Name,Mariano Rajoy,Rajoy (spain),cleaned_file.xlsx,Sheet1,896
Name,Marie Dauchy,Marie (germany),cleaned_file.xlsx,Sheet1,897
Name,Marie S-Z,Marie S-Z (germany),cleaned_file.xlsx,Sheet1,898
Name,Marie Toussaint,"Guillaume La Croix Marie Toussaint (france), Marie toussaint Canon Aymeric Emmanuel Macron Gabriel Attal Emmanuel Macron Jordab Bardella V (france), Marie Toussaint (france), Gabriel Attal Marie Toussaint Pierre Larouturrou X Bellamy (france)",cleaned_file.xlsx,Sheet1,899
Name,Marie-Agnès Strack-Zimmermann,"Marie-Agnes Strack-Zimmermann (germany), Strack-Zimmermann (germany)",cleaned_file.xlsx,Sheet1,900
Name,Marija Selak Raspudić,Marija Selak Raspudić (croatia),cleaned_file.xlsx,Sheet1,901
Name,Marijana Puljak,Marijana Puljak (croatia),cleaned_file.xlsx,Sheet1,902
Name,Marin Miletić,"Marin Miletić (croatia), Marin Mile (croatia)",cleaned_file.xlsx,Sheet1,903
Name,Marina Weisband,Marina Weisband (germany),cleaned_file.xlsx,Sheet1,904
Name,Marine Le Pen,"Le pen (france), J L Melenchon Marine Le Pen Luis Boyard (france), Marine Le Pen (portugal), Marine Le Pen Antoine Leaument Jondan Bardella Valerie Hayer Emmanuel Macron Marion Marechal Louis Boyard (france), Marine Maréchal Le Pen (france), Le Pen (bulgaria), Marine Le Pen (france), Marine le Pen (bulgaria), Emmanuel Macron Marine le Pen (france), Marine le Pen (spain), Marie Le Pen (germany), Le Pen (germany), Marine Le pen (france), Emmanuel Macron Marine le Pen Manon Aurby (france), Marine Le Pen Putin Emmanuel Macron Eric Zemmour Mathilde Panot JL Melenchon (france), Le Pen (finland), Marin Le Pen (finland), Marine Le Pen (sweden), Marine Le Pen (spain), Marine Le Pen (bulgaria), Le Pen (france), Marine Le Pen (finland), le Pen (germany), Le Pen (spain)",cleaned_file.xlsx,Sheet1,905
Name,Marine Tondelier,Marine Tondelier (france),cleaned_file.xlsx,Sheet1,906
Name,Mario Banožić,Mario Banožić (croatia),cleaned_file.xlsx,Sheet1,907
Name,Mario Radić,Mario Radić (croatia),cleaned_file.xlsx,Sheet1,908
Name,Mario Voigt,"Mario Voigt (germany), Mario Voight (germany)",cleaned_file.xlsx,Sheet1,909
Name,Marion Maréchal Le Pen,"marion Marchal (france), Marion Maréchal Le Pen (france), Marion Maréchal le Pen (france), Marion Maréchal Le pen (france), Marion (france), Marion Maréchal le pen (france), Marion Maréchal (france)",cleaned_file.xlsx,Sheet1,910
Name,Marisa Matias,Marisa Matias (portugal),cleaned_file.xlsx,Sheet1,911
Name,Mariusz Błaszczak,"Błaszczak (poland), M. Błaszczak (poland)",cleaned_file.xlsx,Sheet1,912
Name,Mariusz Gosek,Gosek (poland),cleaned_file.xlsx,Sheet1,913
Name,Mariusz Kamiński,"K. Kamiński (poland), Kamiński (poland)",cleaned_file.xlsx,Sheet1,914
Name,Mariusz Krystian,Krystian (poland),cleaned_file.xlsx,Sheet1,915
Name,Mariya Gabriel,Mariya Gabriel (bulgaria),cleaned_file.xlsx,Sheet1,916
Name,Mariya Voyvodova,mariya voyvodova (sweden),cleaned_file.xlsx,Sheet1,917
Name,Marjo Matikainen,Marjo Matikainen (finland),cleaned_file.xlsx,Sheet1,918
Name,Markku Rentto,"Markku Rentto (finland), Rentto (finland), Markku Rento (finland)",cleaned_file.xlsx,Sheet1,919
Name,Marko Milanović Litre,Marko Milanović Litre (croatia),cleaned_file.xlsx,Sheet1,920
Name,Marko Primorac,Marko Primorac (croatia),cleaned_file.xlsx,Sheet1,921
Name,MarkovAsen Vassilev,MarkovAsen Vassilev (bulgaria),cleaned_file.xlsx,Sheet1,922
Name,Markus Allard,"Markus Allard (sweden), Markus Allard (spain)",cleaned_file.xlsx,Sheet1,923
Name,Markus Frohnmaier,"Markus Frohnmeier (germany), Markus Frohnmaier (germany)",cleaned_file.xlsx,Sheet1,924
Name,Markus Lanz,Markus Lanz (germany),cleaned_file.xlsx,Sheet1,925
Name,Markus Söder,"Söder (germany), Markus Söder (germany)",cleaned_file.xlsx,Sheet1,926
Name,Marta Lempart,Lempart (poland),cleaned_file.xlsx,Sheet1,927
Name,Marta Martins da Silva,Marta Martins da Silva (portugal),cleaned_file.xlsx,Sheet1,928
Name,Marta Temido,"TEmido (portugal), Marta Temido (portugal)",cleaned_file.xlsx,Sheet1,929
Name,Marta Wcisło,"Wcisło (poland), M. Wcisło (poland)",cleaned_file.xlsx,Sheet1,930
Name,Martin Dimitrov,Martin Dimitrov (bulgaria),cleaned_file.xlsx,Sheet1,931
Name,Martin Karbovski,Karbovski (bulgaria),cleaned_file.xlsx,Sheet1,932
Name,Martin Melin,Martin Melin (sweden),cleaned_file.xlsx,Sheet1,933
Name,Martin Schulz,Martin Schulz (germany),cleaned_file.xlsx,Sheet1,934
Name,Martin Sonneborn,"Sonneborn (germany), Martin Sonneborn (germany)",cleaned_file.xlsx,Sheet1,935
Name,Martina Johansson,Martina Johansson (sweden),cleaned_file.xlsx,Sheet1,936
Name,Marvin Neumann,Marvin Neumann (germany),cleaned_file.xlsx,Sheet1,937
Name,Mary Lou McDonald,"Mary Lou McDonald (croatia), Mary Lou Mcdonald (croatia)",cleaned_file.xlsx,Sheet1,938
Name,Mary Robinson,Mary Robinson (croatia),cleaned_file.xlsx,Sheet1,939
Name,María Fernández Figaredo,Figaredo (spain),cleaned_file.xlsx,Sheet1,940
Name,María Jesús Montero,María Jesús Montero (spain),cleaned_file.xlsx,Sheet1,941
Name,María José Catalá,Maria José Catalá (spain),cleaned_file.xlsx,Sheet1,942
Name,Mateusz Morawiecki,"Morawiecki (poland), M. Morawiecki (poland), Morawiecka (poland), Mateusz Morawiecki (poland)",cleaned_file.xlsx,Sheet1,943
Name,Mathilde Androuët,Mathilde Panot (france),cleaned_file.xlsx,Sheet1,944
Name,Matias Mäkynen,Matias Mäkynen (finland),cleaned_file.xlsx,Sheet1,945
Name,Matko Dujmović,Matko Dujmović (croatia),cleaned_file.xlsx,Sheet1,946
Name,Mato Lukić,Mato Lukić (croatia),cleaned_file.xlsx,Sheet1,947
Name,Matt Carthy,Matt Carthy (croatia),cleaned_file.xlsx,Sheet1,948
Name,Matteo Salvini,"Matteo Salvini (croatia), Mateo Salvini (bulgaria)",cleaned_file.xlsx,Sheet1,949
Name,Matthias Ecke,Ecke (germany),cleaned_file.xlsx,Sheet1,950
Name,Matthieu Valet,Matthieu Valet (france),cleaned_file.xlsx,Sheet1,951
Name,Matti Rönkä,Matti Rönkä (finland),cleaned_file.xlsx,Sheet1,952
Name,Matti Vanhanen,Matti Vanhanen (finland),cleaned_file.xlsx,Sheet1,953
Name,Mattias Karlsson,Mattias Karlsson (sweden),cleaned_file.xlsx,Sheet1,954
Name,Mattias Vepsä,Mattias Vepsä (sweden),cleaned_file.xlsx,Sheet1,955
Name,Mauri Pekkarinen,Mauri Pekkarinen (finland),cleaned_file.xlsx,Sheet1,956
Name,Mauri Peltokangas,"Mauri Peltokangas (finland), Peltokangas (finland)",cleaned_file.xlsx,Sheet1,957
Name,Max Chandler Mather,Max Chandler Mather (finland),cleaned_file.xlsx,Sheet1,958
Name,Maximilian Krah,"Max. Krah (germany), Max Krah (germany), M. Krah (germany)",cleaned_file.xlsx,Sheet1,959
Name,Maya Manolova,"Manolova (bulgaria), Maya Manolova (bulgaria), Maya Mnolova (bulgaria), May Manolova (bulgaria)",cleaned_file.xlsx,Sheet1,960
Name,Maybrit Illner,Maybritt Illner (germany),cleaned_file.xlsx,Sheet1,961
Name,Mazzola,Mazzola (bulgaria),cleaned_file.xlsx,Sheet1,962
Name,Małgorzata Gromadzka,Malgorzata Gromadzka (poland),cleaned_file.xlsx,Sheet1,963
Name,Małgorzata Łoboda,Łoboda (poland),cleaned_file.xlsx,Sheet1,964
Name,МЕЧ/Sword,Mech (bulgaria),cleaned_file.xlsx,Sheet1,965
Name,Mehdi Hasan,Mehdi Hasan (croatia),cleaned_file.xlsx,Sheet1,966
Name,Melanie Joly,Melanie Joly (finland),cleaned_file.xlsx,Sheet1,967
Name,Melenchon,"François Ruffin Antoine Leaument Louid Boyard Jordna Bardella jL Melenchon (france), L Melenchon lo (france), Melenchon (france), JL Melenchon (france), Raffin Mathide Panot Jean Luc Melenchon (france), JL Melenchon Nikolas Sacrozy Luis Boyard (france)",cleaned_file.xlsx,Sheet1,968
Name,Mercedes González,Mercedes Gonzalez (spain),cleaned_file.xlsx,Sheet1,969
Name,Mesarosch,Mesarosch SPD (germany),cleaned_file.xlsx,Sheet1,970
Name,Metodi Andreev,Metodi Andreev (bulgaria),cleaned_file.xlsx,Sheet1,971
Name,Mi Hazánk,"Mi Hazank (hungary), mi hazan (hungary), mi hazank (hungary), Mi Haznak (hungary), Mi Hazánk (hungary)",cleaned_file.xlsx,Sheet1,972
Name,Miala,Miala (finland),cleaned_file.xlsx,Sheet1,973
Name,Miapetra Kumpula-Natri,"Miiapetra Kumpula-Natri (finland), Miapetra Kumpula-Natri (finland), MiaPetra Kumpula-Natri (finland)",cleaned_file.xlsx,Sheet1,974
Name,Michael Bloss,Michael Bloss (croatia),cleaned_file.xlsx,Sheet1,975
Name,Michael Ellis,Michael Ellis (croatia),cleaned_file.xlsx,Sheet1,976
Name,Michael Gove,"Michael Gove (croatia), Michael Gove (sweden)",cleaned_file.xlsx,Sheet1,977
Name,Michael Kretschmer,Kretschmer (germany),cleaned_file.xlsx,Sheet1,978
Name,Michał Kobosko,"M. Kobosko (poland), Kobosko (poland)",cleaned_file.xlsx,Sheet1,979
Name,Michał Kołodziejczak,"M. Kołodziejczak (poland), Kołodzieczak (poland), Kołodziejczak (poland)",cleaned_file.xlsx,Sheet1,980
Name,Michał Szczerba,"M. Szczerba (poland), Szczerba (poland)",cleaned_file.xlsx,Sheet1,981
Name,Michał Wawrykiewicz,"Wawrykiewicz (poland), Michal Wawrykiewicz (poland), Michał Wawrykiewicz (poland), M. Wawrykiewicz (poland)",cleaned_file.xlsx,Sheet1,982
Name,Michał Wójcik,Michał Wojcik (poland),cleaned_file.xlsx,Sheet1,983
Name,Michelle Gildernew,Michelle Gildernew (bulgaria),cleaned_file.xlsx,Sheet1,984
Name,Michelle Obama,Michelle Obama (croatia),cleaned_file.xlsx,Sheet1,985
Name,Micheál Martin,Micheal Martin (croatia),cleaned_file.xlsx,Sheet1,986
Name,Mick Wallace,"Mick Wallace (finland), Mick Wallace (croatia), Mick Wallace (bulgaria)",cleaned_file.xlsx,Sheet1,987
Name,Miersch,"Miersch (germany), M. Miersch (germany)",cleaned_file.xlsx,Sheet1,988
Name,Miguel Frontera,Miguel Frontera (spain),cleaned_file.xlsx,Sheet1,989
Name,Miguel Pascual,Miguel Pascual (spain),cleaned_file.xlsx,Sheet1,990
Name,Miguel Tellado,"Miguel Tellado (spain), Tellado (spain), Miguel Delgado (spain)",cleaned_file.xlsx,Sheet1,991
Name,Mihail Kambarev,Mihail Kambarev (bulgaria),cleaned_file.xlsx,Sheet1,992
Name,Mihail Mikov,Mihail Mikov (bulgaria),cleaned_file.xlsx,Sheet1,993
Name,Mihal Kambarev,Mihal Kambarev (bulgaria),cleaned_file.xlsx,Sheet1,994
Name,Miina-Anniina Heiskanen,"Heiskanen (finland), Miina-Anniina Heiskanen (finland)",cleaned_file.xlsx,Sheet1,995
Name,Mika Lintilä,"Lintilä (finland), Mika Lintilä (finland)",cleaned_file.xlsx,Sheet1,996
Name,Mika Niikko,Niikko (finland),cleaned_file.xlsx,Sheet1,997
Name,Mikael Damberg,Mikael Damberg (sweden),cleaned_file.xlsx,Sheet1,998
Name,Mikke,Mikke (poland),cleaned_file.xlsx,Sheet1,999
Name,Mikko Lohi,"Lohi (finland), Mikko (hungary)",cleaned_file.xlsx,Sheet1,1000
Name,Mikko Lundén,Mikko Lunden (finland),cleaned_file.xlsx,Sheet1,1001
Name,Miljöpartiet,Miljöp (sweden),cleaned_file.xlsx,Sheet1,1002
Name,Milla Ilieva,Milla Ilieva (bulgaria),cleaned_file.xlsx,Sheet1,1003
Name,Milorad Dodik,Milorad Dodik (croatia),cleaned_file.xlsx,Sheet1,1004
Name,Milorad Pupovac,Milorad Pupovac (croatia),cleaned_file.xlsx,Sheet1,1005
Name,Minja Koskela,Minja Koskela (finland),cleaned_file.xlsx,Sheet1,1006
Name,Minna Minkkinen,Minna Minkkinen (finland),cleaned_file.xlsx,Sheet1,1007
Name,Miquel Ramos,Miquel Ramos (spain),cleaned_file.xlsx,Sheet1,1008
Name,Mireia Borrás,"Mireia Borras (spain), Mireia Borrás (spain)",cleaned_file.xlsx,Sheet1,1009
Name,Mirela Ahmetović,Mirela Ahmetović (croatia),cleaned_file.xlsx,Sheet1,1010
Name,Miriam Margolyes,Miriam Margolyes (croatia),cleaned_file.xlsx,Sheet1,1011
Name,Miro Bulj,Miro Bulj (croatia),cleaned_file.xlsx,Sheet1,1012
Name,Miroslav Radačovský,Miroslav Radacovsky (bulgaria),cleaned_file.xlsx,Sheet1,1013
Name,Miroslava Petrova,Miroslava Petrova (bulgaria),cleaned_file.xlsx,Sheet1,1014
Name,Mishal Al-Ahmad Al-Jaber Al-Sabah,Mishal Al-Ahmad Al-Jaber Al-Sabah (croatia),cleaned_file.xlsx,Sheet1,1015
Name,Misiek Kaminski,Misiek Kaminski (poland),cleaned_file.xlsx,Sheet1,1016
Name,Mislav Kolakušić,"Mislav Kolakušić (croatia), Mislav Klolakušić (croatia)",cleaned_file.xlsx,Sheet1,1017
Name,Miszalski,Miszalski (poland),cleaned_file.xlsx,Sheet1,1018
Name,Moderata Ungdomsförbundet,Moderata Ungdomsförbundet (sweden),cleaned_file.xlsx,Sheet1,1019
Name,Moderaterna,"Moderaterna (sweden), Moderaterna (finland)",cleaned_file.xlsx,Sheet1,1020
Name,Morten Messerschmidt,Messerschmidt (germany),cleaned_file.xlsx,Sheet1,1021
Name,Movement Bulgaria Can,"Movement Bulgaria can (bulgaria), can (bulgaria)",cleaned_file.xlsx,Sheet1,1022
Name,Movement for Rights and Freedoms,Movement for Rights and Freedom (bulgaria),cleaned_file.xlsx,Sheet1,1023
Name,Mucha,Mucha (poland),cleaned_file.xlsx,Sheet1,1024
Name,Muharrem Demirok,"Muharrin Demirok (sweden), Muharrem Demirok (sweden)",cleaned_file.xlsx,Sheet1,1025
Name,Murre,Murre (sweden),cleaned_file.xlsx,Sheet1,1026
Name,Mustafa Karadayi,"Mustafa Karadaju (bulgaria), Mustafa Karadaya (bulgaria)",cleaned_file.xlsx,Sheet1,1027
Name,"Myriakos Mitsotakis, Más Madrid Alcobendas",Myriakos Misotakis (croatia),cleaned_file.xlsx,Sheet1,1028
Name,Mário Soares,Mario Soares (portugal),cleaned_file.xlsx,Sheet1,1029
Name,Más Madrid,"mas madrid (spain), Mas Madrid (spain)",cleaned_file.xlsx,Sheet1,1030
Name,Móga Bernadett,Móga Bernadett (hungary),cleaned_file.xlsx,Sheet1,1031
Name,Mónica García,"Mónica García (spain), monica garcía (spain), mónica garcía (spain), Monica Garcia (spain), monica garcia (spain), Monica garcia (spain), Mónica Garcia (spain)",cleaned_file.xlsx,Sheet1,1032
Name,Mónica Oltra,Mónica oltra (spain),cleaned_file.xlsx,Sheet1,1033
Name,Nadevda Jordanova,Nadevda Jordanova (bulgaria),cleaned_file.xlsx,Sheet1,1034
Name,Nadezhda Mihaylova,Nadezhda Mihaylova (bulgaria),cleaned_file.xlsx,Sheet1,1035
Name,Nadezhda Yordanova,"Nadezhda Yordanova (bulgaria), Nadejda Yordanova (bulgaria), Nadezjda Yordanov (bulgaria)",cleaned_file.xlsx,Sheet1,1036
Name,Nadine Morano,Nadine Morano (france),cleaned_file.xlsx,Sheet1,1037
Name,Nagy Ervin,Nagy Ervin (hungary),cleaned_file.xlsx,Sheet1,1038
Name,Nagy Márton,Nagy Márton (hungary),cleaned_file.xlsx,Sheet1,1039
Name,Nancy Faeser,Nancy Faeser (germany),cleaned_file.xlsx,Sheet1,1040
Name,Nancy Faser,Nancy Faser (germany),cleaned_file.xlsx,Sheet1,1041
Name,Nancy Pelosi,Nancy Pelosi (portugal),cleaned_file.xlsx,Sheet1,1042
Name,Naomi Klein,Naomi Klein (sweden),cleaned_file.xlsx,Sheet1,1043
Name,Narendra Modi,"Nardendra Modi (bulgaria), Narendra Modi (bulgaria)",cleaned_file.xlsx,Sheet1,1044
Name,Nasima Razmyar,Nasima Razmyar (finland),cleaned_file.xlsx,Sheet1,1045
Name,Nastimir Ananiev,"Nastimir Ananiev (bulgaria), Ananiev (bulgaria)",cleaned_file.xlsx,Sheet1,1046
Name,Natalia Chueca,Natalia Chueca (spain),cleaned_file.xlsx,Sheet1,1047
Name,Natalie Bennett,Natalie Bennett (croatia),cleaned_file.xlsx,Sheet1,1048
Name,Nayib Bukele,"Bukele (spain), bukele (spain)",cleaned_file.xlsx,Sheet1,1049
Name,Nebojša Vukanović,Nebojša Vukanović (croatia),cleaned_file.xlsx,Sheet1,1050
Name,Ned Mannoun,Ned Mannoun (croatia),cleaned_file.xlsx,Sheet1,1051
Name,Nela Riehl,Nela Riehl (croatia),cleaned_file.xlsx,Sheet1,1052
Name,Nelson Mandela,Nelson Mandela (sweden),cleaned_file.xlsx,Sheet1,1053
Name,Netanjahu,"Netanjahu (spain), Netanjahu (finland)",cleaned_file.xlsx,Sheet1,1054
Name,Nicasio Galván,Nicasio Galván (spain),cleaned_file.xlsx,Sheet1,1055
Name,Nicolas Bay,"Bay (poland), Nicolas Bay (france)",cleaned_file.xlsx,Sheet1,1056
Name,Nicolas Sarkozy,Sarkozy (france),cleaned_file.xlsx,Sheet1,1057
Name,Nicolas Schmit,"Nicolas Schmit (croatia), Nicolas Schmit (bulgaria), Nicolas Schmitt (croatia)",cleaned_file.xlsx,Sheet1,1058
Name,Nicole Shanahan,Nicole Shanahan (finland),cleaned_file.xlsx,Sheet1,1059
Name,Nicolás Maduro,"Nicolas Maduro (spain), Maduro (spain), maduro (spain)",cleaned_file.xlsx,Sheet1,1060
Name,Nigel Farage,"Nigel Farage (croatia), Nigel Farage (portugal), Nigel Farage (bulgaria), Farage (bulgaria), Nigel Farage (sweden)",cleaned_file.xlsx,Sheet1,1061
Name,Niina Malm,Niina Malm (finland),cleaned_file.xlsx,Sheet1,1062
Name,Niina Ratilainen,"Ratilainen (finland), Niina Ratilainen (finland)",cleaned_file.xlsx,Sheet1,1063
Name,"Niinistö, Ville","Ville Niin (finland), Niinistö (finland), Ville (finland), Ville Niinistö (finland)",cleaned_file.xlsx,Sheet1,1064
Name,Niklas Villumsen,Niklas Villumsjen (finland),cleaned_file.xlsx,Sheet1,1065
Name,Niko A. Kauko,Niko A. Kauko (finland),cleaned_file.xlsx,Sheet1,1066
Name,Nikola Dimitrov,Nikola Dimitrov (bulgaria),cleaned_file.xlsx,Sheet1,1067
Name,Nikola Grmoja,Nikola Grmoja (croatia),cleaned_file.xlsx,Sheet1,1068
Name,Nikola Minchev,Nikola Minchev (bulgaria),cleaned_file.xlsx,Sheet1,1069
Name,Nikola Vaptsarov,Nikola Vaptzarov (bulgaria),cleaned_file.xlsx,Sheet1,1070
Name,Nikolay Denkov,"Nikolaj Denkov (bulgaria), Denkov (bulgaria)",cleaned_file.xlsx,Sheet1,1071
Name,Nikolaj Villumsen,Nikolaj Villumsen (finland),cleaned_file.xlsx,Sheet1,1072
Name,Nikolay Barekov,Nikolay Barekov (bulgaria),cleaned_file.xlsx,Sheet1,1073
Name,Nikolay Malinov,Nikolay Malinov (bulgaria),cleaned_file.xlsx,Sheet1,1074
Name,Nikolay Markov-Velichie,Nikolay Markov-Velichie (bulgaria),cleaned_file.xlsx,Sheet1,1075
Name,Nikolay Radulov,Nikolay Radulov (bulgaria),cleaned_file.xlsx,Sheet1,1076
Name,Nikolina Brnjac,Nikolina Brnjac (croatia),cleaned_file.xlsx,Sheet1,1077
Name,Nikos Christodoulides,Nikos Christodoulides (croatia),cleaned_file.xlsx,Sheet1,1078
Name,Nina Skočak,Nina Skočak (croatia),cleaned_file.xlsx,Sheet1,1079
Name,Nino Raspudić,Nino Raspudić (croatia),cleaned_file.xlsx,Sheet1,1080
Name,Noelia Núñez,Noelia Núñez (spain),cleaned_file.xlsx,Sheet1,1081
Name,Noora Korpela,Noora Korpela (finland),cleaned_file.xlsx,Sheet1,1082
Name,Nooshi Dadgostar,"ooshi Dadgostar (sweden), Nooshi D. (sweden), Nooshi D (sweden), Nooshi Hahgostar (sweden), Nooshi (sweden), Nooshi Dadgistar (sweden), Nooshi Dadgostar (sweden)",cleaned_file.xlsx,Sheet1,1083
Name,Norman Finkelstein,Norman Finkelstein (sweden),cleaned_file.xlsx,Sheet1,1084
Name,Nova Direita,Nova Direita (portugal),cleaned_file.xlsx,Sheet1,1085
Name,Nuno Matias,Nuno Matias (portugal),cleaned_file.xlsx,Sheet1,1086
Name,Nuno Melo,Nuno Melo (portugal),cleaned_file.xlsx,Sheet1,1087
Name,Nuria Montes,Nuria Montes (spain),cleaned_file.xlsx,Sheet1,1088
Name,Odlučnost i Pravednost (Determination and Justice),"Determination and Justice (croatia), Odlučnost i Pravednost (croatia), i (poland), Law and Justice (poland), Law and Justice (croatia)",cleaned_file.xlsx,Sheet1,1089
Name,"Ohisalo, Maria","Ohisalo (finland), Maria Ohisalo (finland)",cleaned_file.xlsx,Sheet1,1090
Name,Ola Möller,Ola Möller (sweden),cleaned_file.xlsx,Sheet1,1091
Name,Olaf Scholz,"Olaf Scholz (portugal), Olof Scholz (finland), Scholz (germany), Scholz (bulgaria), Scholz (hungary), Scholtz (poland), Olav Scholz (germany), Olaf Scholz (bulgaria), Olaf Scholz (germany), Olaf Scholz (spain), Olaf Scholz (hungary), Scholz (poland), Olaf Scholz (croatia)",cleaned_file.xlsx,Sheet1,1092
Name,Olga Viza,Olga Viza (spain),cleaned_file.xlsx,Sheet1,1093
Name,Oliver Rosengren,Oliver Rosengren (sweden),cleaned_file.xlsx,Sheet1,1094
Name,Oliver Vogt,Oliver Vogt (croatia),cleaned_file.xlsx,Sheet1,1095
Name,Olivier Faure,Faure (france),cleaned_file.xlsx,Sheet1,1096
Name,Olli Rehn,Olli Rehn (finland),cleaned_file.xlsx,Sheet1,1097
Name,Olszewski,Olszewski (poland),cleaned_file.xlsx,Sheet1,1098
Name,Omid Nouripour,Omid Nouripour (germany),cleaned_file.xlsx,Sheet1,1099
Name,Onni Härkönen,Onni Härkönen (finland),cleaned_file.xlsx,Sheet1,1100
Name,Oras Tynkkynen,Oras Tynkkynen (finland),cleaned_file.xlsx,Sheet1,1101
Name,Oriol Junqueras,Oriol Junqueras (spain),cleaned_file.xlsx,Sheet1,1102
Name,Óscar Puente,Oscar Puentes (spain),cleaned_file.xlsx,Sheet1,1103
Name,Oscar Sjöstedt,Oscar Sjöstedt (sweden),cleaned_file.xlsx,Sheet1,1104
Name,Oskar Matute,"Oskar Matute (spain), Oscar Matute (spain)",cleaned_file.xlsx,Sheet1,1105
Name,Osman Oktay,Osman Octai (bulgaria),cleaned_file.xlsx,Sheet1,1106
Name,Ossanda Liber,Ossanda Liber (portugal),cleaned_file.xlsx,Sheet1,1107
Name,P. Armthor,P. Armthor (germany),cleaned_file.xlsx,Sheet1,1108
Name,P. Jaki,P. Jaki (poland),cleaned_file.xlsx,Sheet1,1109
Name,P. Kowal,P. Kowal (poland),cleaned_file.xlsx,Sheet1,1110
Name,P. Zgorzelski,P. Zgorzelski (poland),cleaned_file.xlsx,Sheet1,1111
Name,PML,PML (portugal),cleaned_file.xlsx,Sheet1,1112
Name,Paavo Arhinmäki,Paavo Arhinmäki (finland),cleaned_file.xlsx,Sheet1,1113
Name,Paavo Väyrynen,Paavo Väyrynen (finland),cleaned_file.xlsx,Sheet1,1114
Name,Pablo Bustinduy,"Pablo Bustinduy (spain), Bustinduy (spain)",cleaned_file.xlsx,Sheet1,1115
Name,Pablo Echenique,Pablo Echenique (spain),cleaned_file.xlsx,Sheet1,1116
Name,Pablo Fernández,Pablo Fernández (spain),cleaned_file.xlsx,Sheet1,1117
Name,Pablo Gómez Perpinyà,Pablo Gómez Perpinyà (spain),cleaned_file.xlsx,Sheet1,1118
Name,Pablo Iglesias,"Pablo Iglesias (spain), pablo iglesias (spain), Iglesias (spain)",cleaned_file.xlsx,Sheet1,1119
Name,Pablo Pradilla,"Pablo Pradilla (spain), pablopadilla (spain)",cleaned_file.xlsx,Sheet1,1120
Name,Paco Diop,Paco Diop (finland),cleaned_file.xlsx,Sheet1,1121
Name,Papa Francusco,"Papa Francusco (spain), Papa Francisco (spain)",cleaned_file.xlsx,Sheet1,1122
Name,Papacito,"Capacito (france), Papacito (france)",cleaned_file.xlsx,Sheet1,1123
Name,Parbeszed,"Párbeszéd (hungary), Parbeszed (hungary)",cleaned_file.xlsx,Sheet1,1124
Name,Parisa Liljestrand,Parisa Liljestrand (sweden),cleaned_file.xlsx,Sheet1,1125
Name,Partei Mensch Umwelt Tierschutz,Partei Mensch Unwelt Tierschutz (germany),cleaned_file.xlsx,Sheet1,1126
Name,Partido Animalista Contra el Maltrato Animal (PACMA),"PACMA (spain), Partido Pacma (spain)",cleaned_file.xlsx,Sheet1,1127
Name,Partido Comunista Português (PCP),PCP (portugal),cleaned_file.xlsx,Sheet1,1128
Name,Partido Livre,Livre (portugal),cleaned_file.xlsx,Sheet1,1129
Name,Partido Popular Europeu (EPP),"EPP (finland), EPP (croatia), EPP (hungary), -EPP (bulgaria), Epp (finland), EPP (germany), EPP (sweden), EPP (portugal), EPP (bulgaria)",cleaned_file.xlsx,Sheet1,1130
Name,Partido Social Democrata,Social Democratic Party (croatia),cleaned_file.xlsx,Sheet1,1131
Name,Partido Social Democrata (PSD),"PSD (portugal), Social (bulgaria), Partido Social Democrata (portugal)",cleaned_file.xlsx,Sheet1,1132
Name,Partido Socialista,Partido Socialista (portugal),cleaned_file.xlsx,Sheet1,1133
Name,Partit Nazzjonalista,Partit Nazzjonalista (croatia),cleaned_file.xlsx,Sheet1,1134
Name,Party of Humanists (Partei der Humanisten),Partei der Humanisten (germany),cleaned_file.xlsx,Sheet1,1135
Name,Pasi Liukkonen,"Pasi Liukkonen (finland), Liukkonen (finland)",cleaned_file.xlsx,Sheet1,1136
Name,Paszyk,Paszyk (poland),cleaned_file.xlsx,Sheet1,1137
Name,Pat Mandziy,Pat Mandziy (sweden),cleaned_file.xlsx,Sheet1,1138
Name,Patricia Gilvaz,Patricia Gilvaz (portugal),cleaned_file.xlsx,Sheet1,1139
Name,Patrik Borg,"Patrik Borg (finland), Borg (finland)",cleaned_file.xlsx,Sheet1,1140
Name,Patryk Jaki,"Jaki (poland), Patryk Jaki (poland)",cleaned_file.xlsx,Sheet1,1141
Name,Patxi López,"patxi lopez (spain), Patxi Lopex (spain), Patxi López (spain), Patxi Lopez (spain)",cleaned_file.xlsx,Sheet1,1142
Name,Paul Gavan,Paul Gavan (bulgaria),cleaned_file.xlsx,Sheet1,1143
Name,Pauli Kiuru,Pauli Kiuru (finland),cleaned_file.xlsx,Sheet1,1144
Name,Paulina Matysiak,"Paulina Matysiak (poland), Matysiak (poland)",cleaned_file.xlsx,Sheet1,1145
Name,Paulo Núncio,"Núncio (portugal), Paulo Núncio (portugal)",cleaned_file.xlsx,Sheet1,1146
Name,Paulo Raimundo,Paulo Raimundo (portugal),cleaned_file.xlsx,Sheet1,1147
Name,Paweł Kukiz,Kukiz (poland),cleaned_file.xlsx,Sheet1,1148
Name,Pedro Fidalgo Marques,Pedro Fidalgo Marques (portugal),cleaned_file.xlsx,Sheet1,1149
Name,Pedro Frazão,"Pedro Frazão (portugal), Pedro Frasão (portugal), Pdero Frazão (portugal)",cleaned_file.xlsx,Sheet1,1150
Name,Pedro Narro,Pedro Narro (spain),cleaned_file.xlsx,Sheet1,1151
Name,Pedro Navarro,Pedro navarro (spain),cleaned_file.xlsx,Sheet1,1152
Name,Pedro Nuno Santos,"Nuno Santos (portugal), Pedro Nuno Santos (portugal)",cleaned_file.xlsx,Sheet1,1153
Name,Pedro Passos Coelho,"Pedro Passos Coelho (portugal), Passos Coelho (portugal)",cleaned_file.xlsx,Sheet1,1154
Name,Pedro Pinto,Pedro Pinto (portugal),cleaned_file.xlsx,Sheet1,1155
Name,Pedro Sánchez,Pedro Sanches (croatia),cleaned_file.xlsx,Sheet1,1156
Name,Peevksi,Peevksi (bulgaria),cleaned_file.xlsx,Sheet1,1157
Name,Pekka Aittakumpu,Pekka Aittakumpu (finland),cleaned_file.xlsx,Sheet1,1158
Name,Pekka Haavisto,"Pekka Haavis (finland), Haavisto (finland), Pekka Haavisto (finland)",cleaned_file.xlsx,Sheet1,1159
Name,People's list,People's list (sweden),cleaned_file.xlsx,Sheet1,1160
Name,People–Animals–Nature (PAN),"people (bulgaria), PAN (portugal)",cleaned_file.xlsx,Sheet1,1161
Name,Pepa Millán,"Pepa Millá (spain), Pepa Millan (spain), Pepa Millán (spain)",cleaned_file.xlsx,Sheet1,1162
Name,Peppi Seppälä,Seppälä (finland),cleaned_file.xlsx,Sheet1,1163
Name,Per Holmberg,Per Holmberg (sweden),cleaned_file.xlsx,Sheet1,1164
Name,Perez,"alvise perez (spain), Juanfran Perez (spain), Alvise perez (spain), Perez (spain), Iratxe Garcia Perez (bulgaria), Alvise Perez (spain)",cleaned_file.xlsx,Sheet1,1165
Name,Perttu Helin,Perttu Helin (finland),cleaned_file.xlsx,Sheet1,1166
Name,Perttu Jussila,"Perttu Jussila (finland), Jussila (finland)",cleaned_file.xlsx,Sheet1,1167
Name,Perussuomalaiset Nuoret,Perussuomalaiset (finland),cleaned_file.xlsx,Sheet1,1168
Name,Petar Klissarov,Petar KLissarov (bulgaria),cleaned_file.xlsx,Sheet1,1169
Name,Petar Moskov,Petar Moskov (bulgaria),cleaned_file.xlsx,Sheet1,1170
Name,Petar Petrov,Petar Petrov (bulgaria),cleaned_file.xlsx,Sheet1,1171
Name,Petar Volgin,Petar Volgin (bulgaria),cleaned_file.xlsx,Sheet1,1172
Name,Peter Casey,Peter Casey (croatia),cleaned_file.xlsx,Sheet1,1173
Name,Peter Liese,peter (hungary),cleaned_file.xlsx,Sheet1,1174
Name,Peter Persson,Peter Persson (sweden),cleaned_file.xlsx,Sheet1,1175
Name,Peter Petrov,Peter Petrov (bulgaria),cleaned_file.xlsx,Sheet1,1176
Name,Peter Szijjarto,"Peter Szijjarto (croatia), Peter Szijjarto (sweden), Szijjarto Peter (hungary)",cleaned_file.xlsx,Sheet1,1177
Name,Petr Bystron,"Petr Bystrom (croatia), Petr Bystron (germany)",cleaned_file.xlsx,Sheet1,1178
Name,Petri Honkonen,"Petri Honkonen (finland), Pertti Honkonen (finland), Honkonen (finland), Pettti Honkonen (finland)",cleaned_file.xlsx,Sheet1,1179
Name,Petri Sarvamaa,Petri Sarvamaa (finland),cleaned_file.xlsx,Sheet1,1180
Name,Petrus Pennanen,Petrus Pennanen (finland),cleaned_file.xlsx,Sheet1,1181
Name,Petteri Orpo,"orpo (finland), Orpo (finland), Petteri orpo (croatia), Petteri Orpo Aleksanteri Gustafsson (finland), Petteri Orpo (finland)",cleaned_file.xlsx,Sheet1,1182
Name,Pevski,Pevski (bulgaria),cleaned_file.xlsx,Sheet1,1183
Name,Peđa Grbin,Peđa Grbin (croatia),cleaned_file.xlsx,Sheet1,1184
Name,Philipp Amthor,Philipp Amthor (germany),cleaned_file.xlsx,Sheet1,1185
Name,Philipp Türmer,Philipp Tuermer (germany),cleaned_file.xlsx,Sheet1,1186
Name,Phoenix,Phoenix_de (germany),cleaned_file.xlsx,Sheet1,1187
Name,Pia Sillanpää,Pia Sillanpää (finland),cleaned_file.xlsx,Sheet1,1188
Name,Piers Morgan,"Piers Morgan (germany), Pierce Morgan (bulgaria), Piers Morgan (croatia)",cleaned_file.xlsx,Sheet1,1189
Name,Piia Elo,Pia Elo (finland),cleaned_file.xlsx,Sheet1,1190
Name,Piia Viitanen,Piia Viitanen (finland),cleaned_file.xlsx,Sheet1,1191
Name,Pilar Alegría,"Pilar Alegría (spain), Pilar Alegria (spain), pilar alegria (spain)",cleaned_file.xlsx,Sheet1,1192
Name,Pinja Perholehto,"Pinja Perholehto (finland), Pinja Perholehto Julia Sangervo (finland), Perholehto (finland)",cleaned_file.xlsx,Sheet1,1193
Name,Piotr Korczarowski,Karozarowski (poland),cleaned_file.xlsx,Sheet1,1194
Name,Piotr Kraśko,Kraśko (poland),cleaned_file.xlsx,Sheet1,1195
Name,Plaid Cymru,Plaid Cymru (croatia),cleaned_file.xlsx,Sheet1,1196
Name,Podemos Andalucía,"Podemos Andalucia (spain), podemos andalucia (spain), Podemos andalucia (spain), Abascal. Podemos (spain), Pdemos (spain)",cleaned_file.xlsx,Sheet1,1197
Name,Podemos Cieza,"podemos cieza (spain), Cieza (spain), Podemos Cieza (spain)",cleaned_file.xlsx,Sheet1,1198
Name,Podemos Girona,podem girona (spain),cleaned_file.xlsx,Sheet1,1199
Name,Pope Francis,"Pope Francis (croatia), pope Francis (bulgaria), Pope Francis (portugal)",cleaned_file.xlsx,Sheet1,1200
Name,Pope John Paul II,"Pope (spain), John Paul II (poland)",cleaned_file.xlsx,Sheet1,1201
Name,Predrag Fred Matić,Fred Matić (croatia),cleaned_file.xlsx,Sheet1,1202
Name,President Pavel,President Pavel (finland),cleaned_file.xlsx,Sheet1,1203
Name,Pressman,Pressman (hungary),cleaned_file.xlsx,Sheet1,1204
Name,Prisca Thevenot,"Priscat Thévenot (france), Prisca Thevenot (france)",cleaned_file.xlsx,Sheet1,1205
Name,Przemysław Czarnek,P. Czarnek (poland),cleaned_file.xlsx,Sheet1,1206
Name,Przemysław Wipler,Wipler (poland),cleaned_file.xlsx,Sheet1,1207
Name,Puigdemonnt,Puigdemonnt (spain),cleaned_file.xlsx,Sheet1,1208
Name,Päivi Lohikoski,Lohikoski (finland),cleaned_file.xlsx,Sheet1,1209
Name,Päivi Räsänen,"Päivi Räsänen (finland), Räsänen (finland)",cleaned_file.xlsx,Sheet1,1210
Name,Pär Holmberg,Pär Holmberg (sweden),cleaned_file.xlsx,Sheet1,1211
Name,Péter Magyar,"Magyar Peter (hungary), magyar peter (hungary), magyar péter (hungary), Magyar Péter / Tisza Párt (hungary), Magyar Péter (hungary)",cleaned_file.xlsx,Sheet1,1212
Name,Péter Márki-Zay,"márki zay péter (hungary), Márki-Zay Péter (hungary), Márki-Zay (hungary), Márky-Zay Péter (hungary)",cleaned_file.xlsx,Sheet1,1213
Name,Péter Róna,Róna Péter (hungary),cleaned_file.xlsx,Sheet1,1214
Name,Péter Szijjártó,"Szíjjártó Péter (hungary), Péter Szijjártó (finland), Péter Szijjárto (sweden), Szijjártó Péter (hungary), Péter Szijjártó (bulgaria)",cleaned_file.xlsx,Sheet1,1215
Name,Płaczek-Kobiór,Płaczek-Kobiór (poland),cleaned_file.xlsx,Sheet1,1216
Name,R. Czarnecki,"R. Czarnecki (poland), Czarnecki (poland)",cleaned_file.xlsx,Sheet1,1217
Name,R. Petru,"r (croatia), R. Petru (poland)",cleaned_file.xlsx,Sheet1,1218
Name,RMDSZ,RMDSZ (hungary),cleaned_file.xlsx,Sheet1,1219
Name,Rachida Daty,Rachida Daty (france),cleaned_file.xlsx,Sheet1,1220
Name,Rada Laykova,Rada Laykova (bulgaria),cleaned_file.xlsx,Sheet1,1221
Name,Radan Kanev,Radan Kanev (bulgaria),cleaned_file.xlsx,Sheet1,1222
Name,Radoslav Ribarski,Radoslav Ribarski (bulgaria),cleaned_file.xlsx,Sheet1,1223
Name,Radostin Vasilev,Radostin Vasilev (bulgaria),cleaned_file.xlsx,Sheet1,1224
Name,Radosław Sikorski,"Radosław Sikorski (poland), Radoslaw Sikorski (poland), Radowslaw Sikorski (poland), R. Sikorski (poland), Sikorski (poland)",cleaned_file.xlsx,Sheet1,1225
Name,Rafał Trzaskowski,"Rafal Trzaskowski (poland), R. Trzaskowski (poland)",cleaned_file.xlsx,Sheet1,1226
Name,Raphaël Glucksmann,"Raphael Glucksmann (france), Glucksmann (france)",cleaned_file.xlsx,Sheet1,1227
Name,Rasmus Andresen,Rasmus Adresen (bulgaria),cleaned_file.xlsx,Sheet1,1228
Name,Rassemblement National,"National (bulgaria), Rassemblement national (france), Rassemblement national (spain), Rassemblement National (spain)",cleaned_file.xlsx,Sheet1,1229
Name,Raya Nazaryan,Raya Nazaryan (bulgaria),cleaned_file.xlsx,Sheet1,1230
Name,Raúl de la Hoz Quintano,la (finland),cleaned_file.xlsx,Sheet1,1231
Name,Rebecka Forsberg,Rebecka Forsberg (sweden),cleaned_file.xlsx,Sheet1,1232
Name,Rebecka Le Moine,Rebecka le Moine (sweden),cleaned_file.xlsx,Sheet1,1233
Name,Rebecka Rapp,Rebecka Rapp (sweden),cleaned_file.xlsx,Sheet1,1234
Name,Reinier van Lanschot,Reinier Van Lanschot (croatia),cleaned_file.xlsx,Sheet1,1235
Name,Renew Europe,"Renew (france), -Renew (bulgaria), Renew (bulgaria), Renew (finland), Renew Europe (bulgaria), Renew Europe (finland)",cleaned_file.xlsx,Sheet1,1236
Name,René Aust,Rene Aust (germany),cleaned_file.xlsx,Sheet1,1237
Name,Revival,"Revival (bulgaria), -Revival (bulgaria), - Revival (bulgaria), K. Kostadinov Revival) (bulgaria)",cleaned_file.xlsx,Sheet1,1238
Name,Rhia Lopes,Rhia Lopes (portugal),cleaned_file.xlsx,Sheet1,1239
Name,Ricarda Lang,Terry R. Ricarda Lang (germany),cleaned_file.xlsx,Sheet1,1240
Name,Ricardo Costa,Ricardo Costa (portugal),cleaned_file.xlsx,Sheet1,1241
Name,Richard Jomshof,"Rikard Jomshof (sweden), Richard Jomshof (sweden)",cleaned_file.xlsx,Sheet1,1242
Name,Richard Nixon,Richard Nixon (sweden),cleaned_file.xlsx,Sheet1,1243
Name,Richárd Barabás,Barabás Richárd (hungary),cleaned_file.xlsx,Sheet1,1244
Name,Riikka Purra,"Purra & the Finns (finland), Purra (finland), Riikka Purra (finland)",cleaned_file.xlsx,Sheet1,1245
Name,Rima Hassan,"Louis Boyard Vladimir Putine Nicolas Sarkozy Rima Hassan Florian Flippot Valerie Hayer Gabtiel Attal (france), Rima Hassan (france), Rima Hassan Gabriel Attal Mathilde Panot Leon Deffontaines Aalma Dufour louis Boyard Marion Marechal (france)",cleaned_file.xlsx,Sheet1,1246
Name,Rishi Sunak,"Rishi Sunak (finland), Rishi Sunak (bulgaria), Sunak (spain), Rishi Sunak (croatia), RIshi Sunak (bulgaria), Sunak (hungary), Rishi Sunak (sweden), Rishi Sunak (portugal), Richie Sunak (germany), Riski Sunak (croatia), Sunak (portugal)",cleaned_file.xlsx,Sheet1,1247
Name,Rita Maestre,"Rita Maestre (spain), rita maestre (spain)",cleaned_file.xlsx,Sheet1,1248
Name,Rita Matias,"RIta Matias (portugal), Rita Maria Matias (portugal), Rita Matias (portugal)",cleaned_file.xlsx,Sheet1,1249
Name,Ritva Elomaa,Ritva Elomaa (finland),cleaned_file.xlsx,Sheet1,1250
Name,Robert Biedroń,"Robert Biedron (poland), Roberta Biedron (poland), Biedroń (poland)",cleaned_file.xlsx,Sheet1,1251
Name,Robert F. Kennedy Jr.,"Robert F. Kennedy Jr (finland), F (germany)",cleaned_file.xlsx,Sheet1,1252
Name,Robert Fico,"Fico (poland), Fico (bulgaria), Robert Fico (bulgaria)",cleaned_file.xlsx,Sheet1,1253
Name,Robert Golob,Robert Golob (croatia),cleaned_file.xlsx,Sheet1,1254
Name,Robert Habeck,"Robert Habeck (croatia), Robert Habek (croatia), Habeck (germany), Robert Habeck (germany)",cleaned_file.xlsx,Sheet1,1255
Name,Robert Malorny,Robert Malorny (germany),cleaned_file.xlsx,Sheet1,1256
Name,Robert Shuman,Robert Shuman (bulgaria),cleaned_file.xlsx,Sheet1,1257
Name,Robert de Niro,"Robert De Niro (croatia), Robert de Niro (germany), Robert de Niro (finland)",cleaned_file.xlsx,Sheet1,1258
Name,Roberta Metsola,"Roberta Metsola (portugal), Roberta Metsola (croatia), Robert Metsola (finland), Roberta Metsola (finland), Roberta Metsola (bulgaria), Roberta Metsola (hungary)",cleaned_file.xlsx,Sheet1,1259
Name,Roberto Vannacci,Roberto Vannacci (portugal),cleaned_file.xlsx,Sheet1,1260
Name,Robin Mesarosch,"Robin Mesarosch (germany), Mesarosch (germany)",cleaned_file.xlsx,Sheet1,1261
Name,Rocío De Meer,Rocío De Meer (spain),cleaned_file.xlsx,Sheet1,1262
Name,Rocío Monasterio,Rocio Monasterio (spain),cleaned_file.xlsx,Sheet1,1263
Name,Roman Fritz,Fritz (poland),cleaned_file.xlsx,Sheet1,1264
Name,Romana Jerković,Romana Jerković Kraljić (croatia),cleaned_file.xlsx,Sheet1,1265
Name,Romina Pourmokhtari,Romina Pourmokhtari (sweden),cleaned_file.xlsx,Sheet1,1266
Name,Roosa Grönberg,Grönberg (finland),cleaned_file.xlsx,Sheet1,1267
Name,Roosa Meriläinen,Roosa Meriläinen (finland),cleaned_file.xlsx,Sheet1,1268
Name,Rossen Zhelyazkov,Rosen Jelyazkov (bulgaria),cleaned_file.xlsx,Sheet1,1269
Name,Roumen Gechev,Roumen Gechev (bulgaria),cleaned_file.xlsx,Sheet1,1270
Name,Roza Thun,Roza Thun (poland),cleaned_file.xlsx,Sheet1,1271
Name,Rubi Le Maire,Rubi Le Maire (france),cleaned_file.xlsx,Sheet1,1272
Name,Rubén Pulido,"Ruben Pulido (spain), Rubén Pulido (spain)",cleaned_file.xlsx,Sheet1,1273
Name,Ruffin,"Ruffin (france), François Ruffin (france)",cleaned_file.xlsx,Sheet1,1274
Name,Rufian,"Gabriel Rufian (spain), Rufian (spain)",cleaned_file.xlsx,Sheet1,1275
Name,Rui Fonseca e Castro,"Rui da Fonseca (portugal), Castro (portugal), E (poland), Rui Fonseca e Castro (portugal), e (germany)",cleaned_file.xlsx,Sheet1,1276
Name,Rui Pauperio,Rui Pauperio (portugal),cleaned_file.xlsx,Sheet1,1277
Name,Rui Rio,Rui Rio (portugal),cleaned_file.xlsx,Sheet1,1278
Name,Rui Rocha,"Rui Rocha (portugal), rui rocha (portugal)",cleaned_file.xlsx,Sheet1,1279
Name,Rui Sequeira,Rui Sequeira (portugal),cleaned_file.xlsx,Sheet1,1280
Name,Rui Tavares,"_Rui Tavares (portugal), Rui Tavares (portugal), rui Tavares (portugal)",cleaned_file.xlsx,Sheet1,1281
Name,Rumen Gechev,Rumen Gechev (bulgaria),cleaned_file.xlsx,Sheet1,1282
Name,Rumen Petkov,Rumen Petkov (bulgaria),cleaned_file.xlsx,Sheet1,1283
Name,Rumen Radev,Rumen Radev (bulgaria),cleaned_file.xlsx,Sheet1,1284
Name,Ryszard Legutko,Legutko (bulgaria),cleaned_file.xlsx,Sheet1,1285
Name,Ryszard Petru,Petru (poland),cleaned_file.xlsx,Sheet1,1286
Name,Róża Thun,"R. Thun (poland), Thun (poland)",cleaned_file.xlsx,Sheet1,1287
Name,SDMonkan,SDMonkan (sweden),cleaned_file.xlsx,Sheet1,1288
Name,SHuff,SHuff (finland),cleaned_file.xlsx,Sheet1,1289
Name,STreck-Zimmerman,STreck-Zimmerman (germany),cleaned_file.xlsx,Sheet1,1290
Name,SW,SW (germany),cleaned_file.xlsx,Sheet1,1291
Name,SWORD,"(МоралЕдинствоЧестр SWORD (bulgaria), Sword (bulgaria), ""Sword (bulgaria)",cleaned_file.xlsx,Sheet1,1292
Name,Saara Hyrkkö,"Saara Hyrkkö (finland), Saara Hyrkkäinen (finland)",cleaned_file.xlsx,Sheet1,1293
Name,Sadiq Khan,"Sadiq Khan (croatia), Sadiq Khan (portugal)",cleaned_file.xlsx,Sheet1,1294
Name,Sahra Wagenknecht,"Wagenknecht (germany), Sahra Wagenkneckt (germany), Sarah Wagenknecht (germany), Sahra Wagenknecht (germany)",cleaned_file.xlsx,Sheet1,1295
Name,"Salla, Aura","Salla (finland), Aura Salla (finland), Sebastian Tynkkynen Aura Salla (finland)",cleaned_file.xlsx,Sheet1,1296
Name,Salvador Illa,"salvador illa (spain), Salvador Illa (spain)",cleaned_file.xlsx,Sheet1,1297
Name,Samuel Broman,Samuel Broman (finland),cleaned_file.xlsx,Sheet1,1298
Name,Sandra Benčić,Sandra Benčić (croatia),cleaned_file.xlsx,Sheet1,1299
Name,Sandra Maischberger,Sandra Maischberger (germany),cleaned_file.xlsx,Sheet1,1300
Name,Sandrine Rousseau,Sandrine Rousseau (france),cleaned_file.xlsx,Sheet1,1301
Name,Sandro Gozi,Sandro Gozi (croatia),cleaned_file.xlsx,Sheet1,1302
Name,Sanna Marin,"Marin (finland), Sanna Marin (finland)",cleaned_file.xlsx,Sheet1,1303
Name,Sanna Nieminiitty,Sanna Nieminiitty (finland),cleaned_file.xlsx,Sheet1,1304
Name,Santiago Abascal,"José Pacheco Santiago Abascal (portugal), Abascal (poland), Santiago Abascal (spain), abascal (spain), Abascal (spain)",cleaned_file.xlsx,Sheet1,1305
Name,Sanz Vitorio,"Vitorio Sanz (spain), Sanz Vitorio (spain)",cleaned_file.xlsx,Sheet1,1306
Name,Sara Skyttedal,"Sara Skytteldal (sweden), Sara Skyttedal (sweden)",cleaned_file.xlsx,Sheet1,1307
Name,Sarah Knafo,"Sara Knafo (france), Sarah Knafo (france), Darah Knafo (france)",cleaned_file.xlsx,Sheet1,1308
Name,"Saramo, Jussi","Jussi Saramo (finland), Saramo (finland)",cleaned_file.xlsx,Sheet1,1309
Name,Sari Essayah,Sari Essayah (finland),cleaned_file.xlsx,Sheet1,1310
Name,Sari Helin,Sari Helin (finland),cleaned_file.xlsx,Sheet1,1311
Name,Sari Multala,Multala (finland),cleaned_file.xlsx,Sheet1,1312
Name,Sasho Dikov,Sasho Dikov (bulgaria),cleaned_file.xlsx,Sheet1,1313
Name,Sasin,Sasin (poland),cleaned_file.xlsx,Sheet1,1314
Name,Saskia Esken,"Esken (germany), Saskia Esken (germany)",cleaned_file.xlsx,Sheet1,1315
Name,Sauli Niinistö,"Sauli Niin (finland), Sauli Niinistö (finland)",cleaned_file.xlsx,Sheet1,1316
Name,Sauli Seittenranta,Sauli Seittenranta (finland),cleaned_file.xlsx,Sheet1,1317
Name,Marek Sawicki,Sawick (poland),cleaned_file.xlsx,Sheet1,1318
Name,Schiffer András,Schiffer András (hungary),cleaned_file.xlsx,Sheet1,1319
Name,Schirdewan-Left,Schirdewan-Left (bulgaria),cleaned_file.xlsx,Sheet1,1320
Name,Schmitt Mária,Schmitt Mária (hungary),cleaned_file.xlsx,Sheet1,1321
Name,Schmuck Andor,Schmuck Andor (hungary),cleaned_file.xlsx,Sheet1,1322
Name,Se Acabó La Fiesta,"Se Acabó La (spain), Se Acabo La Fiesta (spain), Se Acabó La Fiesta (spain)",cleaned_file.xlsx,Sheet1,1323
Name,Sebastião Bugalho,"Sebastião Bubalho (portugal), Sebastião Bugaglho (portugal), Bugalho (portugal), Sebastiao Bugalho (portugal), SEbastião Bugalho Carlos Moedas (portugal), Sebastião Bugalho (portugal)",cleaned_file.xlsx,Sheet1,1324
Name,Seitteenranta,Seitteenranta (finland),cleaned_file.xlsx,Sheet1,1325
Name,Semjén Zsolt,Semjén Zsolt (hungary),cleaned_file.xlsx,Sheet1,1326
Name,Sergey Lavrov,"Sergey Lavrov (croatia), Lavrov (hungary)",cleaned_file.xlsx,Sheet1,1327
Name,Sergey Shoygu,Shoygu (bulgaria),cleaned_file.xlsx,Sheet1,1328
Name,Sergio Mattarella,Sergio Mattarella (croatia),cleaned_file.xlsx,Sheet1,1329
Name,Shawn Huff,"Shawn Huff (finland), Shaunn Huff (finland)",cleaned_file.xlsx,Sheet1,1330
Name,Sigfrids,Sigfrids (finland),cleaned_file.xlsx,Sheet1,1331
Name,Silvia Modig,Silvia Modig (finland),cleaned_file.xlsx,Sheet1,1332
Name,Simo Grönroos,"Simon Grönroos (finland), Simo Grönroos (finland)",cleaned_file.xlsx,Sheet1,1333
Name,Simon Harris,"Simon Harris (portugal), Harris (germany), Simon Harris (croatia), Simon Harris (sweden)",cleaned_file.xlsx,Sheet1,1334
Name,Simona Mohamsson,"Simone Mohamsson (sweden), Simona Mohamsson (sweden), Simona Mohamson (sweden)",cleaned_file.xlsx,Sheet1,1335
Name,Sinimusta Liike,Sinimusta liike (finland),cleaned_file.xlsx,Sheet1,1336
Name,Sira Rego,Sira Rego (spain),cleaned_file.xlsx,Sheet1,1337
Name,Sirpa Pietikäinen,"Sirpa Pietikäinen (finland), Pietikäinen (finland)",cleaned_file.xlsx,Sheet1,1338
Name,Slavi Trifonov,Slavi Trifonov (bulgaria),cleaned_file.xlsx,Sheet1,1339
Name,Slawomir Mentzen,"Mentzen (poland), Slawomir Mentzen (poland)",cleaned_file.xlsx,Sheet1,1340
Name,Slobodan Novak,Slobodan Novak (croatia),cleaned_file.xlsx,Sheet1,1341
Name,So,So (sweden),cleaned_file.xlsx,Sheet1,1342
Name,Social Democrats,"Social Democrats (croatia), The Social Democrats (sweden), Social Democrats (sweden), Social Democrats (finland)",cleaned_file.xlsx,Sheet1,1343
Name,Socialdemokraterna,Socialdem (sweden),cleaned_file.xlsx,Sheet1,1344
Name,Soeder,"Markus Soeder (germany), Soeder (germany)",cleaned_file.xlsx,Sheet1,1345
Name,Sofia Pereira,Sofia Pereira (portugal),cleaned_file.xlsx,Sheet1,1346
Name,Sofia Virta,"Sofia Virta (finland), Virta Sofia (finland), Sofia VIrta (finland)",cleaned_file.xlsx,Sheet1,1347
Name,Sofie Eriksson,"Sofie Eriksson (sweden), sofie eriksson (sweden), Sofia Eriksson (sweden)",cleaned_file.xlsx,Sheet1,1348
Name,Solidaristic Bulgaria,"Solidarisic Bulgaria (bulgaria), ""Solidaristic Bulgaria (bulgaria), Solidaristic BG (bulgaria), Solidaristic Bulgaria (bulgaria)",cleaned_file.xlsx,Sheet1,1349
Name,Sonya Koltuklieva,Sonya Koltuklieva (bulgaria),cleaned_file.xlsx,Sheet1,1350
Name,Stanislas Rigault,Stanislas Rigault (france),cleaned_file.xlsx,Sheet1,1351
Name,Stanislav Balabanov,"Balabanov (bulgaria), Stanislav Balabano (bulgaria), Stanislav Balabanov (bulgaria)",cleaned_file.xlsx,Sheet1,1352
Name,Stanislav Stoyanov,Stanislav Stoyanov (bulgaria),cleaned_file.xlsx,Sheet1,1353
Name,Stanisław Tyszka,"Tyszka (poland), S. Tyszka (poland)",cleaned_file.xlsx,Sheet1,1354
Name,Stefan Löfven,Stefan Löfven (sweden),cleaned_file.xlsx,Sheet1,1355
Name,Stefan Sarmes,"Stefan Sarmer (sweden), Stefan Sarmes (sweden)",cleaned_file.xlsx,Sheet1,1356
Name,Stefan Tafrov,"Stefan Tafrov (bulgaria), Stefan tafrov (bulgaria), Tafrov (bulgaria)",cleaned_file.xlsx,Sheet1,1357
Name,Steffen Große,Steffen Grosse (germany),cleaned_file.xlsx,Sheet1,1358
Name,Steinmeir,Steinmeir (germany),cleaned_file.xlsx,Sheet1,1359
Name,Stella Nikolova,Stella Nikolova (bulgaria),cleaned_file.xlsx,Sheet1,1360
Name,Stephan Brandner,Stephan Brandner (germany),cleaned_file.xlsx,Sheet1,1361
Name,Stephane Sejourne,Stephane Sejourne (bulgaria),cleaned_file.xlsx,Sheet1,1362
Name,Stephen Bartulica,"Stephen Nikola Bartulica (croatia), Stephen Bartulica (croatia)",cleaned_file.xlsx,Sheet1,1363
Name,Stephen Colbert,Stephen Colbert (germany),cleaned_file.xlsx,Sheet1,1364
Name,Steven Seagal,Steven Segal (bulgaria),cleaned_file.xlsx,Sheet1,1365
Name,Stipe Mlinarić Ćipe,"Stipe Mlinarić (croatia), Stipe Mlinarić Ćipe (croatia)",cleaned_file.xlsx,Sheet1,1366
Name,Stjepan Mesić,Stjepan Mesić (croatia),cleaned_file.xlsx,Sheet1,1367
Name,Strack-Zimmerman,"Marie-Agnes Strack-Zimmerman (croatia), Strack-Zimmerman (germany), Marie-Agnes Strack-Zimmerman (germany)",cleaned_file.xlsx,Sheet1,1368
Name,Sulyok Tamás,Sulyok Tamás (hungary),cleaned_file.xlsx,Sheet1,1369
Name,Sumar,"Sumar (croatia), sumar (spain), Suma (croatia), Sumar (spain), sumar almeria (spain), SUMAR (spain)",cleaned_file.xlsx,Sheet1,1370
Name,Suna Kymäläinen,"Suna Kymäläinen (finland), Kymäläinen (finland)",cleaned_file.xlsx,Sheet1,1371
Name,Sunčana Glavak,Sunčana Glavak (croatia),cleaned_file.xlsx,Sheet1,1372
Name,Susa Vikeväkorva,Vikeväkorva (finland),cleaned_file.xlsx,Sheet1,1373
Name,Susan Sarandon,"Susan Sarandon (sweden), Susan Sarandon (croatia)",cleaned_file.xlsx,Sheet1,1374
Name,Susanna Kierkegaard,"Susan Kierkegaard (sweden), Susanna Kierkegaard (sweden), Susanna kierkegaard (sweden), Susanna Kierkegaard (finland)",cleaned_file.xlsx,Sheet1,1375
Name,Susanna Kirsner,Susanna Kirsner (finland),cleaned_file.xlsx,Sheet1,1376
Name,Susanne Päivärinta,"Päivärinta (finland), Susanne Päivärinta (finland)",cleaned_file.xlsx,Sheet1,1377
Name,Suski,Suski (poland),cleaned_file.xlsx,Sheet1,1378
Name,Svante Linusson,Svante Linusson (sweden),cleaned_file.xlsx,Sheet1,1379
Name,Svenja Appuhn,Svenja Appuhn (germany),cleaned_file.xlsx,Sheet1,1380
Name,Sylwia Bielawska,Sylwia Bielawska (poland),cleaned_file.xlsx,Sheet1,1381
Name,Szentkirályi Alexandra,Szentkirályi Alexandra (hungary),cleaned_file.xlsx,Sheet1,1382
Name,Szymon Hołownia,"Szymon Holownia (poland), Holownia (poland)",cleaned_file.xlsx,Sheet1,1383
Name,Szájer József,Szájer József (hungary),cleaned_file.xlsx,Sheet1,1384
Name,Sébastien Chenu,Sébastien Chenu (france),cleaned_file.xlsx,Sheet1,1385
Name,Sébastien Delogu,"Sébastien Delogu (france), Sébastien Dolugu (france), Sebastien Delogu (croatia)",cleaned_file.xlsx,Sheet1,1386
Name,Sílvia Orriols,"Sílvia Orriols (spain), Silvia Orriols (spain), Silvia Orrials (spain)",cleaned_file.xlsx,Sheet1,1387
Name,Sławomir Mentzen,"S. Mentzen (poland), Mentzeń (poland), Mientzeń (poland), Metzeń (poland)",cleaned_file.xlsx,Sheet1,1388
Name,T. Siemioniak,T. Siemioniak (poland),cleaned_file.xlsx,Sheet1,1389
Name,Tamás Deutsch,"Deutsch Tamás (hungary), deutsh tamas (hungary), deutsch tamás (hungary)",cleaned_file.xlsx,Sheet1,1390
Name,Tamás Menczer,Menczer Tamás (hungary),cleaned_file.xlsx,Sheet1,1391
Name,Tanya Andreeva,Tanya Andreeva (bulgaria),cleaned_file.xlsx,Sheet1,1392
Name,Tarczyńska,Tarczyńska (poland),cleaned_file.xlsx,Sheet1,1393
Name,Tarja Halonen,Tarja Halonen (finland),cleaned_file.xlsx,Sheet1,1394
Name,Tatyana Doncheva,"Tatyana Doncheva (bulgaria), Tatyana Donche (bulgaria), Tatyana Doncheva- Levitsata (bulgaria)",cleaned_file.xlsx,Sheet1,1395
Name,Ted Apter,"Ted Apter (finland), Apter (finland)",cleaned_file.xlsx,Sheet1,1396
Name,Teemu Keskisarja,Teemu Keskisarja (finland),cleaned_file.xlsx,Sheet1,1397
Name,Teija Makkonen,Teija Makkonen (finland),cleaned_file.xlsx,Sheet1,1398
Name,Temenuzhka Petkova,Temenuzhka Petkova (bulgaria),cleaned_file.xlsx,Sheet1,1399
Name,Terapeutti Ville,"Terapeutti Ville (finland), Terapeutti Ville  (finland)",cleaned_file.xlsx,Sheet1,1400
Name,Teresa Ribera,"Teresa Rivera (spain), Teresa Ribera (spain), Teresa rivera (spain)",cleaned_file.xlsx,Sheet1,1401
Name,Teri,"Teri (germany), Teri Greens (germany)",cleaned_file.xlsx,Sheet1,1402
Name,Terry Reintke,Terri Reintke (hungary),cleaned_file.xlsx,Sheet1,1403
Name,Teuvo Hakkarainen,Teuvo Hakkarainen (finland),cleaned_file.xlsx,Sheet1,1404
Name,The Christian Democrats,"The Christian Democrats (sweden), Democrats (spain), The Christin Democrats (sweden), Democrats (sweden)",cleaned_file.xlsx,Sheet1,1405
Name,The Green Party,The Gren Party (sweden),cleaned_file.xlsx,Sheet1,1406
Name,The Labour Party,"Malta Labour Party (croatia), The Labour Party (croatia), Labour Party (croatia)",cleaned_file.xlsx,Sheet1,1407
Name,The Left,"The Left Part (sweden), The Left in the EP (croatia), The Left Party (sweden), Razem/Lewica (poland), The Left (spain), The Left in the EU (croatia), The Left in (croatia), The Left (croatia)",cleaned_file.xlsx,Sheet1,1408
Name,The Left (Die Linke),"Linke (germany), die Linke (croatia), die Linke (germany), Die Linke (finland), Die Linke (germany)",cleaned_file.xlsx,Sheet1,1409
Name,The Left in the EU,"EU (sweden), EU (germany), EU- (sweden), eu (sweden), Eu (sweden)",cleaned_file.xlsx,Sheet1,1410
Name,The Liberal Party,The Liberal Party (sweden),cleaned_file.xlsx,Sheet1,1411
Name,The Moderate Youth League,The Moderate Youth League (sweden),cleaned_file.xlsx,Sheet1,1412
Name,Theodor Weimer,Theodor Weimer (germany),cleaned_file.xlsx,Sheet1,1413
Name,There Is Such a People,"There is (bulgaria), There is such a people (bulgaria), There is Such People (bulgaria), -There is Such People (bulgaria), 'There is such a people (bulgaria), There (bulgaria), A (finland), There is such (bulgaria)",cleaned_file.xlsx,Sheet1,1414
Name,Theresa May,Theresa May (hungary),cleaned_file.xlsx,Sheet1,1415
Name,Thomas Oppermann,Thomas Oppermann (germany),cleaned_file.xlsx,Sheet1,1416
Name,Tiago Moreira de Sá,"S (bulgaria), S (sweden), (S (sweden), s (bulgaria)",cleaned_file.xlsx,Sheet1,1417
Name,Tibor Szanyi,Szanyi Tibor (hungary),cleaned_file.xlsx,Sheet1,1418
Name,Tiina Elo,Tiina Elo (finland),cleaned_file.xlsx,Sheet1,1419
Name,Tiina Sandberg,Tiina Sandberg (finland),cleaned_file.xlsx,Sheet1,1420
Name,Tiina-Maria Sandberg,Tiina-Maria Sandberg (finland),cleaned_file.xlsx,Sheet1,1421
Name,Tiktok,"TikTok (bulgaria), Tiktok (portugal), TikTok (portugal), TikTok (finland)",cleaned_file.xlsx,Sheet1,1422
Name,Tilda Lagerhall,Tilda Lagerhall (sweden),cleaned_file.xlsx,Sheet1,1423
Name,Tim Achtermeyer,Tim Achtermeyer (germany),cleaned_file.xlsx,Sheet1,1424
Name,Timo Harakka,Timo Harakka (finland),cleaned_file.xlsx,Sheet1,1425
Name,Timo Huhtamäki,Timo Huhtamäki (finland),cleaned_file.xlsx,Sheet1,1426
Name,Timo Kaunisto,"Timo Kaunisto (finland), Kaunisto (finland)",cleaned_file.xlsx,Sheet1,1427
Name,Timo Suhonen,Timo Suhonen (finland),cleaned_file.xlsx,Sheet1,1428
Name,Timo Vornanen,"Timo Vornanen (finland), Vornanen (finland)",cleaned_file.xlsx,Sheet1,1429
Name,Tino Chrupalla,"Chrupalla (germany), Tino Chrupalla (spain), Tino Chrupalla (germany)",cleaned_file.xlsx,Sheet1,1430
Name,Tobias Andersson,Tobias Andersson (sweden),cleaned_file.xlsx,Sheet1,1431
Name,Tobias Baudin,Tobias Baudin (sweden),cleaned_file.xlsx,Sheet1,1432
Name,Tobias Tobé,Tobias Tobé (sweden),cleaned_file.xlsx,Sheet1,1433
Name,Tobiasz Bocheński,Bocheński (poland),cleaned_file.xlsx,Sheet1,1434
Name,Todor Angelov,"Todo Angelov (bulgaria), Todor Angelov (bulgaria)",cleaned_file.xlsx,Sheet1,1435
Name,Todor Tagarev,"Todor Tagarev (bulgaria), Todor tagarev (bulgaria)",cleaned_file.xlsx,Sheet1,1436
Name,Todor Zhivkov,Todor Zhivkov (bulgaria),cleaned_file.xlsx,Sheet1,1437
Name,Tom Vandendriessche,"Tom Vandendriessche (portugal), Tom Vanderdriesske (portugal)",cleaned_file.xlsx,Sheet1,1438
Name,Tomas Eneroth,Tomas Eneroth (sweden),cleaned_file.xlsx,Sheet1,1439
Name,Tomislav Donchev,"Tomislav Donchev (bulgaria), Tomislav Dontchev (bulgaria)",cleaned_file.xlsx,Sheet1,1440
Name,Tomislav Josić,Tomislav Josić (croatia),cleaned_file.xlsx,Sheet1,1441
Name,Tomislav Sokol,Tomislav Sokol (croatia),cleaned_file.xlsx,Sheet1,1442
Name,Tomislav Tomašević,"Tomislav Tomašević (croatia), Tomislav Tomašević Joe Biden (croatia)",cleaned_file.xlsx,Sheet1,1443
Name,Tomás Guitarte,Tomás Guitarte (spain),cleaned_file.xlsx,Sheet1,1444
Name,Tonino Picula,Tonino Picula (croatia),cleaned_file.xlsx,Sheet1,1445
Name,Toshko Yordanov,"Tosko Yordanov (bulgaria), Toshko Yordanov (bulgaria), Tosho Yordanov (bulgaria), Toshko Iordanov (bulgaria)",cleaned_file.xlsx,Sheet1,1446
Name,"Toveri, Pekka","Toveri (finland), Pekka Toveri (finland)",cleaned_file.xlsx,Sheet1,1447
Name,Trzkawski,Trzkawski (poland),cleaned_file.xlsx,Sheet1,1448
Name,Träsckbäck,Träsckbäck (finland),cleaned_file.xlsx,Sheet1,1449
Name,Tsoncho Ganev,"Tsoncho Ganev Revival (bulgaria), Tsoncho Ganev (bulgaria), Tsoncho ganev (bulgaria), Tsontcho Ganev (bulgaria), Tzoncho Ganev (bulgaria), Tzincho Ganev (bulgaria), Tsontcho ganev (bulgaria)",cleaned_file.xlsx,Sheet1,1450
Name,Tsveta Karayancheva,"Cveta Karayancheva (bulgaria), Tzveta Karayancheva (bulgaria)",cleaned_file.xlsx,Sheet1,1451
Name,Tsveta Kirilova,Tzveta Kirilova (bulgaria),cleaned_file.xlsx,Sheet1,1452
Name,Tsveta Rangelova,"Tsveta Rangelova (bulgaria), Cveta Rangelova (bulgaria)",cleaned_file.xlsx,Sheet1,1453
Name,Tuomas Kettunen,Tuomas Kettunen (finland),cleaned_file.xlsx,Sheet1,1454
Name,Tuuli Kousa,"Kousa (finland), Tuuli Kousa (finland)",cleaned_file.xlsx,Sheet1,1455
Name,Tuulia Alanko,Tuulia Alanko (finland),cleaned_file.xlsx,Sheet1,1456
Name,Txema Oleaga,Txema Oleaga (spain),cleaned_file.xlsx,Sheet1,1457
Name,"Tynkkynen, Sebastian","Tynkkynen (finland), Sebastian Tynkkynen (finland), Sebastian Tynkky (finland)",cleaned_file.xlsx,Sheet1,1458
Name,Tytti Tuppurainen,Tytti Tuppurainen (finland),cleaned_file.xlsx,Sheet1,1459
Name,Tânger Correia,Tânger Correia (portugal),cleaned_file.xlsx,Sheet1,1460
Name,UK Labour,"Labour (croatia), UK Labour (croatia)",cleaned_file.xlsx,Sheet1,1461
Name,Udo Lindenberg,Udo Lindenberg (germany),cleaned_file.xlsx,Sheet1,1462
Name,Ulf Kristersson,"Ulf Krist (croatia), Ulf Krist (sweden)",cleaned_file.xlsx,Sheet1,1463
Name,Ulrich Siegmund,Ulrich Siegmund (germany),cleaned_file.xlsx,Sheet1,1464
Name,Ulrika Westerlund,Ulrika westerlund (sweden),cleaned_file.xlsx,Sheet1,1465
Name,Ulrike Herrmann,Ulrike Herrmann (germany),cleaned_file.xlsx,Sheet1,1466
Name,Umihana Rasovic,Umihana Rasovic (sweden),cleaned_file.xlsx,Sheet1,1467
Name,Ungár Péter,Ungár Péter (hungary),cleaned_file.xlsx,Sheet1,1468
Name,Unna Eteläinen,Unna Eteläinen (finland),cleaned_file.xlsx,Sheet1,1469
Name,Urho Kekkonen,Kekkonen (finland),cleaned_file.xlsx,Sheet1,1470
Name,Ursula van der Leyen,"Urs. (germany), Urs (germany)",cleaned_file.xlsx,Sheet1,1471
Name,Urszula Zielińska,Zielińska (poland),cleaned_file.xlsx,Sheet1,1472
Name,Urša Raukar Gamulin,Urša Raukar Gamulin (croatia),cleaned_file.xlsx,Sheet1,1473
Name,VMRO,"VMRO (bulgaria), -VMRO (bulgaria)",cleaned_file.xlsx,Sheet1,1474
Name,Valentin Vatsev,"Valentin Vatsev (bulgaria), Vatsev (bulgaria)",cleaned_file.xlsx,Sheet1,1475
Name,Valery Hayer,Valery Hayer (france),cleaned_file.xlsx,Sheet1,1476
Name,Valter Flego,Valter Flego (croatia),cleaned_file.xlsx,Sheet1,1477
Name,Valtteri Jussila,Valtteri Jussila (finland),cleaned_file.xlsx,Sheet1,1478
Name,Valtteri Paakki,Paakki (finland),cleaned_file.xlsx,Sheet1,1479
Name,Valérie Hayer,"Valérie Hayer Manin Aubry Marie Cholley Jorndan Bardella Gabriel Attal (france), Hayer (france), Valérie Hayer F. Philoppot Marine Le Pen (france), Valerie Hayer (france), Valérie Hayer (france), Valerie Hayer (finland)",cleaned_file.xlsx,Sheet1,1480
Name,Valérie Pécresse,"Pécresse (france), Valérie Pécresse (france)",cleaned_file.xlsx,Sheet1,1481
Name,Vanya Georgieva,Vanya Georgieva (bulgaria),cleaned_file.xlsx,Sheet1,1482
Name,Vanya Grigorova,"Vanya Grigorov (bulgaria), Vanya Grigorova (bulgaria)",cleaned_file.xlsx,Sheet1,1483
Name,Vapauden Liitto,vapauden liitto (finland),cleaned_file.xlsx,Sheet1,1484
Name,Vasil Bozhkov,"Vasil Bozhkov (bulgaria), Vasil Bovkov (bulgaria), vasil Bozhkov (bulgaria)",cleaned_file.xlsx,Sheet1,1485
Name,Vassil Bozhkov,"Vassil Bojkov (bulgaria), Vasil Bojkov (bulgaria)",cleaned_file.xlsx,Sheet1,1486
Name,Vassil Terziev,Vassil Terziev (bulgaria),cleaned_file.xlsx,Sheet1,1487
Name,Vasya Mihaylova,Vasya Mihaylova (bulgaria),cleaned_file.xlsx,Sheet1,1488
Name,Veber,"Manfred Veber (bulgaria), Veber (bulgaria)",cleaned_file.xlsx,Sheet1,1489
Name,Veera Mertsola,Veera Mertsola (finland),cleaned_file.xlsx,Sheet1,1490
Name,Velichie,"Velichie [Greatness] (bulgaria), Velichie (bulgaria), Velichie' (bulgaria), -Velichie (bulgaria)",cleaned_file.xlsx,Sheet1,1491
Name,Velizar Enchev,Velizar Enchev (bulgaria),cleaned_file.xlsx,Sheet1,1492
Name,Venko Sabrutev,Venko Sabrutev (bulgaria),cleaned_file.xlsx,Sheet1,1493
Name,Vessela Lecheva,Vessela Letcheva (bulgaria),cleaned_file.xlsx,Sheet1,1494
Name,Vezhdi Rashidov,Vezhdi Rashidov (bulgaria),cleaned_file.xlsx,Sheet1,1495
Name,Viivi Järvelä,Järvelä (finland),cleaned_file.xlsx,Sheet1,1496
Name,Viktor Orbán,"Viktor ORban (croatia), Orban (hungary), Viktor Orban (bulgaria), orban (hungary), Orban (bulgaria), Orban (spain), Orban (finland), Orban (germany), Viktor Orban (finland), Viktor Orban (croatia), Orban (croatia)",cleaned_file.xlsx,Sheet1,1497
Name,Viktoriya Vasileva,Viktoria Vassileva (bulgaria),cleaned_file.xlsx,Sheet1,1498
Name,Vili Beroš,Vili Beroš (croatia),cleaned_file.xlsx,Sheet1,1499
Name,Ville Merinen,"Vlle Meriläinen (finland), Ville Merinen (finland)",cleaned_file.xlsx,Sheet1,1500
Name,Ville Merisalo,Ville Merisalo (finland),cleaned_file.xlsx,Sheet1,1501
Name,Ville Rydman,Ville Rydman (finland),cleaned_file.xlsx,Sheet1,1502
Name,Viola Amherd,Viola Amherd (croatia),cleaned_file.xlsx,Sheet1,1503
Name,Virginie Joron,Virginie Joron (france),cleaned_file.xlsx,Sheet1,1504
Name,"Virkkunen, Henna","Virkkunen (finland), Henna Virkkun (finland), Henna Virkkunen (finland)",cleaned_file.xlsx,Sheet1,1505
Name,Vitali Klitschko,Vitali Klitschko (croatia),cleaned_file.xlsx,Sheet1,1506
Name,Vito Quiles,Vito Quiles (spain),cleaned_file.xlsx,Sheet1,1507
Name,Vitézy Dávid,Vitézy Dávid (hungary),cleaned_file.xlsx,Sheet1,1508
Name,Vivien Costanzo,Vivien Constanzo (croatia),cleaned_file.xlsx,Sheet1,1509
Name,Vladimir Putin,"Putin (hungary), putin (spain), Vladimir Putin (sweden), Putin (france), Putin (finland), Putin (poland), Putin (germany), Vladimir Putin (croatia), Putiin (spain), Putin (spain), Putin (croatia), Vladimir Putin (finland), Putin (bulgaria), Vladimir Putin (bulgaria)",cleaned_file.xlsx,Sheet1,1510
Name,Vladimir Šeks,Vladimir Šeks (croatia),cleaned_file.xlsx,Sheet1,1511
Name,Vladislav Goranov,Vladislav Goranov (bulgaria),cleaned_file.xlsx,Sheet1,1512
Name,Volen Siderov,"Volen Siderov (bulgaria), Volen Sidorov (bulgaria), Volen SIderov (bulgaria)",cleaned_file.xlsx,Sheet1,1513
Name,Volodymyr Zelensky,"Zelenski (germany), Zelenski (spain), Vollodimir Zelenski (bulgaria)",cleaned_file.xlsx,Sheet1,1514
Name,Volt,"Volt Deutschland (finland), Volt Europa (finland), Volt (finland), Volt Europa (croatia), Volt (croatia), Volt (portugal), Volt Portugal (portugal), Volt (germany)",cleaned_file.xlsx,Sheet1,1515
Name,Von der Leyen,"von de Leyen (finland), Fon der Leyen (bulgaria), U. Von der Leyen (poland), U. Von der Layen (poland), Van der Leyen (portugal), Von der Layen (spain), Yrsula von der Leyen (bulgaria), van der Leyen (germany), Von Der Leyen-epp (bulgaria)",cleaned_file.xlsx,Sheet1,1516
Name,Vona Gábor,Vona Gábor (hungary),cleaned_file.xlsx,Sheet1,1517
Name,Vyara Todeva,Vyara Todeva (bulgaria),cleaned_file.xlsx,Sheet1,1518
Name,Vänsterpartiet,Vänster (sweden),cleaned_file.xlsx,Sheet1,1519
Name,Víctor Camino,Víctor Camino (spain),cleaned_file.xlsx,Sheet1,1520
Name,Waldemar Buda,W. Buda (poland),cleaned_file.xlsx,Sheet1,1521
Name,W. Zembaczyński,W. Zembaczyński (poland),cleaned_file.xlsx,Sheet1,1522
Name,Wagenecht,Wagenecht (germany),cleaned_file.xlsx,Sheet1,1523
Name,Walter Baier,"Walter Baeier (croatia), Walter Baier (portugal)",cleaned_file.xlsx,Sheet1,1524
Name,Wawer,"M. Wawer (poland), Wawer (poland)",cleaned_file.xlsx,Sheet1,1525
Name,We Continue the Change – Democratic Bulgaria,We Continue the Change (bulgaria),cleaned_file.xlsx,Sheet1,1526
Name,Wernher von Braun,von Braun (germany),cleaned_file.xlsx,Sheet1,1527
Name,Westerholm,Westerholm (finland),cleaned_file.xlsx,Sheet1,1528
Name,Wiedel,"Alice Wiedel (germany), Wiedel (germany)",cleaned_file.xlsx,Sheet1,1529
Name,Wielichowska,Wielichowska (poland),cleaned_file.xlsx,Sheet1,1530
Name,Wille Rydman,Wille Rydman (finland),cleaned_file.xlsx,Sheet1,1531
Name,Wolfgang Kubicki,"Kubicki (germany), Wolfgang Kubicki (germany)",cleaned_file.xlsx,Sheet1,1532
Name,Władysław Kosiniak-Kamysz,"Kosiniak-Kamysz (poland), W. Kosiniak-Kamysz (poland)",cleaned_file.xlsx,Sheet1,1533
Name,Włodzimierz Czarzasty,"Wlodzimierz Czarzasty (poland), Włodzimierz Czarzasty (poland)",cleaned_file.xlsx,Sheet1,1534
Name,Xavier Bettel,Xavier Bettel (croatia),cleaned_file.xlsx,Sheet1,1535
Name,Xi Jinping,"Jinping (bulgaria), Xi Jinping (croatia), Xi (finland), Xi (bulgaria), Xi Jinping (france), Xi Jinpin (croatia)",cleaned_file.xlsx,Sheet1,1536
Name,YLE,"Yle Kioski (finland), YLE (finland)",cleaned_file.xlsx,Sheet1,1537
Name,Yair Lapid,Yair Lapid (sweden),cleaned_file.xlsx,Sheet1,1538
Name,Yanis Varoufakis,"Yanis Varoufakis (germany), Yanis Varoufakis (sweden), Yanis Varoufakis (bulgaria), Yanis Varoufakis (portugal), Yannis Varoufakis (croatia), Varoufakis (finland), Yanis Varoufakis (finland), Yanis Varoufakis (croatia)",cleaned_file.xlsx,Sheet1,1539
Name,Yannick Lahti,Yannick Lahti (finland),cleaned_file.xlsx,Sheet1,1540
Name,Yavor Bozhankov,"Yavor Bojankov (bulgaria), Yavor Boznakov (bulgaria), Yavor Bozhankov (bulgaria)",cleaned_file.xlsx,Sheet1,1541
Name,Yaël Braun-Pivet,"Yaël Braun-Pivet (france), Yael Braun-Pivet (france)",cleaned_file.xlsx,Sheet1,1542
Name,Yehuda Shaul,Yehuda Shaul (portugal),cleaned_file.xlsx,Sheet1,1543
Name,Yes Bulgaria,"Yes Bulgaria (bulgaria), Yes (bulgaria), Bulgaria (bulgaria), Yes  (bulgaria), Yes BG/Democratic Bulgaria (bulgaria), Yes Bulgaria! (bulgaria)",cleaned_file.xlsx,Sheet1,1544
Name,Yolanda Díaz,Yolamsa Díaz (spain),cleaned_file.xlsx,Sheet1,1545
Name,Yolanda Morpe,Yolanda Morpe (spain),cleaned_file.xlsx,Sheet1,1546
Name,Yonnec Polet,Yonnec Polet (croatia),cleaned_file.xlsx,Sheet1,1547
Name,Yordan Tsonev,Yordan Tzonev (bulgaria),cleaned_file.xlsx,Sheet1,1548
Name,Yordanka Fandakova,Yordanka Fandakova (bulgaria),cleaned_file.xlsx,Sheet1,1549
Name,Zalewski,Zalewski (poland),cleaned_file.xlsx,Sheet1,1550
Name,Zanni-ID,Zanni-ID (bulgaria),cleaned_file.xlsx,Sheet1,1551
Name,Zbigniew Kuźmiuk,Kuźmiuk (poland),cleaned_file.xlsx,Sheet1,1552
Name,Zbigniew Rau,Zbigniew Rau (poland),cleaned_file.xlsx,Sheet1,1553
Name,Zemoour,Zemoour (france),cleaned_file.xlsx,Sheet1,1554
Name,Zhecho Stankov,"Zhecho Stankov (bulgaria), Zheko Stankov (bulgaria)",cleaned_file.xlsx,Sheet1,1555
Name,Zimmerman,Frau Zimmerman (germany),cleaned_file.xlsx,Sheet1,1556
Name,Ziobro,Ziobro (poland),cleaned_file.xlsx,Sheet1,1557
Name,Zofia Malisz,Zofia Malisz (poland),cleaned_file.xlsx,Sheet1,1558
Name,Zoran Milanović,"Zoran Milanović (croatia), Zoran Milanovć (croatia)",cleaned_file.xlsx,Sheet1,1559
Name,Zukowska,"Zukowska (poland), Anna Maria Zukowska (poland)",cleaned_file.xlsx,Sheet1,1560
Name,Zvonimir Troskot,Zvonimir Troskot (croatia),cleaned_file.xlsx,Sheet1,1561
Name,atteh,atteh (finland),cleaned_file.xlsx,Sheet1,1562
Name,carla_antonelli,carla_antonelli (spain),cleaned_file.xlsx,Sheet1,1563
Name,carlesesteveaparicio,carlesesteveaparicio (spain),cleaned_file.xlsx,Sheet1,1564
Name,cket,cket (germany),cleaned_file.xlsx,Sheet1,1565
Name,Col. Nikolay Markov,"col. markov (bulgaria), col. Markov (bulgaria)",cleaned_file.xlsx,Sheet1,1566
Name,diaz ayuso,"Diaz Ayuso (spain), diaz ayuso (spain), Isabel Diaz Ayuso (spain)",cleaned_file.xlsx,Sheet1,1567
Name,droń,droń (poland),cleaned_file.xlsx,Sheet1,1568
Name,duro Dora,"duro Dora (hungary), Duro Dora (hungary), duro dora (hungary)",cleaned_file.xlsx,Sheet1,1569
Name,edelgadorgaz,edelgadorgaz (spain),cleaned_file.xlsx,Sheet1,1570
Name,eduardo zaplana,eduardo zaplana (spain),cleaned_file.xlsx,Sheet1,1571
Name,emilio delgado,"emilio delgado (spain), Emilio Delgado (spain)",cleaned_file.xlsx,Sheet1,1572
Name,Íñigo Errejón,"errejon (spain), Errejon (spain)",cleaned_file.xlsx,Sheet1,1573
Name,feijoo,"Feijoo (spain), feijoo (spain), Alberto Núñez Feijoo (spain), Alberto Sánchez Feijoo (spain)",cleaned_file.xlsx,Sheet1,1574
Name,galan,"estrella galan (spain), Estella Galan (croatia), Estrella galan (spain), galan (spain), strella Galan (croatia), Estrella Galan (spain), Estrella Galan (croatia)",cleaned_file.xlsx,Sheet1,1575
Name,i_montero_,"i_montero (spain), i_montero_ (spain)",cleaned_file.xlsx,Sheet1,1576
Name,ikke,ikke (poland),cleaned_file.xlsx,Sheet1,1577
Name,ionebelarra,ionebelarra (spain),cleaned_file.xlsx,Sheet1,1578
Name,javi_guardiola,javi_guardiola (spain),cleaned_file.xlsx,Sheet1,1579
Name,joanbaldovi,"Joanbaldovi (spain), joanbaldovi (spain)",cleaned_file.xlsx,Sheet1,1580
Name,jockaman,jockaman (finland),cleaned_file.xlsx,Sheet1,1581
Name,Jorge Pueyo,jorge pueyo (spain),cleaned_file.xlsx,Sheet1,1582
Name,juralde,juralde (spain),cleaned_file.xlsx,Sheet1,1583
Name,magda,"MAgda A (sweden), magda (sweden), Magda a (sweden), Magda Andersson (sweden), Magda a. (sweden), magda a (sweden), Magda Anderson (sweden), Magda Adamowicz (poland), magda A (sweden), Magda A. (sweden), Magda A (sweden)",cleaned_file.xlsx,Sheet1,1584
Name,marotoreyes,marotoreyes (spain),cleaned_file.xlsx,Sheet1,1585
Name,mjcatala,mjcatala (spain),cleaned_file.xlsx,Sheet1,1586
Name,monicagarciag_,"monicagarciag (spain), monicagarciag_ (spain)",cleaned_file.xlsx,Sheet1,1587
Name,ontaines,ontaines (france),cleaned_file.xlsx,Sheet1,1588
Name,owicz,owicz (poland),cleaned_file.xlsx,Sheet1,1589
Name,pablo_echenique_,pablo_echenique_ (spain),cleaned_file.xlsx,Sheet1,1590
Name,pablobustinduy,pablobustinduy (spain),cleaned_file.xlsx,Sheet1,1591
Name,pedro_frazao,pedro_frazao (portugal),cleaned_file.xlsx,Sheet1,1592
Name,Pepe Mujica,"Pepe Mujica (portugal), pepe mujica (spain), Pepe Mujica (spain)",cleaned_file.xlsx,Sheet1,1593
Name,rita_maestre,rita_maestre (spain),cleaned_file.xlsx,Sheet1,1594
Name,rodriguez zapatero,"JL Rodriguez Zapatero (spain), rodriguez zapatero (spain)",cleaned_file.xlsx,Sheet1,1595
Name,SocDem,"Soc Dem Youth (sweden), Soc dem (sweden), Soc (sweden), soc dem (sweden)",cleaned_file.xlsx,Sheet1,1596
Name,van Lovrinović,Ivan Lovrinović (croatia),cleaned_file.xlsx,Sheet1,1597
Name,Àngels Barceló,Àngels Barceló (spain),cleaned_file.xlsx,Sheet1,1598
Name,Ákos Hadházy,Hadházy Ákos (hungary),cleaned_file.xlsx,Sheet1,1599
Name,Ángel Expósito,Ángel Expósito (spain),cleaned_file.xlsx,Sheet1,1600
Name,Ángel Gaitán,Ángel Gaitán (spain),cleaned_file.xlsx,Sheet1,1601
Name,Åsa Westlund,Åsa Westlund (sweden),cleaned_file.xlsx,Sheet1,1602
Name,Éric Zemmour,"Zemmour (france), Eric Zemmour (france)",cleaned_file.xlsx,Sheet1,1603
Name,Österreichische Volkspartei (ÖVP),Österreichische Volksparte (croatia),cleaned_file.xlsx,Sheet1,1604
Name,Łukasz Kohut,"Kohut (poland), Lukasz Kohut (poland)",cleaned_file.xlsx,Sheet1,1605
Name,Željana Zovko,Željana Zovko (croatia),cleaned_file.xlsx,Sheet1,1606
Name,Željko Jovanović,Željko Jovanović (croatia),cleaned_file.xlsx,Sheet1,1607
Name,Željko Komšić,Željko Komšić (croatia),cleaned_file.xlsx,Sheet1,1608
Party,,"PES (croatia), Nanna (finland), ""Izpravi si (bulgaria), Trevor Noah (portugal), KO/PO (poland), wer (poland), Jakobsfilm (germany), jse_org (spain), Socialists and Democrats (croatia), xe (france), Balgaria (bulgaria), rumenradev (bulgaria), FPOE (germany), IR EU (sweden), AI (bulgaria), Instagram (sweden), La SER (spain), stö (finland), Perlai Zoltán (hungary), Shahid K. Bolsen (portugal), PC (france), Forum for Democracy (finland), Rothschild (france), PM Glavchev (bulgaria), Silvia Intxaurrondo (spain), Bie (poland), hazank (hungary), Messiah Hallberg (sweden), DB-PP (bulgaria), Cde Cristiaan Carstens (finland), Equi (france), nan, udadanos (spain), Keskustanuoret (finland), Front Populaire (france), chal Le Pen (france), Marion Mar (france), Jesús Cintora (spain), ongo (spain), MasMadrid (spain), Trecia Droga (poland), Sobóla (poland), Ataka (bulgaria), vo (spain), Sara Seppänen (finland), PNT-CD (spain), ophile Movement (bulgaria), Nicolas Sarcozy Jodran Bardella Clemence Guette (france), Gruene Schweiz (croatia), Roksana (bulgaria), Sinimustahallitus (finland), Fokus (croatia), Mikhail Gorbachev (croatia), instagram (portugal), Pressat (finland), Azahriah (hungary), Spasi Sofia (bulgaria), populares_valencia (spain), Pour La Réunion (france), Ke (hungary), Bus Heickourt (portugal), Perussuom (finland), Jean-Philippe Tanguy (france), Macron-Hayer (france), El rey (spain), El Palleter (spain), João Miguel Tavares (portugal), MH (hungary), MEP (bulgaria), gaard (sweden), Tzentar (bulgaria), Dagens Nyheter (sweden), MEP (croatia), Instagram (portugal), Antonio Pingo (portugal), sson (croatia), Evang. Jugend (germany), Instagram (hungary), Claire Danes (croatia), Teollisuus liitto (finland), Clémentine Autain (france), Todorov (bulgaria), Renacimiento (spain), Mhm (hungary), Navalni (bulgaria), Filipa Pinto (portugal), Paa (finland), Masmadrid (spain), Eltsin (bulgaria), Cornel West (croatia), Tories (croatia), Parti Equinoxe (france), Cláudia Azevedo (portugal), demokra (finland), inn Fein (bulgaria), lib (sweden), Omas gegen Rechts (germany), Bardella Attal (france), O (spain), wica (poland), AGROunia (poland), Dorot (poland), Akseli Erkkilä (finland), Hamburger Junge (germany), Desokupa (spain), Dershowitz (portugal), Begona (spain), We Contitnue the Change-Democratic Bulgaria (bulgaria), Karima Dell (france), Moment (hungary), José Luis Sastre (spain), Miko Bergbom (finland), Suomipop (finland), ka (poland), Orpo. Stubb (finland), Roy Casagranda (portugal), oe (spain), alto (finland), enchon Marion Marechal (france), Tory (sweden), Evangelistic Youth (germany), La Francia Insumisa (spain), Sarkozi (france), Edinenie (bulgaria), MTV Uutiset (finland), Miller (poland), RTVE (spain), Reverend Munther Isaac (portugal), PSOEE (spain), National Assembly (france), Interior (bulgaria), Izpravie se (bulgaria), FFF Deutschalnd (germany), William (hungary), Count Binface (croatia), kor (poland), Angelina Jolie (sweden), Örebro (sweden), Richard D. Wolff (portugal), Revi (bulgaria), Hristo Rastashki (bulgaria), Michael Stuerzenberger (germany), Antonio Pinto Ferreira (portugal), Възраждане/Revival (bulgaria), Thomas Glould (finland), Nationalistische-Vlaamse_Jeugd (croatia), Fdi (spain), Ampel (germany), Величие/Greatness (bulgaria), PSF (france), ner (sweden), Lado (portugal), Franco (spain), Ramalho Eanes (portugal), Vasemmisto (finland), Tim Vieira (portugal), Reclaimtiktok (germany), Sosiaalidemokra (finland), Sinn Fein (croatia), François Philippot (france), Antoine Léaument (france), João olig (portugal), Svetlana Tihanovskaya (bulgaria), val (bulgaria), Može (croatia), Parbeszed-Zoldek (hungary), Jorge Pinto (portugal), Kings od (spain), MTV3 (finland), Senate (spain), Factous (spain), Jon Stewart (croatia), Velichie/Greatness (bulgaria), kiewicz (poland), Ungsvenskarna (sweden), PP-DB-Save Sofia (bulgaria), Ilham Aliyev (bulgaria), Antonio Pinto Pereira (portugal), ! (croatia), fide (hungary), Rathbone (finland), Peter Hahne (germany), laiset (finland), Carni (bulgaria), h anna (hungary), Socialdemocratic party (croatia), Tom Hanks (croatia), Frances Fitzgerald (croatia), The Pope (hungary), bro (sweden), Stéphane Ravier (france), Wehrt Euch Leistet Widerstand (germany), Edward Said (portugal), Ljubo Cesić Rojs (croatia), sty (poland), NNGG Cantabria (spain), Clemence Guetté (france), Chunta Aragonesista (spain), no (france), Raquel Varela (portugal), Si (poland), Afp (finland), PsNuoret (finland), Brył (poland), Pedro Lopes (portugal), Cristina Pardo (spain), Sangervo. Bergbom (finland), Aimar Bretos (spain), Stonoga (poland), Sosial (finland), dem Democrats (sweden), Democrat (sweden), kki (finland), Kovan (finland), Taskila (finland), Sinya Bulgaria (bulgaria), Romain Baubry (france), UN Sec council (germany), RPF (france), Carlos Herrera (spain), instagram (france), - (poland), ić (croatia), Bernard Arnault (france), Centar (croatia), Katarzy (poland), Barely Informed (finland), Cadena SER (spain), Adelante Andalucia (spain), Hanah Lahe (bulgaria), Cake Minuesa (spain), Mohamed Mara (france), Bergbom (finland), sky (sweden), OEVP (germany), IU Moralzarzal (spain), Laure Lavalette (france), Avi Shlaim (portugal), Centar (bulgaria), PPE (portugal), Manon Aurbry Sebastien Delogu (france), ECR-Vox (portugal), Público (spain), Hrvatski suverenisti (croatia), Czarza (poland), Instagram (spain), Vlaams Belang (portugal), Kajsa Ekman (sweden), Maria Conce (portugal), ski (poland), European Commission (hungary), Javier Gallego (spain), Sinn Fein (bulgaria), Soros György (hungary), Carnival (bulgaria), Lewic (poland), Mattie McGrath (bulgaria), Ayaan Hirsi Ali (hungary), Szakács István (hungary), RenewEurope (finland), Bu (bulgaria), Nanna Väätäinen (finland), Про (bulgaria), Nikolya Markov (bulgaria), farku (hungary), Aurélien Taché (france), ria mozhe (bulgaria), Wa (poland), Sérgio Pinto (portugal), Hirsi Ali (hungary), vazrazhdane.bg (bulgaria), Instragram (portugal), Tom Benoit (france), MHM (hungary), ist (france), Supreme Court (spain), Melchor Miralles (spain), Pirkanmaan Vasemmisto (finland), Seppänen (finland), Noam Cho (sweden), Да (bulgaria), Christiane Amanpour (croatia), Karl Gustav XVI (sweden), Judite Costa (portugal), Vincent Lapierre (france), Clémence Guetté (france), Keskusta Ylivieska (finland), Jacob Miller (portugal), Väätäinen (finland), PP-DO (bulgaria), Boldonaro (portugal), Party of European Socialists (croatia), Jolamadi (finland), Musk (poland), Smohy Eddin (bulgaria), Dieudonné (france), Fabian Koester (germany), Green-Párbeszéd (hungary), жаваме Промяната (bulgaria), Antonio Decaro (bulgaria), EDATV (spain), sson (sweden), Glenn (portugal), RenewEU (sweden), PES (finland), Benoît Hamon (france), Karbovsky (bulgaria), adelante andalucía (spain), Toma Bikov (bulgaria), s Terry (germany), Equinoxe party (france), Socialists&Democrats (croatia), Janne Hirvassalo (finland), -Democra (bulgaria), tic (bulgaria), PSC (spain), Hilaire Bouye (france)",cleaned_file.xlsx,Sheet1,1609
Party,Alliance (poland),"A. Gajewska (poland), A. Krzemiński (poland), A. Dulkiewicz (poland), A. Kwaśnie (poland), M. Kierwinski A. Bryłka (poland), A. Duda (poland), A. Kosztowniak (poland), A. Myrcha (poland)",cleaned_file.xlsx,Sheet1,1610
Party,Alliance (spain),"Aliança Catalana (spain), Se A (spain)",cleaned_file.xlsx,Sheet1,1611
Party,Alliance 90/The Greens (germany),"Greens Baerbock (germany), Habeck Greens (germany), Baerbock Greens (germany), Greens Habeck (germany), Bündnis (germany)",cleaned_file.xlsx,Sheet1,1612
Party,Alternative for Germany,Alternative für Deutschland (finland),cleaned_file.xlsx,Sheet1,1613
Party,Alternative for Sweden (sweden),"Alternative for Sweeden (sweden), Alternative for Sweden (sweden)",cleaned_file.xlsx,Sheet1,1614
Party,BSP for Bulgaria (bulgaria),BSP (bulgaria),cleaned_file.xlsx,Sheet1,1615
Party,Basta! (poland),"B. Zelazowska (poland), B. Pejo (poland), B. Bochenczak (poland), B. Budka (poland), B. Żelazowska (poland), B. Sie (poland)",cleaned_file.xlsx,Sheet1,1616
Party,Basta! (spain),bó La (spain),cleaned_file.xlsx,Sheet1,1617
Party,Bulgaria Mozhe (bulgaria),Bulgariamozhe (bulgaria),cleaned_file.xlsx,Sheet1,1618
Party,Bündnis Deutschland (germany),"Buendnis Deutschland (germany), Bündnis Deutschland (germany), BD (germany)",cleaned_file.xlsx,Sheet1,1619
Party,Bündnis Sahra Wagenknecht (germany),BSW (germany),cleaned_file.xlsx,Sheet1,1620
Party,CHEGA! (croatia),Die Gruene Ch (croatia),cleaned_file.xlsx,Sheet1,1621
Party,Centre Party (finland),"Kesk (finland), Keskusta (finland)",cleaned_file.xlsx,Sheet1,1622
Party,Centre Party (poland),C. Tomczyk (poland),cleaned_file.xlsx,Sheet1,1623
Party,Centre Party (sweden),C (sweden),cleaned_file.xlsx,Sheet1,1624
Party,Christian Democratic Union (germany),"CDU/EVP (germany), EVP/CDU/CSU (germany)",cleaned_file.xlsx,Sheet1,1625
Party,Christian Democrats (finland),KD (finland),cleaned_file.xlsx,Sheet1,1626
Party,Christian Democrats (sweden),KD (sweden),cleaned_file.xlsx,Sheet1,1627
Party,Christian Social Union in Bavaria,"CSU (germany), CDU/CSE (germany)",cleaned_file.xlsx,Sheet1,1628
Party,Citizens' Coalition (sweden),Medborgerlig Samling (sweden),cleaned_file.xlsx,Sheet1,1629
Party,Citizens–Party of the Citizenry (spain),Ciudadanos (spain),cleaned_file.xlsx,Sheet1,1630
Party,Civic Platform (poland),"Platworma Obywatelska (poland), PO (poland), Platforma Obywatelska/Koalicja Obywatelska (poland), Platforma Obywatelska (poland)",cleaned_file.xlsx,Sheet1,1631
Party,Coalition of the Rose[bg] (bulgaria),Coalition of the Roses (bulgaria),cleaned_file.xlsx,Sheet1,1632
Party,Communist Party of Finland (finland),SKP (finland),cleaned_file.xlsx,Sheet1,1633
Party,Confederation (poland),"Confederation (poland), Konfederacja (poland), Konfederacja Obywatelska (poland), Confederation , Lawn and Justice (poland)",cleaned_file.xlsx,Sheet1,1634
Party,Croatian Democratic Union (croatia),"HDZ (croatia), Croatian Democratic Union (croatia)",cleaned_file.xlsx,Sheet1,1635
Party,Croatian Social Liberal Party (croatia),HSLS (croatia),cleaned_file.xlsx,Sheet1,1636
Party,DK–MSZP–Dialogue Alliance (hungary),"DK (hungary), Demokratikus Koalíció (hungary)",cleaned_file.xlsx,Sheet1,1637
Party,Defend the Children (france),"Pierre de Gaulle (france), Philippe de Villiers (france)",cleaned_file.xlsx,Sheet1,1638
Party,Defend the Children (germany),Thomas de Maiziere (germany),cleaned_file.xlsx,Sheet1,1639
Party,Defend the Children (spain),"Ministra de Igualdad (spain), Jaime Miguel de los Santos (spain)",cleaned_file.xlsx,Sheet1,1640
Party,Defend the Children (sweden),ilan de basso (sweden),cleaned_file.xlsx,Sheet1,1641
Party,Die PARTEI (germany),Die Partei (germany),cleaned_file.xlsx,Sheet1,1642
Party,Direct Democracy (bulgaria),Direct democracy (bulgaria),cleaned_file.xlsx,Sheet1,1643
Party,EPPOC–Brouette–Décroissance (bulgaria),B (bulgaria),cleaned_file.xlsx,Sheet1,1644
Party,European Democratic Party (germany),PDE/EDP European Democrats (germany),cleaned_file.xlsx,Sheet1,1645
Party,Feminists to the Congress (spain),Feministas Al Congreso (spain),cleaned_file.xlsx,Sheet1,1646
Party,Fidesz–KDNP,Fidesz (croatia),cleaned_file.xlsx,Sheet1,1647
Party,Finns Party (finland),"ps (finland), Finns (finland), PS Nuoret (finland), Perussiomalaiset (finland), PS nuoret (finland), PS (finland), Finns party (finland), Finns Party (finland)",cleaned_file.xlsx,Sheet1,1648
Party,Folklistan (sweden),Folklistan (sweden),cleaned_file.xlsx,Sheet1,1649
Party,Free Democratic Party (germany),"S-Z FDP (germany), FDP (germany)",cleaned_file.xlsx,Sheet1,1650
Party,Free Democratic Party (hungary),FDP (hungary),cleaned_file.xlsx,Sheet1,1651
Party,Free Democratic Party (spain),FDP (spain),cleaned_file.xlsx,Sheet1,1652
Party,Free Voters (germany),Freie Wählter (germany),cleaned_file.xlsx,Sheet1,1653
Party,French Communist Party–FGR–PCR–PCM–HeD (france),"French Communist Party (france), PCF (france), Communist party (france)",cleaned_file.xlsx,Sheet1,1654
Party,Future (germany),F. Merz (germany),cleaned_file.xlsx,Sheet1,1655
Party,GERB–SDS (bulgaria),SDS (bulgaria),cleaned_file.xlsx,Sheet1,1656
Party,Green League (finland),"Vihreä (finland), Helsingin vihreät nuoret (finland), Vihreät (finland), vihreät (finland), Haminanseudun vihreät (finland)",cleaned_file.xlsx,Sheet1,1657
Party,Green Party (sweden),MP (sweden),cleaned_file.xlsx,Sheet1,1658
Party,Homeland Movement (croatia),"Domovinski Pokret (croatia), Domovinski pokret (croatia), Homeland movement (croatia), Homeland Movement (croatia)",cleaned_file.xlsx,Sheet1,1659
Party,Human Rights and Democracy (sweden),Mod (sweden),cleaned_file.xlsx,Sheet1,1660
Party,Hungarian Two-Tailed Dog Party (hungary),"MKKP (hungary), mkkp (hungary)",cleaned_file.xlsx,Sheet1,1661
Party,Independent list of Ladislav Ilčić (croatia),Ladislav Ilčić (croatia),cleaned_file.xlsx,Sheet1,1662
Party,Independents - Third way (poland),"Trzecia Droga (poland), Trzecia droga (poland)",cleaned_file.xlsx,Sheet1,1663
Party,Jobbik – Conservatives (hungary),Jobbik (hungary),cleaned_file.xlsx,Sheet1,1664
Party,KORWiN (poland),Korwin (poland),cleaned_file.xlsx,Sheet1,1665
Party,LIVRE,L (france),cleaned_file.xlsx,Sheet1,1666
Party,La France Insoumise–PG–GES–REV–Péyi-A–PLR,"Insoumise (croatia), La France Insoumise (croatia)",cleaned_file.xlsx,Sheet1,1667
Party,Law and Justice (croatia),Pravo i pravda (croatia),cleaned_file.xlsx,Sheet1,1668
Party,Law and Justice (poland),"Confederation , Law and Justice (poland), Prawo i Sprawiedliwolść (poland), PiS (poland), Prawo i Srawiedliwość (poland), Prawo i Sprawiedliwość (poland)",cleaned_file.xlsx,Sheet1,1669
Party,Left Alliance (finland),Vasemmistoliitto (finland),cleaned_file.xlsx,Sheet1,1670
Party,Left Bloc (portugal),BE (portugal),cleaned_file.xlsx,Sheet1,1671
Party,Left Party (sweden),V (sweden),cleaned_file.xlsx,Sheet1,1672
Party,Left Together (poland),Razem (poland),cleaned_file.xlsx,Sheet1,1673
Party,Liberal Initiative (portugal),IL (portugal),cleaned_file.xlsx,Sheet1,1674
Party,Liberal Party – Freedom to Choose (finland),Liberaalipuolue (finland),cleaned_file.xlsx,Sheet1,1675
Party,Liberals (sweden),"Liberals (sweden), L (sweden)",cleaned_file.xlsx,Sheet1,1676
Party,MERA25 – United for European Independence (germany),"mera25 (germany), Mera25 (germany)",cleaned_file.xlsx,Sheet1,1677
Party,Moderate Party (poland),"M. Witek (poland), M. Giertych (poland), M. Wróbel (poland), M. Gramatyka (poland), M. Przydasz (poland), -M (poland), M. Kierwinnski (poland), M. Kidawa-Błonska (poland), M (poland), M. Rosa (poland), M. Wąsik (poland), M. Moskal (poland), M. Weber (poland)",cleaned_file.xlsx,Sheet1,1678
Party,Moderate Party (portugal),Pedro M. Lopes (portugal),cleaned_file.xlsx,Sheet1,1679
Party,Moderate Party (spain),"Jose M. Albares (spain), Jose M. G Jurado (spain), m (spain)",cleaned_file.xlsx,Sheet1,1680
Party,Moderate Party (sweden),"The Moderate Party (sweden), M (sweden)",cleaned_file.xlsx,Sheet1,1681
Party,Momentum Movement (hungary),"Momentum (hungary), mometum (hungary)",cleaned_file.xlsx,Sheet1,1682
Party,Movement Now (finland),Liike Nyt (finland),cleaned_file.xlsx,Sheet1,1683
Party,Movement for Rights and Freedoms (bulgaria),DPS (bulgaria),cleaned_file.xlsx,Sheet1,1684
Party,Movement for the Citizen's Initiative (spain),Agueda Micó (spain),cleaned_file.xlsx,Sheet1,1685
Party,National Coalition Party (finland),"Kokoomus (finland), Ted Upter Kokoomus (finland), National Coalition (finland), kokoomus (finland), kok (finland)",cleaned_file.xlsx,Sheet1,1686
Party,National Rally–LAF–LDP,"National Rally (france), RN (france)",cleaned_file.xlsx,Sheet1,1687
Party,New Left (poland),Lewica (poland),cleaned_file.xlsx,Sheet1,1688
Party,Party of Ivan Pernar (croatia),Ivan Pernar (croatia),cleaned_file.xlsx,Sheet1,1689
Party,Party of the Greens[bg] (croatia),Scottish Greens (croatia),cleaned_file.xlsx,Sheet1,1690
Party,Pensioners Together (finland),su (finland),cleaned_file.xlsx,Sheet1,1691
Party,People's Party (spain),"PP. Spain (spain), pp avila (spain)",cleaned_file.xlsx,Sheet1,1692
Party,Poland 2050 (poland),"2050 (poland), Polska 2050 (poland)",cleaned_file.xlsx,Sheet1,1693
Party,Polish People's Party (poland),PSL (poland),cleaned_file.xlsx,Sheet1,1694
Party,Popular Republican Union (france),UPR (france),cleaned_file.xlsx,Sheet1,1695
Party,Positive Ecology–Cap21–FÉ–Le Trèfle–LU–100%C–MPA–BNP (bulgaria),EP (bulgaria),cleaned_file.xlsx,Sheet1,1696
Party,Positive Ecology–Cap21–FÉ–Le Trèfle–LU–100%C–MPA–BNP (croatia),EP (croatia),cleaned_file.xlsx,Sheet1,1697
Party,Positive Ecology–Cap21–FÉ–Le Trèfle–LU–100%C–MPA–BNP (finland),EP (finland),cleaned_file.xlsx,Sheet1,1698
Party,Positive Ecology–Cap21–FÉ–Le Trèfle–LU–100%C–MPA–BNP (france),EP (france),cleaned_file.xlsx,Sheet1,1699
Party,Positive Ecology–Cap21–FÉ–Le Trèfle–LU–100%C–MPA–BNP (spain),EP (spain),cleaned_file.xlsx,Sheet1,1700
Party,Reconquête–MC,Reconquête (france),cleaned_file.xlsx,Sheet1,1701
Party,Renaissance–MoDem–Horizons–RAD–UDI–FP–FED–CD–CÉR,Renaissance (france),cleaned_file.xlsx,Sheet1,1702
Party,Representative Democracy (bulgaria),Dr. Simidchiеv (bulgaria),cleaned_file.xlsx,Sheet1,1703
Party,Representative Democracy (finland),Dr Asko (finland),cleaned_file.xlsx,Sheet1,1704
Party,Republic (bulgaria),Republic (bulgaria),cleaned_file.xlsx,Sheet1,1705
Party,Republic (croatia),Stranka Republika (croatia),cleaned_file.xlsx,Sheet1,1706
Party,Republic (germany),Republic (germany),cleaned_file.xlsx,Sheet1,1707
Party,Republics Now (spain),"ERC  (spain), ERC (spain), Ahora Repúblicas (spain), Bildu (spain)",cleaned_file.xlsx,Sheet1,1708
Party,Respect and Freedom Party (hungary),"Tisza (hungary), Tisza Part (hungary), tisza (hungary), Tisza Párt (hungary)",cleaned_file.xlsx,Sheet1,1709
Party,Rise Up (poland),"E. Kobos (poland), E. Hernik-Zajaczkowska (poland)",cleaned_file.xlsx,Sheet1,1710
Party,Rivers of Justice (croatia),SDP (croatia),cleaned_file.xlsx,Sheet1,1711
Party,Ričard Independent (croatia),Ričard (croatia),cleaned_file.xlsx,Sheet1,1712
Party,Rural Alliance (france),"Rural Alliance (france), L'alliance rurale (france), L'Alliance Rurale (france)",cleaned_file.xlsx,Sheet1,1713
Party,Save Sofia (bulgaria),Save Sofia (bulgaria),cleaned_file.xlsx,Sheet1,1714
Party,Social Democratic Party (portugal),PSD CDS (portugal),cleaned_file.xlsx,Sheet1,1715
Party,Social Democratic Party of Finland (finland),"SDP (finland), t SDP (finland)",cleaned_file.xlsx,Sheet1,1716
Party,Social Democratic Party of Germany,SPD (croatia),cleaned_file.xlsx,Sheet1,1717
Party,Socialist Party (portugal),PS (portugal),cleaned_file.xlsx,Sheet1,1718
Party,"Parti Socialiste–Place Publique (France), Parti Socialiste–Place Publique–New Deal",Place Publique (france),cleaned_file.xlsx,Sheet1,1719
Party,Solidary Bulgaria (bulgaria),Solidarna Bulgaria (bulgaria),cleaned_file.xlsx,Sheet1,1720
Party,Solution Movement (hungary),Megoldás Mozgalom (hungary),cleaned_file.xlsx,Sheet1,1721
Party,Sovereign Poland (poland),"Surerenna Polska (poland), Suwerenna Polska (poland)",cleaned_file.xlsx,Sheet1,1722
Party,Spanish Socialist Workers' Party (spain),"Psoe (spain), psoe (spain), PSOE (spain), PSOE Sanchez (spain), PSOE Burgos (spain), psoe burgos (spain)",cleaned_file.xlsx,Sheet1,1723
Party,Svenska folkpartiet (finland),SFP (finland),cleaned_file.xlsx,Sheet1,1724
Party,Sweden Democrats (bulgaria),S&D (bulgaria),cleaned_file.xlsx,Sheet1,1725
Party,Sweden Democrats (croatia),S&D (croatia),cleaned_file.xlsx,Sheet1,1726
Party,Sweden Democrats (finland),S&D (finland),cleaned_file.xlsx,Sheet1,1727
Party,Sweden Democrats (france),S&D (france),cleaned_file.xlsx,Sheet1,1728
Party,Sweden Democrats (sweden),"The Sweden Democrats (sweden), Sverigedemokraterna (sweden), sverigedemokraterna (sweden), Sweden Democrats (sweden), Sverigedemokraterna Örebro län (sweden), SD (sweden)",cleaned_file.xlsx,Sheet1,1729
Party,Swedish People's Party of Finland (finland),"RKP (finland), rkp (finland)",cleaned_file.xlsx,Sheet1,1730
Party,The Bridge–HS–HSP (croatia),"Bridge (croatia), Hrvatska stranka prava (croatia)",cleaned_file.xlsx,Sheet1,1731
Party,The Forgotten Spain Exists–Municipalists–Fair World (spain),Existe Coalición (spain),cleaned_file.xlsx,Sheet1,1732
Party,The Greens (croatia),Gruenen (croatia),cleaned_file.xlsx,Sheet1,1733
Party,The Greens (germany),"Gruenen (germany), Gruene (germany)",cleaned_file.xlsx,Sheet1,1734
Party,The Greys (croatia),"die Grunen (croatia), Die Gruene (croatia)",cleaned_file.xlsx,Sheet1,1735
Party,The Homeland (germany),Die Heimat (germany),cleaned_file.xlsx,Sheet1,1736
Party,The Left (germany),Die Linke Hamburg (germany),cleaned_file.xlsx,Sheet1,1737
Party,The Open Party (finland),avoin Puolue (finland),cleaned_file.xlsx,Sheet1,1738
Party,Les Patriotes,The Patriotes (france),cleaned_file.xlsx,Sheet1,1739
Party,The Republicans–The Centrists (france),"Les républicains (france), LR (france), Les Républicains (france)",cleaned_file.xlsx,Sheet1,1740
Party,United We Can Change Europe (spain),IU (spain),cleaned_file.xlsx,Sheet1,1741
Party,Vazrazhdane (Revival) (bulgaria),Vazrazhdane (bulgaria),cleaned_file.xlsx,Sheet1,1742
Party,Velichie (bulgaria),"Greatness [Величие (bulgaria), Величие (bulgaria)",cleaned_file.xlsx,Sheet1,1743
Party,Vox (spain),"Vox (spain), Vox Tarragona (spain), VOX (spain), Vox & Abascal (spain), vox (spain), VOX Baleares (spain), Vox and Abascal (spain)",cleaned_file.xlsx,Sheet1,1744
Party,We Continue the Change - Democratic Bulgaria,"ПП (bulgaria), PP (ПП) (bulgaria)",cleaned_file.xlsx,Sheet1,1745
Party,We can! (croatia),"Možemo! (croatia), Možemo (croatia), Možemo!) (croatia)",cleaned_file.xlsx,Sheet1,1746
Party,Workers' Front (croatia),"Radnička Fronta (croatia), Radnička fronta (croatia), RF (croatia)",cleaned_file.xlsx,Sheet1,1747
Party,Équinoxe (france),"Équinoxe (france), Equinoxe (france)",cleaned_file.xlsx,Sheet1,1748
