Type,Entry,Variations,source_file,source_sheet,source_row
Name,ADN,ADN (portugal),Glossary/NER_spain_glossary.xlsx,Glossary,2
Name,ALDE Party,"ALDE (finland), ALDE (croatia), ALDE Party (croatia), Alde (croatia)",Glossary/NER_spain_glossary.xlsx,Glossary,3
Name,AMLO,AMLO (spain),Glossary/NER_spain_glossary.xlsx,Glossary,4
Name,ARD ZDF Deutschlandradio Beitragsservice (commonly known as GEZ),GEZ (germany),Glossary/NER_spain_glossary.xlsx,Glossary,5
Name,"Aaltola, Mika","Mika Aaltola (finland), Aaltola (finland)",Glossary/NER_spain_glossary.xlsx,Glossary,6
Name,Abir Al-Sahlani,"Abir al Sahlani (sweden), Abir al-sahlani (sweden), Abir Al-Sahlani (sweden), Abir al-Sahlani (sweden), abiralsahlani (sweden), abir al-sahlani (sweden), Abir Alsahlani (croatia)",Glossary/NER_spain_glossary.xlsx,Glossary,7
Name,Adam Bielan,A. Bielan (poland),Glossary/NER_spain_glossary.xlsx,Glossary,8
Name,Adam Jarubas,"A. Jarubas (poland), A A. Jarubas (poland)",Glossary/NER_spain_glossary.xlsx,Glossary,9
Name,Adnan Dibrani,"Adnan Dibrani (sweden), adnan dibrani (sweden)",Glossary/NER_spain_glossary.xlsx,Glossary,10
Name,Adrian Ramsay,"Adrian Ramsey (croatia), Adrian Ramsay (croatia)",Glossary/NER_spain_glossary.xlsx,Glossary,11
Name,Adrian Zandberg,Adrian Zandberg (poland),Glossary/NER_spain_glossary.xlsx,Glossary,12
Name,Agnieszka Dziemianowicz-Bąk,Dziemianowicz-Bąk (poland),Glossary/NER_spain_glossary.xlsx,Glossary,13
Name,Ahmed Dogan,Ahmed Dogan (bulgaria),Glossary/NER_spain_glossary.xlsx,Glossary,14
Name,Aida Badeli,"Aida Badeli (sweden), Aiga Badeli (sweden)",Glossary/NER_spain_glossary.xlsx,Glossary,15
Name,Aino-Kaisa Pekonen,Aino-Kaisa Pekonen (finland),Glossary/NER_spain_glossary.xlsx,Glossary,16
Name,Albert Einstein,Einstein (germany),Glossary/NER_spain_glossary.xlsx,Glossary,17
Name,Albert Rivera,Albert Rivera (spain),Glossary/NER_spain_glossary.xlsx,Glossary,18
Name,Alberto Núñez Feijóo,"Feijóo (spain), Alberto Núñez Feijo (spain)",Glossary/NER_spain_glossary.xlsx,Glossary,19
Name,Albrecht Glaser,Albrecht Glaser (germany),Glossary/NER_spain_glossary.xlsx,Glossary,20
Name,Alejandro Gutiérrez,alejandro gutiérrez (spain),Glossary/NER_spain_glossary.xlsx,Glossary,21
Name,Aleksandar Tomov,Aleksandar Tomov (bulgaria),Glossary/NER_spain_glossary.xlsx,Glossary,22
Name,Aleksandar Vučić,Aleksandar Vučić (croatia),Glossary/NER_spain_glossary.xlsx,Glossary,23
Name,Aleksander Kwaśniewski,"Aleksandr Kwasniewski (poland), Kwaśniewski (poland)",Glossary/NER_spain_glossary.xlsx,Glossary,24
Name,Aleksandra Wiśniewska,Aleksandra Wisniewska (poland),Glossary/NER_spain_glossary.xlsx,Glossary,25
Name,Aleksanteri Gustafsson,"Gustafsson (finland), Aleksanteri Gustafsson (finland), Aleksanteri Gustaffson (finland)",Glossary/NER_spain_glossary.xlsx,Glossary,26
Name,Alessandra Todde,Alessandra Todde (croatia),Glossary/NER_spain_glossary.xlsx,Glossary,27
Name,Alex Stubb,Alex Stubb (finland),Glossary/NER_spain_glossary.xlsx,Glossary,28
Name,Alexander Bard,Alexander Bard (sweden),Glossary/NER_spain_glossary.xlsx,Glossary,29
Name,Alexander De Croo,"Alexander De Croo (portugal), Alexander de Croo (croatia)",Glossary/NER_spain_glossary.xlsx,Glossary,30
Name,Alexander Gauland,Alexander Gauland (germany),Glossary/NER_spain_glossary.xlsx,Glossary,31
Name,Alexander Stubb,"Alexander Stubb (finland), Stubb (finland)",Glossary/NER_spain_glossary.xlsx,Glossary,32
Name,Alexander Tomov,Alexander Tomov (bulgaria),Glossary/NER_spain_glossary.xlsx,Glossary,33
Name,Alexander Vuchich,Alexander Vuchich (bulgaria),Glossary/NER_spain_glossary.xlsx,Glossary,34
Name,Alexandra Leitão,Alexandra Leitão (portugal),Glossary/NER_spain_glossary.xlsx,Glossary,35
Name,Alexandra Pascalidou,Alexandra Pascalidou (sweden),Glossary/NER_spain_glossary.xlsx,Glossary,36
Name,Alexandria Ocasio-Cortez,"Alexandria Ocasio-Cortez (sweden), Alexandria Ocasio-Cortez (germany), Alexandria Ocasio-Cortez (croatia), Alexandria Ocasio-Cortez (portugal)",Glossary/NER_spain_glossary.xlsx,Glossary,37
Name,Alf Svensson,Alf Svensson (sweden),Glossary/NER_spain_glossary.xlsx,Glossary,38
Name,Alfonso Rojo,Alfonso Rojo (spain),Glossary/NER_spain_glossary.xlsx,Glossary,39
Name,Alfonso Rueda,Alfonso Rueda (spain),Glossary/NER_spain_glossary.xlsx,Glossary,40
Name,Alfonso Serrano,Alfonso Serrano (spain),Glossary/NER_spain_glossary.xlsx,Glossary,41
Name,Aliança Democrática (AD),"AD (portugal), Aliança Democrática (portugal)",Glossary/NER_spain_glossary.xlsx,Glossary,42
Name,Alice Bah Kuhnke,"alice bah kuhnke (sweden), Alice Bah (sweden), Alice bah Kuhnke (sweden), Alice Bah Kuhnke (sweden), alice Bah Kuhnke (sweden), Alice bah Kuhnken (sweden), Alice Bahn Kuhke (sweden), Alice Bahn Kuhnke (sweden), aloce bahm kuhke (sweden)",Glossary/NER_spain_glossary.xlsx,Glossary,43
Name,Alice Teodorescu Måwe,"Alice teodorescu Måwe (sweden), alice teodorescu måwe (sweden), alice Teoderescu Måwe (sweden), Alice Teodorescu Måwe (sweden)",Glossary/NER_spain_glossary.xlsx,Glossary,44
Name,Alice Weidel,"Alice Weidel (germany), Alice Weidel (spain), Weidel (germany)",Glossary/NER_spain_glossary.xlsx,Glossary,45
Name,Alicia García,"Alicia Gracia (spain), Alicia Garcia (spain), Alicia García Rodríguez (spain), Alicia García (spain)",Glossary/NER_spain_glossary.xlsx,Glossary,46
Name,Alicja Lepkowska-Golas,Alicja Lepkowska-Golas (poland),Glossary/NER_spain_glossary.xlsx,Glossary,47
Name,Alina Dobreva,Alina Dobreva (bulgaria),Glossary/NER_spain_glossary.xlsx,Glossary,48
Name,Alliance 90/The Greens (Die Grünen),"die Grünen (hungary), Die Grünen (germany), Grünen (hungary), Grünen (germany)",Glossary/NER_spain_glossary.xlsx,Glossary,49
Name,Alma Dufour,"Sebastien Delogu Mayer Habib Alma Dufour Emmanuel Macron Florian Philippot Gabriel Attal (france), Alma Dufour (france), Meyer Habib David Guiraud Mathilde Panot Louis Broyard Valerie Pecraisse Xavier Bellamy Alma Dufour (france), Alma Dufour (croatia), JL Melemchon Louis Boyard David Guiraud Alma Dufour V. Putin (france)",Glossary/NER_spain_glossary.xlsx,Glossary,50
Name,Alma Zadić,Alma Zadić (croatia),Glossary/NER_spain_glossary.xlsx,Glossary,51
Name,Almeida,"JL Martínez Almeida (spain), Almeida (spain)",Glossary/NER_spain_glossary.xlsx,Glossary,52
Name,Alternative for Germany (AfD),"AfD (germany), Afd (germany), AFD (germany), AfD (spain), AfD (bulgaria), AfD (hungary), AfD (finland), /AfD (germany)",Glossary/NER_spain_glossary.xlsx,Glossary,53
Name,Alvise Pérez,"Alvise pérez (spain), alviseperez (spain), Alvise Pérez (spain), Alvise (spain), alvise pérez (spain)",Glossary/NER_spain_glossary.xlsx,Glossary,54
Name,Amanda Lind,"Amanda Lind (sweden), Amanda Lindh (sweden)",Glossary/NER_spain_glossary.xlsx,Glossary,55
Name,Ami Ayalon,Ami Ayalon (portugal),Glossary/NER_spain_glossary.xlsx,Glossary,56
Name,Amid Nourpour,Amid Nourpour (germany),Glossary/NER_spain_glossary.xlsx,Glossary,57
Name,Amparo Folgado Tonda,Amparo Folgado Tonda (spain),Glossary/NER_spain_glossary.xlsx,Glossary,58
Name,Ana Catarina Mendes,Ana Catarina Mendes (portugal),Glossary/NER_spain_glossary.xlsx,Glossary,59
Name,Ana Cuartero,Ana Cuartero (spain),Glossary/NER_spain_glossary.xlsx,Glossary,60
Name,Ana Gabriela Cabilhas,Ana Gabriela Cabilhas (portugal),Glossary/NER_spain_glossary.xlsx,Glossary,61
Name,Ana Gomes,Ana Gomes (portugal),Glossary/NER_spain_glossary.xlsx,Glossary,62
Name,Ana Pastor,Ana Pastor (spain),Glossary/NER_spain_glossary.xlsx,Glossary,63
Name,Ana Pontón,ana_ponton  (spain),Glossary/NER_spain_glossary.xlsx,Glossary,64
Name,Ana Redondo,Ana Redondo (spain),Glossary/NER_spain_glossary.xlsx,Glossary,65
Name,Ana Rosa Quintana,Ana Rosa Quintana (spain),Glossary/NER_spain_glossary.xlsx,Glossary,66
Name,Anabel Bernal Triviño,"Ana Bernal-Triviño (spain), Anabel Bernal Triviño (spain)",Glossary/NER_spain_glossary.xlsx,Glossary,67
Name,Ander Nieva,"Andere Nieva (spain), andere nieva (spain)",Glossary/NER_spain_glossary.xlsx,Glossary,68
Name,Anders Vistisen,Anders Vistisen (portugal),Glossary/NER_spain_glossary.xlsx,Glossary,69
Name,Anders Ygeman,"Anders Ygeman (sweden), anders ygeman (sweden)",Glossary/NER_spain_glossary.xlsx,Glossary,70
Name,"Andersson, Li","Li Andersson (finland), Li andersson (finland), Li Andresson (finland), Andersson (finland), LI andersson (finland)",Glossary/NER_spain_glossary.xlsx,Glossary,71
Name,Andreas Norlén,Andreas Norlén (sweden),Glossary/NER_spain_glossary.xlsx,Glossary,72
Name,Andrej Plenković,"Andrej Plenković (finland), Andrej Plenković (croatia), Andrej Plenkovič (croatia)",Glossary/NER_spain_glossary.xlsx,Glossary,73
Name,Andrew Bailey,Andrew Bailey (portugal),Glossary/NER_spain_glossary.xlsx,Glossary,74
Name,Andrey Novakov,Andrei Novakov (bulgaria),Glossary/NER_spain_glossary.xlsx,Glossary,75
Name,Andrija Klarić,Andrija Klarić (croatia),Glossary/NER_spain_glossary.xlsx,Glossary,76
Name,Andrzej Duda,"Andrzej Duda (poland), Duda (poland)",Glossary/NER_spain_glossary.xlsx,Glossary,77
Name,Andrzej Halicki,"Andzej Halicki (poland), A. Halicki (poland), Andrzej Halicki (poland)",Glossary/NER_spain_glossary.xlsx,Glossary,78
Name,Andrzej Lepper,Lepper (poland),Glossary/NER_spain_glossary.xlsx,Glossary,79
Name,Andrzej Rozenek,Andrzej Rozenek (poland),Glossary/NER_spain_glossary.xlsx,Glossary,80
Name,András Fekete-Győr,Fekete-Győr András (hungary),Glossary/NER_spain_glossary.xlsx,Glossary,81
Name,András Kulja,Kulja András (hungary),Glossary/NER_spain_glossary.xlsx,Glossary,82
Name,André Tanger Correia,André Tanger Correia (portugal),Glossary/NER_spain_glossary.xlsx,Glossary,83
Name,André Ventura,"Andrè VEntura (portugal), André Ventura (portugal), André Ventuta (portugal), Chega André Ventura (portugal), Andrè ventura (portugal), andre_ventura (portugal), André Ventura (spain), AndréVentura (portugal), Andre Ventura (spain), Andrè Ventura (portugal), Ventura (portugal), Andè Ventura (portugal), André Vetura (portugal), Andre Ventura (portugal), André VEntura (portugal)",Glossary/NER_spain_glossary.xlsx,Glossary,84
Name,Angel Dzhambazki,"Angel Dzhambazki (bulgaria), Angel Dzambaski (bulgaria), Angel Dvambazki (bulgaria), Angel Dzambazki (bulgaria)",Glossary/NER_spain_glossary.xlsx,Glossary,85
Name,Angel Georgiev,Angel Georgiev (bulgaria),Glossary/NER_spain_glossary.xlsx,Glossary,86
Name,Angela Merkel,"Merkel (germany), Merkel (poland), Angela Merkel (bulgaria), Angela Merkel (germany)",Glossary/NER_spain_glossary.xlsx,Glossary,87
Name,Angelika Niebler,Angelika Niebler (croatia),Glossary/NER_spain_glossary.xlsx,Glossary,88
Name,Anna Bryłka,"A. Bryłka (poland), Anna Bryłka (poland), Bryłka (poland)",Glossary/NER_spain_glossary.xlsx,Glossary,89
Name,Anna Cavazzini,Anna (finland),Glossary/NER_spain_glossary.xlsx,Glossary,90
Name,Anna Donáth,"Donath Anna (hungary), donath anna (hungary), Donáth Anna (hungary)",Glossary/NER_spain_glossary.xlsx,Glossary,91
Name,Anna Gembicka,Gembicka (poland),Glossary/NER_spain_glossary.xlsx,Glossary,92
Name,Anna Kontula,Anna Kontula (finland),Glossary/NER_spain_glossary.xlsx,Glossary,93
Name,Anna Maria Corazza Bildt,"Anna Maria Corazza Bild (sweden), Anna Maria Corazza Bildt (sweden), anna maria Corazza Bildt (sweden)",Glossary/NER_spain_glossary.xlsx,Glossary,94
Name,Anna Maria Żukowska,"Żukowska (poland), A. Maria Żukowska (poland)",Glossary/NER_spain_glossary.xlsx,Glossary,95
Name,Anna Strolenberg,Anna Strolenberg (croatia),Glossary/NER_spain_glossary.xlsx,Glossary,96
Name,Anna Zabska,Anna Zabska (poland),Glossary/NER_spain_glossary.xlsx,Glossary,97
Name,Annalena Baerbock,"Analise Baerbock (germany), Annalena Baerbock (germany), A. Baerbock (germany), Annalena Baerbock (croatia), Annalesa Baerbock (germany), Baerbock (germany), Annalise Baerbock (germany), Analena Baerbock (germany)",Glossary/NER_spain_glossary.xlsx,Glossary,98
Name,Anne Will,Anne Will (germany),Glossary/NER_spain_glossary.xlsx,Glossary,99
Name,Annie Lennox,Annie Lenox (croatia),Glossary/NER_spain_glossary.xlsx,Glossary,100
Name,Annika Saarikko,"Saarikko (finland), Annika Saarikko (finland)",Glossary/NER_spain_glossary.xlsx,Glossary,101
Name,Antal Rogán,Rogán Antal (hungary),Glossary/NER_spain_glossary.xlsx,Glossary,102
Name,Ante Mihanović,Ante Mihanović (croatia),Glossary/NER_spain_glossary.xlsx,Glossary,103
Name,Ante Šušnjar,Ante Šušnjar (croatia),Glossary/NER_spain_glossary.xlsx,Glossary,104
Name,Anthony Albanese,Anthony Albanese (portugal),Glossary/NER_spain_glossary.xlsx,Glossary,105
Name,Anthony Blinken,"Blinken (portugal), Anthony Blinken (croatia), Blinken (bulgaria)",Glossary/NER_spain_glossary.xlsx,Glossary,106
Name,Antoaneta Tsoneva,"Antoaneta Tsoneva (bulgaria), Antoaneta Tzoneva (bulgaria)",Glossary/NER_spain_glossary.xlsx,Glossary,107
Name,Anton Bylin,Anton Bylin (sweden),Glossary/NER_spain_glossary.xlsx,Glossary,108
Name,Anton Hekimyan,Anton Hekimyan (bulgaria),Glossary/NER_spain_glossary.xlsx,Glossary,109
Name,Anton Hofreiter,Hofreiter (germany),Glossary/NER_spain_glossary.xlsx,Glossary,110
Name,Antoni Macierewicz,"Antoni Macierewicz (poland), Macieriewicz (poland), Macierewicz (poland)",Glossary/NER_spain_glossary.xlsx,Glossary,111
Name,Antonio Tanger,"Antonio Tanger Correa (portugal), Antonio Tanger (portugal), Antonio Tanger Coreia (portugal), Antonio Tanger Correia (portugal)",Glossary/NER_spain_glossary.xlsx,Glossary,112
Name,Antony Blinken,Antony Blinken (bulgaria),Glossary/NER_spain_glossary.xlsx,Glossary,113
Name,Antti Heikkilä,"Heikkilä (finland), Antti Heikkilä (finland)",Glossary/NER_spain_glossary.xlsx,Glossary,114
Name,Antti Kaikkonen,"Kaikkonen (finland), Antti Kaikkonen (finland)",Glossary/NER_spain_glossary.xlsx,Glossary,115
Name,Antti Kurvinen,"antti kurvinen (finland), Antti Kurvinen (finland)",Glossary/NER_spain_glossary.xlsx,Glossary,116
Name,Antti Lindtman,"Lindtman (finland), Antti Lindtman (finland), Antti Lindström (finland)",Glossary/NER_spain_glossary.xlsx,Glossary,117
Name,Antti Rinne,Antti Rinne (finland),Glossary/NER_spain_glossary.xlsx,Glossary,118
Name,António Costa,Antonio Costa (portugal),Glossary/NER_spain_glossary.xlsx,Glossary,119
Name,António Filipe,António Filipe (portugal),Glossary/NER_spain_glossary.xlsx,Glossary,120
Name,António Guterres,Antonio Guterres (croatia),Glossary/NER_spain_glossary.xlsx,Glossary,121
Name,António Leitão Amaro,Andónio Leitão Amaro (portugal),Glossary/NER_spain_glossary.xlsx,Glossary,122
Name,António Tânger Corrêa,"Tânger (portugal), António Tânger Corrêa (portugal)",Glossary/NER_spain_glossary.xlsx,Glossary,123
Name,António de Oliveira Salazar,"Salazar (portugal), António de Oliveira Salazar (portugal)",Glossary/NER_spain_glossary.xlsx,Glossary,124
Name,Arba Kokalari,"Arba Kokalari (sweden), arba kokalari (sweden)",Glossary/NER_spain_glossary.xlsx,Glossary,125
Name,Ari Koponen,Ari Koponen (finland),Glossary/NER_spain_glossary.xlsx,Glossary,126
Name,Armin Laschet,"Laschet (germany), Armin Laschet (germany)",Glossary/NER_spain_glossary.xlsx,Glossary,127
Name,Arnaldo Otegi,arnaldo Otegui (spain),Glossary/NER_spain_glossary.xlsx,Glossary,128
Name,Arto Satonen,Arto Satonen (finland),Glossary/NER_spain_glossary.xlsx,Glossary,129
Name,Asen Vassilev,"Asen Vassilev (bulgaria), Asen Vasilev (bulgaria), Asen Wassilev (bulgaria), Asen vassilev (bulgaria)",Glossary/NER_spain_glossary.xlsx,Glossary,130
Name,Asselinau,Asselinau (france),Glossary/NER_spain_glossary.xlsx,Glossary,131
Name,Assen Vassilev,Assen Vassilev (bulgaria),Glossary/NER_spain_glossary.xlsx,Glossary,132
Name,Association of European Journalists (AEJ),AEJ (germany),Glossary/NER_spain_glossary.xlsx,Glossary,133
Name,Atanas Atanasov,"Atanas Atanasov (bulgaria), A. Atanasov (bulgaria), Atanas Atanassov (bulgaria)",Glossary/NER_spain_glossary.xlsx,Glossary,134
Name,Atanas Slavov,Atanas Slavov (bulgaria),Glossary/NER_spain_glossary.xlsx,Glossary,135
Name,Atte Harjanne,"Ted Upter Atte Harjanne (finland), Harjanne (finland), Atte Harjanne (finland)",Glossary/NER_spain_glossary.xlsx,Glossary,136
Name,Attila Mesterházy,Mesterházy Attila (hungary),Glossary/NER_spain_glossary.xlsx,Glossary,137
Name,Augusto Santos Silva,Augusto Santos Silva (portugal),Glossary/NER_spain_glossary.xlsx,Glossary,138
Name,Ava Karabatić,Ava Karabatić (croatia),Glossary/NER_spain_glossary.xlsx,Glossary,139
Name,Avi Hyman,Avi Hyman (croatia),Glossary/NER_spain_glossary.xlsx,Glossary,140
Name,Aymeric Caron,Aymeric Caron (france),Glossary/NER_spain_glossary.xlsx,Glossary,141
Name,Azcon,"Jorge Azcon (spain), Azcon (spain)",Glossary/NER_spain_glossary.xlsx,Glossary,142
Name,Baluch,Baluch (poland),Glossary/NER_spain_glossary.xlsx,Glossary,143
Name,Barack Obama,"Obama (portugal), Obama (finland), Barack Obama (bulgaria), Barack Obama (sweden), Barack Obama (croatia), Barack Obama (finland), Obama (bulgaria)",Glossary/NER_spain_glossary.xlsx,Glossary,144
Name,Baranyi Krisztina,"Baranyi Krisztina (hungary), Baranyai Krisztina (hungary)",Glossary/NER_spain_glossary.xlsx,Glossary,145
Name,Barbara Nowacka,Nowacka (poland),Glossary/NER_spain_glossary.xlsx,Glossary,146
Name,Bardellat,Bardellat (france),Glossary/NER_spain_glossary.xlsx,Glossary,147
Name,Barry Andrews,"Barry Andrews (portugal), Barry Andrews (croatia)",Glossary/NER_spain_glossary.xlsx,Glossary,148
Name,Bartosz Arłukowicz,"Arłukowicz (poland), B. Arłukowicz (poland)",Glossary/NER_spain_glossary.xlsx,Glossary,149
Name,Bartłomiej Sienkiewicz,"Bartłomiej Sienkiewicz (poland), Sienkiewicz (poland), B. Sienkiewicz (poland)",Glossary/NER_spain_glossary.xlsx,Glossary,150
Name,Bas Eickhout,"Bas Eickhout (hungary), Bas Eickhaut (hungary), Bas Eickhout (croatia)",Glossary/NER_spain_glossary.xlsx,Glossary,151
Name,Bayer Zsolt,Bayer Zsolt (hungary),Glossary/NER_spain_glossary.xlsx,Glossary,152
Name,Beata Szydło,"Beata Szydlo (poland), B. Szydło (poland), Szydło (poland)",Glossary/NER_spain_glossary.xlsx,Glossary,153
Name,Beatrice Timgren,Beatrice Timgren (sweden),Glossary/NER_spain_glossary.xlsx,Glossary,154
Name,Beatrix von Storch,"Beatrix von Storch (germany), Beate von Storch (germany)",Glossary/NER_spain_glossary.xlsx,Glossary,155
Name,Begoña Gómez,"begona gomez (spain), Begona Gomez (spain)",Glossary/NER_spain_glossary.xlsx,Glossary,156
Name,Bella Forsgrén,Bella Forsgren (finland),Glossary/NER_spain_glossary.xlsx,Glossary,157
Name,Ben Z,"Ben Z. (finland), Ben Z (finland)",Glossary/NER_spain_glossary.xlsx,Glossary,158
Name,Ben Zyskowicz,Ben Zyskowicz (finland),Glossary/NER_spain_glossary.xlsx,Glossary,159
Name,Benjamin Netanyahu,"Netanyahu (portugal), Netanyahu (finland), Benjamin Netanyahu (portugal), Netanyahu (france), Benjamin Nathanyahu (croatia), Benjamin Nethanyahu (croatia), Benjamin Netanyahu (croatia), Benjamin Netanyahu (sweden), Netanyahu (germany), Benjamin Netanyahu (bulgaria)",Glossary/NER_spain_glossary.xlsx,Glossary,160
Name,Benny Gantz,Benny Gantz (croatia),Glossary/NER_spain_glossary.xlsx,Glossary,161
Name,Bernie Sanders,"Bernie Sanders (portugal), Bernie Sanders (sweden), Bernie Sanders (croatia), Sanders (finland), Bernie Sanders (finland), Bernie Sanders (hungary), Bernie Sanders (germany), Bernie (finland), Bernie Sanders (spain)",Glossary/NER_spain_glossary.xlsx,Glossary,162
Name,Bertrand Ndongo,Bertrand Ndongo (spain),Glossary/NER_spain_glossary.xlsx,Glossary,163
Name,Biljana Borzan,"Biljana Borzan (croatia), Biljan Borzan (croatia)",Glossary/NER_spain_glossary.xlsx,Glossary,164
Name,Bjorn Hocke,"Bjorn Hoecke (germany), Bjoern Hoecke (germany), Bjorn Hocke (croatia)",Glossary/NER_spain_glossary.xlsx,Glossary,165
Name,Björn Höcke,"Björn Höcke (germany), Höcke (germany)",Glossary/NER_spain_glossary.xlsx,Glossary,166
Name,Björn Wahlroos,Björn Walhroos (finland),Glossary/NER_spain_glossary.xlsx,Glossary,167
Name,Blagomir Kotzev,Blagomir Kotzev (bulgaria),Glossary/NER_spain_glossary.xlsx,Glossary,168
Name,Blanca Armario,Blanca Armario (spain),Glossary/NER_spain_glossary.xlsx,Glossary,169
Name,Bloco de Esquerda,"Bloco Esquerda (portugal), Bloco de Esquerda (portugal), Blocco de Esquerda (portugal)",Glossary/NER_spain_glossary.xlsx,Glossary,170
Name,Blue Bulgaria,Blue Bulgaria (bulgaria),Glossary/NER_spain_glossary.xlsx,Glossary,171
Name,Bodnar,"Bodnar (poland), A. Bodnar (poland)",Glossary/NER_spain_glossary.xlsx,Glossary,172
Name,Bogdan Bogdanow,Bogdan Bogdanow (bulgaria),Glossary/NER_spain_glossary.xlsx,Glossary,173
Name,Bojan Glavašević,Bojan Glavašević (croatia),Glossary/NER_spain_glossary.xlsx,Glossary,174
Name,Bompardb,Bompardb (france),Glossary/NER_spain_glossary.xlsx,Glossary,175
Name,Bompart,Bompart (france),Glossary/NER_spain_glossary.xlsx,Glossary,176
Name,Bordella,Bordella (france),Glossary/NER_spain_glossary.xlsx,Glossary,177
Name,Boris Johnson,"Boris Johnson (portugal), Boris Johnson (bulgaria)",Glossary/NER_spain_glossary.xlsx,Glossary,178
Name,Boris Malagurski,Boris Malagurski (croatia),Glossary/NER_spain_glossary.xlsx,Glossary,179
Name,Boris Pankin,Boris Pankin (bulgaria),Glossary/NER_spain_glossary.xlsx,Glossary,180
Name,Boris Pistorius,Pistorius (germany),Glossary/NER_spain_glossary.xlsx,Glossary,181
Name,Borisov,"Boyko Borisov (bulgaria), Borisov (bulgaria)",Glossary/NER_spain_glossary.xlsx,Glossary,182
Name,Borja Sémper,Borja Semper (spain),Glossary/NER_spain_glossary.xlsx,Glossary,183
Name,Borssiov,Borssiov (bulgaria),Glossary/NER_spain_glossary.xlsx,Glossary,184
Name,Bortniczuk,Bortniczuk (poland),Glossary/NER_spain_glossary.xlsx,Glossary,185
Name,Borys Budka,"Budka (poland), Borys Budka (poland)",Glossary/NER_spain_glossary.xlsx,Glossary,186
Name,Boyan Chukov,Boyan Chukov (bulgaria),Glossary/NER_spain_glossary.xlsx,Glossary,187
Name,Boyko Borissov,"Boyko Borrissov (bulgaria), Boyko Borisssov (bulgaria), Boyko Borisoov (bulgaria), B. Borissov (bulgaria), Boyko Borissovv (bulgaria), Boyko Borissov (bulgaria), Borissov (bulgaria), Boyko Borrisov (bulgaria)",Glossary/NER_spain_glossary.xlsx,Glossary,188
Name,Boyko Rashkov,Boyko Rashkov (bulgaria),Glossary/NER_spain_glossary.xlsx,Glossary,189
Name,Bozhidar Bozhanov,Bozhidar Bozhanov (bulgaria),Glossary/NER_spain_glossary.xlsx,Glossary,190
Name,Bożena Przyłuska,"Przyluska Bozena (poland), Bozena Przyluska (poland)",Glossary/NER_spain_glossary.xlsx,Glossary,191
Name,Božo Petrov,Božo Petrov (croatia),Glossary/NER_spain_glossary.xlsx,Glossary,192
Name,Brezhnev,Brezhnev (hungary),Glossary/NER_spain_glossary.xlsx,Glossary,193
Name,Brian Mast,Brian Mast (sweden),Glossary/NER_spain_glossary.xlsx,Glossary,194
Name,Bruno Le Maire,"Bruno LeMaire (france), Bruno Le Maire (france)",Glossary/NER_spain_glossary.xlsx,Glossary,195
Name,Bruno Nunes,Bruno Nunes (portugal),Glossary/NER_spain_glossary.xlsx,Glossary,196
Name,Bruti,Bruti (hungary),Glossary/NER_spain_glossary.xlsx,Glossary,197
Name,Bulgaria Can (Bulgaria Mozhe),Bulgaria Mozhe (bulgaria),Glossary/NER_spain_glossary.xlsx,Glossary,198
Name,Bulgarian Socialist Party,Bulgarian Socialist Party (bulgaria),Glossary/NER_spain_glossary.xlsx,Glossary,199
Name,Bundestag,Bundestag (germany),Glossary/NER_spain_glossary.xlsx,Glossary,200
Name,Bushido,Bushido (germany),Glossary/NER_spain_glossary.xlsx,Glossary,201
Name,Buxade,"jprge buxade (spain), Jorge Buxade (spain), Buxade (spain)",Glossary/NER_spain_glossary.xlsx,Glossary,202
Name,Byman,Byman (finland),Glossary/NER_spain_glossary.xlsx,Glossary,203
Name,Bärbel Bas,"Bärbel Bas (germany), Barbel Bas (germany)",Glossary/NER_spain_glossary.xlsx,Glossary,204
Name,CDS – Partido Popular,"CDS - Partido Popular (portugal), CDS (portugal), Partido Popular (spain)",Glossary/NER_spain_glossary.xlsx,Glossary,205
Name,CDS – People's Party (CDS-PP),CDS-PP (portugal),Glossary/NER_spain_glossary.xlsx,Glossary,206
Name,CDU,"CDU Merz (germany), CDU (spain), CDU Ursula vdL (germany), CDU. Most (croatia), CDU (portugal), CDU (germany), CDU (hungary), CDU  (germany), CDU , CSU (hungary), CDU Amthor (germany)",Glossary/NER_spain_glossary.xlsx,Glossary,207
Name,Caputová,Caputová (hungary),Glossary/NER_spain_glossary.xlsx,Glossary,208
Name,Carl XVI Gustaf,Carl Gustav XVI (sweden),Glossary/NER_spain_glossary.xlsx,Glossary,209
Name,Carl-Viktor Svensson,Carl-Viktor Svensson (sweden),Glossary/NER_spain_glossary.xlsx,Glossary,210
Name,Carla Denyer,Carla Denyer (croatia),Glossary/NER_spain_glossary.xlsx,Glossary,211
Name,Carla Tavares,ção Tavares (portugal),Glossary/NER_spain_glossary.xlsx,Glossary,212
Name,Carla Toscano,Carla Toscano (spain),Glossary/NER_spain_glossary.xlsx,Glossary,213
Name,Carles Puigdemont,"puigdemont (spain), Puigdemont (spain)",Glossary/NER_spain_glossary.xlsx,Glossary,214
Name,Carlos Guimarães Pinto,Carlos Guimarães Pinto (portugal),Glossary/NER_spain_glossary.xlsx,Glossary,215
Name,Carlos H Quero,Carlos H Quero (spain),Glossary/NER_spain_glossary.xlsx,Glossary,216
Name,Carlos Mazón,"carlosmmazon (spain), Carlos Mazón (spain), Carlos Mazon (spain), carlos mazón (spain), carlos mazon (spain)",Glossary/NER_spain_glossary.xlsx,Glossary,217
Name,Carlos Moedas,"Carlos Moedas (portugal), Carlos Manuel Félix Moedas (portugal)",Glossary/NER_spain_glossary.xlsx,Glossary,218
Name,Carlos Tarife,Carlos Tarife (spain),Glossary/NER_spain_glossary.xlsx,Glossary,219
Name,Carmen Smith,Carmen Smith (croatia),Glossary/NER_spain_glossary.xlsx,Glossary,220
Name,Caro Ra,Caro Ra (germany),Glossary/NER_spain_glossary.xlsx,Glossary,221
Name,Carola Rackete,"Caro Rackete (germany), Carlos Rackete (germany), Caro Rakete (germany), Carola Rackete (germany)",Glossary/NER_spain_glossary.xlsx,Glossary,222
Name,Carolina Gustafsson,Carolina Gustafsson (sweden),Glossary/NER_spain_glossary.xlsx,Glossary,223
Name,Caroline Bosbach,Caroline Bosbach (germany),Glossary/NER_spain_glossary.xlsx,Glossary,224
Name,Caroline Lucas,Caroline Lucas (croatia),Glossary/NER_spain_glossary.xlsx,Glossary,225
Name,Catarina Martins,"Catarina Martins (portugal), Catarina MArtins (portugal)",Glossary/NER_spain_glossary.xlsx,Glossary,226
Name,Cate Blanchett,"Cate Blanchette (germany), Cate Blanchett (croatia)",Glossary/NER_spain_glossary.xlsx,Glossary,227
Name,Catherine Griset,"Catherine (hungary), Catherine Griset (france)",Glossary/NER_spain_glossary.xlsx,Glossary,228
Name,Cayetana Álvarez de Toledo,"Cayetana Álvarez de Toledo (spain), Álvarez de Toledo (spain)",Glossary/NER_spain_glossary.xlsx,Glossary,229
Name,Cecília Meireles,Cecília Meireles (portugal),Glossary/NER_spain_glossary.xlsx,Glossary,230
Name,Cem Özdemir,Cem Ozdemir (croatia),Glossary/NER_spain_glossary.xlsx,Glossary,231
Name,Cenk Uygur,Cenk Uygur (croatia),Glossary/NER_spain_glossary.xlsx,Glossary,232
Name,Center Party,"Center (sweden), Center Party (sweden), The Center Party (sweden), Center (finland), The center Party (sweden)",Glossary/NER_spain_glossary.xlsx,Glossary,233
Name,Centerpartiet,"centerpartiet (sweden), Centerpartiet (sweden), centerparti (sweden)",Glossary/NER_spain_glossary.xlsx,Glossary,234
Name,Charles Consigny,Charles Consigny (france),Glossary/NER_spain_glossary.xlsx,Glossary,235
Name,Charles III,"King Charles III (bulgaria), Charles III (hungary)",Glossary/NER_spain_glossary.xlsx,Glossary,236
Name,Charles Michel,"Charles Michel (croatia), Charles (hungary), Michel (poland)",Glossary/NER_spain_glossary.xlsx,Glossary,237
Name,Charlie Hederberg,Charlie Hederberg (sweden),Glossary/NER_spain_glossary.xlsx,Glossary,238
Name,Charlie Weimers,"Charlie Weimer (sweden), Charlie Weimers (sweden), Charlie Weimers (spain), Charlie Wimers (sweden)",Glossary/NER_spain_glossary.xlsx,Glossary,239
Name,Charly Salonius-Pasternak,Chairlie Salonius-Pasternak (finland),Glossary/NER_spain_glossary.xlsx,Glossary,240
Name,Chase Oliver,Chase Oliver (croatia),Glossary/NER_spain_glossary.xlsx,Glossary,241
Name,Chega!,"Chega! (spain), Partido Chega (portugal), Chega (spain), Chega (portugal), Chega Açores (portugal), Chega! (portugal)",Glossary/NER_spain_glossary.xlsx,Glossary,242
Name,Chrille,Chrille (sweden),Glossary/NER_spain_glossary.xlsx,Glossary,243
Name,Christian Democratic Union/Christian Social Union (CDU/CSU),"CDU-CSU (hungary), CDU/CSU (germany)",Glossary/NER_spain_glossary.xlsx,Glossary,244
Name,Christian Dürr,Christian Dürr (germany),Glossary/NER_spain_glossary.xlsx,Glossary,245
Name,Christian Lindner,"Lindner (germany), Christian Lindner (germany)",Glossary/NER_spain_glossary.xlsx,Glossary,246
Name,Christine Lagarde,"Christine Legarde (finland), Christin Lagarde (bulgaria)",Glossary/NER_spain_glossary.xlsx,Glossary,247
Name,Christine Madeleine Odette Lagarde,"Christine Lagarde (croatia), Christine Lagarde (finland), Christine Lagarde (portugal)",Glossary/NER_spain_glossary.xlsx,Glossary,248
Name,Ci James,Ci James (sweden),Glossary/NER_spain_glossary.xlsx,Glossary,249
Name,Ciotti,"Eric Ciotti (france), Ciotti (france)",Glossary/NER_spain_glossary.xlsx,Glossary,250
Name,Civic Coalition,"KO (poland), Zieloni (poland), Zieloni/KO (poland), Civic Coalition (poland)",Glossary/NER_spain_glossary.xlsx,Glossary,251
Name,Civic Platform,Civic Platform (poland),Glossary/NER_spain_glossary.xlsx,Glossary,252
Name,Clare Daly,"Claire Daly (finland), Claure Daly (sweden), Clare Daly (croatia), Slare Daly (bulgaria), Claire Daily (croatia), Clare Daly (finland), Claire Daly (sweden), Clare Daly (portugal), Clare Daly (sweden), Clare Daly (bulgaria), Clare Daily (croatia), Claire Daly (croatia)",Glossary/NER_spain_glossary.xlsx,Glossary,253
Name,Claudia Roth,Claudia Roth (germany),Glossary/NER_spain_glossary.xlsx,Glossary,254
Name,Claus Kleber,Claus Kleber (germany),Glossary/NER_spain_glossary.xlsx,Glossary,255
Name,Colonel Nikolay Markov,"Nikolay Markov (bulgaria), Markov (bulgaria), Nikolay markov (bulgaria)",Glossary/NER_spain_glossary.xlsx,Glossary,256
Name,Conservative Party,"Conservative and Unionist Party (croatia), Conservative Party (croatia)",Glossary/NER_spain_glossary.xlsx,Glossary,257
Name,Cristian Terheș,Cristian Terheș (spain),Glossary/NER_spain_glossary.xlsx,Glossary,258
Name,Cristina Fallarás,Cristina Fallarás (spain),Glossary/NER_spain_glossary.xlsx,Glossary,259
Name,Cristina Fernándeez,Cristina Fernándeez (spain),Glossary/NER_spain_glossary.xlsx,Glossary,260
Name,Cristina García Salazar,Cristina García Salazar (spain),Glossary/NER_spain_glossary.xlsx,Glossary,261
Name,Cristina Maestre,Cristina Mestre (spain),Glossary/NER_spain_glossary.xlsx,Glossary,262
Name,Cristina Mortágua,Cristina Mortágua (portugal),Glossary/NER_spain_glossary.xlsx,Glossary,263
Name,Cseh Katalin,"Cseh Katalin (hungary), cseh katalin (hungary)",Glossary/NER_spain_glossary.xlsx,Glossary,264
Name,Cuca Gamarra,Cuca Gamarra (spain),Glossary/NER_spain_glossary.xlsx,Glossary,265
Name,Czaputowicz,Czaputowicz (poland),Glossary/NER_spain_glossary.xlsx,Glossary,266
Name,Céline Imart,"Céline Impart (france), Céline Imart (france)",Glossary/NER_spain_glossary.xlsx,Glossary,267
Name,D. Ayuso,"d (germany), D. Ayuso (spain)",Glossary/NER_spain_glossary.xlsx,Glossary,268
Name,D. Jonski,"D. Jonski (poland), D. Joński (poland)",Glossary/NER_spain_glossary.xlsx,Glossary,269
Name,DL,DL (germany),Glossary/NER_spain_glossary.xlsx,Glossary,270
Name,Dalibor Domitrović,Dalibor Domitrović (croatia),Glossary/NER_spain_glossary.xlsx,Glossary,271
Name,Dalija Orešković,"Dalia Orešković (croatia), Dalija Orešković (croatia)",Glossary/NER_spain_glossary.xlsx,Glossary,272
Name,Damian Boeselager,"Damian Boeselager (finland), Damien Boeselager (finland), Damian Boeselager (croatia)",Glossary/NER_spain_glossary.xlsx,Glossary,273
Name,Damir Bakić,Damir Bakić (croatia),Glossary/NER_spain_glossary.xlsx,Glossary,274
Name,Damir Habijan,Damir Habijan (croatia),Glossary/NER_spain_glossary.xlsx,Glossary,275
Name,Daniel Caspary,Caspary (germany),Glossary/NER_spain_glossary.xlsx,Glossary,276
Name,Daniel Esteve,Daniel Esteve (spain),Glossary/NER_spain_glossary.xlsx,Glossary,277
Name,Daniel Halemba,Daniel Halemba (germany),Glossary/NER_spain_glossary.xlsx,Glossary,278
Name,Daniel Helldén,"Daniel Hellden (sweden), Daniel hellden (sweden)",Glossary/NER_spain_glossary.xlsx,Glossary,279
Name,Daniel Lorer,Daniel Lorer (bulgaria),Glossary/NER_spain_glossary.xlsx,Glossary,280
Name,Daniel Mitov,Daniel Mitov (bulgaria),Glossary/NER_spain_glossary.xlsx,Glossary,281
Name,Daniel Vukelja,Daniel Vukelja (croatia),Glossary/NER_spain_glossary.xlsx,Glossary,282
Name,Danijela Dolenec,Danijela Dolenec (croatia),Glossary/NER_spain_glossary.xlsx,Glossary,283
Name,Danuta Jazłowiecka,Dana Jazlowiecka (poland),Glossary/NER_spain_glossary.xlsx,Glossary,284
Name,Darin Georgiev,Darin Georgiev (bulgaria),Glossary/NER_spain_glossary.xlsx,Glossary,285
Name,Dario Zurovec,Dario Zurovec (croatia),Glossary/NER_spain_glossary.xlsx,Glossary,286
Name,Dariusz Joński,Joński (poland),Glossary/NER_spain_glossary.xlsx,Glossary,287
Name,Dariusz Matecki,Matecki (poland),Glossary/NER_spain_glossary.xlsx,Glossary,288
Name,Davambazki,Davambazki (bulgaria),Glossary/NER_spain_glossary.xlsx,Glossary,289
Name,David García,David García (spain),Glossary/NER_spain_glossary.xlsx,Glossary,290
Name,David Guiraud,"David Guirau (france), Emmanuel Macron Jl Melenchon David Guiraud Gabriel Attal Valerie Pecresse Marion Marechal (france), David Guiraud (france), Louis Boyard Mathile Panot David Guiraud Mayer Habib Jean Luc Melenchon (france)",Glossary/NER_spain_glossary.xlsx,Glossary,291
Name,David Lång,David Lång (sweden),Glossary/NER_spain_glossary.xlsx,Glossary,292
Name,David McAllister,David McAllister (germany),Glossary/NER_spain_glossary.xlsx,Glossary,293
Name,Davor Božinović,Davor Božinović (croatia),Glossary/NER_spain_glossary.xlsx,Glossary,294
Name,Davor Dretar,Davor Dretar (croatia),Glossary/NER_spain_glossary.xlsx,Glossary,295
Name,Davor Ivo Stier,Davor Ivo Stier (croatia),Glossary/NER_spain_glossary.xlsx,Glossary,296
Name,Deffontaines,"Léon Deffontaines (france), Deffontaines (france), Leon Deffontaines (france)",Glossary/NER_spain_glossary.xlsx,Glossary,297
Name,Delyan Dobrev,Delyan Dobrev (bulgaria),Glossary/NER_spain_glossary.xlsx,Glossary,298
Name,Delyan Peevski,"Dealyan Peevski (bulgaria), Delyan Peevski (bulgaria), Peevski (bulgaria), Delyan Peevsky (bulgaria)",Glossary/NER_spain_glossary.xlsx,Glossary,299
Name,Democratic Bulgaria,"Democratic Bulgaria (bulgaria), Democratic (bulgaria), We Continue the Change - Democratic Bulgaria (bulgaria), Democrtaic Bulgaria (bulgaria), Democratic BG (bulgaria), change -Democratic Bulgaria (bulgaria)",Glossary/NER_spain_glossary.xlsx,Glossary,300
Name,Democrats for a Strong Bulgaria (DSB),DSB (bulgaria),Glossary/NER_spain_glossary.xlsx,Glossary,301
Name,Denice Westerberg,"Denice Westerbebrg (sweden), Denice Westerberg (sweden)",Glossary/NER_spain_glossary.xlsx,Glossary,302
Name,Denis Bećirović,Denis Bećirović (croatia),Glossary/NER_spain_glossary.xlsx,Glossary,303
Name,Denitsa Sacheva,Denitza Sacheva (bulgaria),Glossary/NER_spain_glossary.xlsx,Glossary,304
Name,Denitza Simeonova,Denitza Simeonova (bulgaria),Glossary/NER_spain_glossary.xlsx,Glossary,305
Name,Desislava Atanasova,Dessislava Atanasova (bulgaria),Glossary/NER_spain_glossary.xlsx,Glossary,306
Name,Deutsche Bahn,Deutsche Bahn (germany),Glossary/NER_spain_glossary.xlsx,Glossary,307
Name,Deyan Nikolov,Deyan Nikolov (bulgaria),Glossary/NER_spain_glossary.xlsx,Glossary,308
Name,DiEM,DiEM (sweden),Glossary/NER_spain_glossary.xlsx,Glossary,309
Name,DiEM25,DiEM25 (croatia),Glossary/NER_spain_glossary.xlsx,Glossary,310
Name,Diana Ghafour Feyli,Diana Ghafour Feyli (sweden),Glossary/NER_spain_glossary.xlsx,Glossary,311
Name,Diana Morant,"diana morant (spain), Diana morant (spain)",Glossary/NER_spain_glossary.xlsx,Glossary,312
Name,Diana Riba,Diana Riba (spain),Glossary/NER_spain_glossary.xlsx,Glossary,313
Name,Dick Erixon,"dick erixon (sweden), Dick Erixon (sweden)",Glossary/NER_spain_glossary.xlsx,Glossary,314
Name,Die Grünen – Die Grüne Alternative,"Die Grünen – Die Grüne Alternative (croatia), Grüne (germany), Die Grüne (germany)",Glossary/NER_spain_glossary.xlsx,Glossary,315
Name,Diego Cañamero,diego canamero (spain),Glossary/NER_spain_glossary.xlsx,Glossary,316
Name,Dieter Bohlen,Dieter Bohlen (germany),Glossary/NER_spain_glossary.xlsx,Glossary,317
Name,Dilma Rousseff,Dilma Rousseff (portugal),Glossary/NER_spain_glossary.xlsx,Glossary,318
Name,Dimitar Gardev,Dimitar Gardev (bulgaria),Glossary/NER_spain_glossary.xlsx,Glossary,319
Name,Dimitar Glavchev,"Glavchev (bulgaria), Dimitar Glavchev (bulgaria)",Glossary/NER_spain_glossary.xlsx,Glossary,320
Name,Dimitar Naydenov,Dimitar Naydenov (bulgaria),Glossary/NER_spain_glossary.xlsx,Glossary,321
Name,Dimitri Qvintus,"Dimitri Qvintus (finland), Qvintus (finland), Dimitri Quintus (finland)",Glossary/NER_spain_glossary.xlsx,Glossary,322
Name,Dinko Valev (Shivikov),Shivikov (bulgaria),Glossary/NER_spain_glossary.xlsx,Glossary,323
Name,Diogo Pacheco de Amorim,"Diogo Pacheco Amorim (portugal), Diogo Pacheco de Amorim (portugal)",Glossary/NER_spain_glossary.xlsx,Glossary,324
Name,Dita Charanzová,Dita Charanzová (finland),Glossary/NER_spain_glossary.xlsx,Glossary,325
Name,Djambazki,"Angel Djambazki (bulgaria), Agnel Djambazki (bulgaria), Djambazki (bulgaria)",Glossary/NER_spain_glossary.xlsx,Glossary,326
Name,Dmitry Medvedev,Dimitry Medvedev (bulgaria),Glossary/NER_spain_glossary.xlsx,Glossary,327
Name,Dobromir Sośnierz,"D. Sośnierz (poland), Sośnierz (poland)",Glossary/NER_spain_glossary.xlsx,Glossary,328
Name,Dobroslav Paraga,Dobroslav Paraga (croatia),Glossary/NER_spain_glossary.xlsx,Glossary,329
Name,Dolors Montserrat,Dolors Montserrat (spain),Glossary/NER_spain_glossary.xlsx,Glossary,330
Name,Dominik Tarczyński,"Dominik Tarczyński (bulgaria), Dominik Tarczyński (finland), Dominik Tarczynski (croatia), Dominik Tarczyński (croatia), Tarczyński (poland), Dominik Tarczynski (poland), Domink Tarczynski (poland)",Glossary/NER_spain_glossary.xlsx,Glossary,331
Name,Donald Trump,"Donald Trump (portugal), Trump (germany), Donald Trump (sweden), Trump (spain), Biden Trump (bulgaria), Donald Trump (germany), Trump (finland), Trump (poland), Trump (hungary), Donald Trump (hungary), Trump (portugal), Trump (sweden), Donald Trump (croatia), Trump (bulgaria)",Glossary/NER_spain_glossary.xlsx,Glossary,332
Name,Donald Tusk,"Tusk (poland), Tusk (bulgaria), Tusk (germany), Donald Tusk (poland), D .Tusk (poland), D. Tusk (poland), Donald Tusk (portugal), Donald Tusk (finland), Donald Tusk (croatia), > Tusk (poland)",Glossary/NER_spain_glossary.xlsx,Glossary,333
Name,Dong Jun,Dong Jun (croatia),Glossary/NER_spain_glossary.xlsx,Glossary,334
Name,Dorota Anna Kolarska,"Dorota Kolarska (poland), Kolarska (poland)",Glossary/NER_spain_glossary.xlsx,Glossary,335
Name,Dorota Kolarska,Dorota Korolska (poland),Glossary/NER_spain_glossary.xlsx,Glossary,336
Name,Dorotea Strelec,Dorotea Strelec (croatia),Glossary/NER_spain_glossary.xlsx,Glossary,337
Name,Drenchev,Drenchev (bulgaria),Glossary/NER_spain_glossary.xlsx,Glossary,338
Name,Duarte Costa,Duarte Costa (portugal),Glossary/NER_spain_glossary.xlsx,Glossary,339
Name,Dubravka Šuica,Dubravka Šuica (croatia),Glossary/NER_spain_glossary.xlsx,Glossary,340
Name,Dude,Dude (poland),Glossary/NER_spain_glossary.xlsx,Glossary,341
Name,Duró Dora,Duró Dora (hungary),Glossary/NER_spain_glossary.xlsx,Glossary,342
Name,Dušica Radojčić,Dušica Radojčić (croatia),Glossary/NER_spain_glossary.xlsx,Glossary,343
Name,Dzevdet Tchakarov,Dzevdet Tchakarov (bulgaria),Glossary/NER_spain_glossary.xlsx,Glossary,344
Name,Dzhambaski,"Dzhambaski (bulgaria), Angel Dzhambaski (bulgaria)",Glossary/NER_spain_glossary.xlsx,Glossary,345
Name,Dzhevdet Chakarov,"Dzhevdet Chakurov (bulgaria), Dzehvdet Chakurov (bulgaria)",Glossary/NER_spain_glossary.xlsx,Glossary,346
Name,Dóra Dúró,Dúró Dóra (hungary),Glossary/NER_spain_glossary.xlsx,Glossary,347
Name,ECR,"EPP & ECR (finland), -ECR (bulgaria), ECR (bulgaria), ECR (sweden)",Glossary/NER_spain_glossary.xlsx,Glossary,348
Name,EU-MP IRL,"IR EU-MP (sweden), EU-MP (sweden)",Glossary/NER_spain_glossary.xlsx,Glossary,349
Name,Ebba Busch,Ebba Busch (sweden),Glossary/NER_spain_glossary.xlsx,Glossary,350
Name,Ebrahim Raisi,Ebrahim Raisi (portugal),Glossary/NER_spain_glossary.xlsx,Glossary,351
Name,Ecological Democratic Party (ÖDP),"DP (croatia), ödp (germany)",Glossary/NER_spain_glossary.xlsx,Glossary,352
Name,Edi Rama,Edi Rama (portugal),Glossary/NER_spain_glossary.xlsx,Glossary,353
Name,Eduardo Delgado,eduardo delgado (spain),Glossary/NER_spain_glossary.xlsx,Glossary,354
Name,Eetu Korhonen,Eetu Korhonen (finland),Glossary/NER_spain_glossary.xlsx,Glossary,355
Name,Ehud Barak,"Ehud Barak (finland), Ehud Barak (portugal), Ehud Barak (germany)",Glossary/NER_spain_glossary.xlsx,Glossary,356
Name,Eija-Riitta Korhola,Eija-Riitta Korhola (finland),Glossary/NER_spain_glossary.xlsx,Glossary,357
Name,Ekaterina Zaharieva,"Ekaterina Zaharieva (bulgaria), Ekaterina Zahar (bulgaria)",Glossary/NER_spain_glossary.xlsx,Glossary,358
Name,El Gran Wyoming,Gran Wyoming (spain),Glossary/NER_spain_glossary.xlsx,Glossary,359
Name,Elena Poptodorova,"Elena Poptodorova (bulgaria), Elena Poptodorva (bulgaria)",Glossary/NER_spain_glossary.xlsx,Glossary,360
Name,Elena Yoncheva,"Elena Yontcheva (bulgaria), Elena Yoncheva (bulgaria)",Glossary/NER_spain_glossary.xlsx,Glossary,361
Name,Eleonora Mitrofanova,"Eleonora Mitrofanova (bulgaria), Mitrofanova (bulgaria)",Glossary/NER_spain_glossary.xlsx,Glossary,362
Name,Elina Valtonen,Elina Valtonen (finland),Glossary/NER_spain_glossary.xlsx,Glossary,363
Name,Elisa Aaltola,Elisa Aaltola (finland),Glossary/NER_spain_glossary.xlsx,Glossary,364
Name,Elisabeth Svantesson,Elisabeth Svantesson (sweden),Glossary/NER_spain_glossary.xlsx,Glossary,365
Name,Elisaveta Belobradova,"Elissaveta Belobradova (bulgaria), Elisaveta Belobradova (bulgaria)",Glossary/NER_spain_glossary.xlsx,Glossary,366
Name,Elizabeth Duval,Elizabeth Duval (spain),Glossary/NER_spain_glossary.xlsx,Glossary,367
Name,Ella Kardemark,ella kardemark (sweden),Glossary/NER_spain_glossary.xlsx,Glossary,368
Name,Elokapina,Elokapina (finland),Glossary/NER_spain_glossary.xlsx,Glossary,369
Name,Elżbieta Anna Polak,Elzbieta Anna Polak (poland),Glossary/NER_spain_glossary.xlsx,Glossary,370
Name,Emanuel Karsten,Emanuel Karsten (sweden),Glossary/NER_spain_glossary.xlsx,Glossary,371
Name,Emelie Nyman,Emelie Nyman (sweden),Glossary/NER_spain_glossary.xlsx,Glossary,372
Name,Emil Eneblad,Emil Eneblad (sweden),Glossary/NER_spain_glossary.xlsx,Glossary,373
Name,Emil Radev,Radev (bulgaria),Glossary/NER_spain_glossary.xlsx,Glossary,374
Name,Emil Yankov,Emil Yankov (bulgaria),Glossary/NER_spain_glossary.xlsx,Glossary,375
Name,Emlio delgado,Emlio delgado (spain),Glossary/NER_spain_glossary.xlsx,Glossary,376
Name,Emma Wie,Emma Wie (sweden),Glossary/NER_spain_glossary.xlsx,Glossary,377
Name,Emma Wiesner,"Emma Wiesner (sweden), Emma Wienser (sweden), emma wiesner (sweden)",Glossary/NER_spain_glossary.xlsx,Glossary,378
Name,Emmanuel Macron,"Macron (spain), Macron (bulgaria), Macron (poland), Emmanuel Macron (france), Emmanuel Macron (bulgaria), Macron (portugal), Macron (croatia), Emmanuel Macron (spain), Emmanuel Macron (croatia), Emanuel Macron (hungary), Emmanuel Macron (finland), Macron (finland), Macro (germany), Emanuel Macron (croatia), Emanuelle Macron (portugal), Macron (germany), Marie Toussant Guillome LaCroix Emmanuel Macron (france), Emannuel Macron (bulgaria), JL Melenchon Emmanuel Macron Mathilde Panot (france), macron (france), Emmanuel Macron (sweden), Emmanuel Macron (portugal), Emmanuelle Macron (spain), Macron (hungary), Eija-Riitta Korhola Emmanuel Macron (finland), Immanuel Macron (croatia), E Macron (france), Macron (france), Macron Scholz (germany)",Glossary/NER_spain_glossary.xlsx,Glossary,379
Name,Emmi Lintonen,Lintonen (finland),Glossary/NER_spain_glossary.xlsx,Glossary,380
Name,Enio Meštrović,Enio Meštrović Ričard (croatia),Glossary/NER_spain_glossary.xlsx,Glossary,381
Name,Enrique Santiago,Enrique Santiago (spain),Glossary/NER_spain_glossary.xlsx,Glossary,382
Name,Erdogan,"Recep Tayyip Erdogan (croatia), Erdogan (bulgaria)",Glossary/NER_spain_glossary.xlsx,Glossary,383
Name,Ergue-te,Ergue-te (portugal),Glossary/NER_spain_glossary.xlsx,Glossary,384
Name,Erich Honecker,Erich Honecker (germany),Glossary/NER_spain_glossary.xlsx,Glossary,385
Name,Erkki Tuomioja,Erkki Tuomioja (finland),Glossary/NER_spain_glossary.xlsx,Glossary,386
Name,Ermin Skoric,Ermin Skoric (sweden),Glossary/NER_spain_glossary.xlsx,Glossary,387
Name,Ernest Urtasun,"Ernest Urtain (spain), Ernest Urtasun (spain)",Glossary/NER_spain_glossary.xlsx,Glossary,388
Name,Ernesto Santos Silva,Ernesto Santos Silva (portugal),Glossary/NER_spain_glossary.xlsx,Glossary,389
Name,Esko Kiviranta,Kiviranta (finland),Glossary/NER_spain_glossary.xlsx,Glossary,390
Name,Esperanza Aguirre,Esperanza Aguirre (spain),Glossary/NER_spain_glossary.xlsx,Glossary,391
Name,Esteban González Pons,Esteban González Pons (spain),Glossary/NER_spain_glossary.xlsx,Glossary,392
Name,Ester Muñoz,Ester Munoz (spain),Glossary/NER_spain_glossary.xlsx,Glossary,393
Name,Esther Gil de Reboleño,Esther Gil de Reboleño (spain),Glossary/NER_spain_glossary.xlsx,Glossary,394
Name,Estrella Galán,"estrella galán (spain), estrella (spain), Estrellan Galán (spain), Estrela Gallan (croatia), Estrella Galán (spain), estrellagalan (spain)",Glossary/NER_spain_glossary.xlsx,Glossary,395
Name,European Greens,"Eurpean Greens (croatia), European Greens and (croatia), HDZ European Greens (croatia), greens europe (sweden)",Glossary/NER_spain_glossary.xlsx,Glossary,396
Name,European Left,"-Left (bulgaria), Left (croatia), Left (bulgaria), left europe (sweden)",Glossary/NER_spain_glossary.xlsx,Glossary,397
Name,European Parliament,"European Parliament (croatia), Parliament (bulgaria), AfD European Parliament (germany), European Parliament (hungary), europeanparliament (portugal), European Parliament (bulgaria), Parliament (spain), European Parliament (portugal), European Parliament (spain), European Parliament (germany), EuropeanParliament (germany), European parli (finland), European Parliament (finland), EU Parliament (germany), European parliament (bulgaria)",Glossary/NER_spain_glossary.xlsx,Glossary,398
Name,European People's Party,party (bulgaria),Glossary/NER_spain_glossary.xlsx,Glossary,399
Name,Eva Biaudet,Biaudet (finland),Glossary/NER_spain_glossary.xlsx,Glossary,400
Name,Eva Maydell,"Eva Maydell- (bulgaria), eva (bulgaria), Eva Maydell (bulgaria)",Glossary/NER_spain_glossary.xlsx,Glossary,401
Name,Eva Vlaardingerbroek,"Eva Vlaardingerbroek (finland), Eva Vlaardingerbroek (hungary), Eva Vlaardingerbroek (croatia)",Glossary/NER_spain_glossary.xlsx,Glossary,402
Name,Evika Siliņa,Evika Silina (croatia),Glossary/NER_spain_glossary.xlsx,Glossary,403
Name,Evin Incir,"Even Incir (sweden), Evin Incir (sweden), evin incir (sweden)",Glossary/NER_spain_glossary.xlsx,Glossary,404
Name,Ewa Kopacz,"E. Kopacz (poland), Ewa Kopacz (poland)",Glossary/NER_spain_glossary.xlsx,Glossary,405
Name,Ewa Zajaczkowska-Hernik,"Ewa Zajaczkowska-Hernik (poland), Zajaczkowska (poland), Ewa Zajaczkowska (poland)",Glossary/NER_spain_glossary.xlsx,Glossary,406
Name,Ewa Zajączkowska,"Ewa Zajackowska (poland), E. Zajączkowska (poland), Zajączkowska (poland)",Glossary/NER_spain_glossary.xlsx,Glossary,407
Name,Ewa Zajączkowska-Hernik,"E. Zajączkowska-Hernik A. Bryłka (poland), E. Zajączkowska-Hernik (poland), E. Zajączkowska-hernik (poland), Zajączkowska-Hernik (poland)",Glossary/NER_spain_glossary.xlsx,Glossary,408
Name,Fabian Figueiredo,Fabian Figueiredo (portugal),Glossary/NER_spain_glossary.xlsx,Glossary,409
Name,Fabien Roussel,Fabien Roussel (france),Glossary/NER_spain_glossary.xlsx,Glossary,410
Name,Fatim Diarra,"Fatim Diarra (finland), Fatim Diarra Gustafsson (finland)",Glossary/NER_spain_glossary.xlsx,Glossary,411
Name,Fatima,Fatima (spain),Glossary/NER_spain_glossary.xlsx,Glossary,412
Name,Federation of Young European Greens,"Federation of Young European Greens (croatia), Young European Greens (croatia)",Glossary/NER_spain_glossary.xlsx,Glossary,413
Name,Federico Jiménez Losantos,Federico Jiménez Lossantos (spain),Glossary/NER_spain_glossary.xlsx,Glossary,414
Name,Feiijóo,Feiijóo (spain),Glossary/NER_spain_glossary.xlsx,Glossary,415
Name,Fekete Győr András,Fekete Győr (hungary),Glossary/NER_spain_glossary.xlsx,Glossary,416
Name,Felipe González,"Felipe Gonzalez (spain), Felipe González (spain)",Glossary/NER_spain_glossary.xlsx,Glossary,417
Name,Felipe Melo,Felipe Melo (portugal),Glossary/NER_spain_glossary.xlsx,Glossary,418
Name,Fernando Martínez,fernando martinez (spain),Glossary/NER_spain_glossary.xlsx,Glossary,419
Name,Fernando Medina,Fernando Medina (portugal),Glossary/NER_spain_glossary.xlsx,Glossary,420
Name,Fine Gael,"Fine Garel (croatia), Finne Gael (croatia)",Glossary/NER_spain_glossary.xlsx,Glossary,421
Name,Florence Gaub,Florence Gaub (germany),Glossary/NER_spain_glossary.xlsx,Glossary,422
Name,Florian Merz,Florian Merz (germany),Glossary/NER_spain_glossary.xlsx,Glossary,423
Name,Florian Philippot,Philippot (france),Glossary/NER_spain_glossary.xlsx,Glossary,424
Name,Fogiel,Fogiel (poland),Glossary/NER_spain_glossary.xlsx,Glossary,425
Name,Francina Armengol,"Armengol (spain), Francina Armengol (spain)",Glossary/NER_spain_glossary.xlsx,Glossary,426
Name,Francisco Camps,Francisco Camps (spain),Glossary/NER_spain_glossary.xlsx,Glossary,427
Name,Francisco Pauperio,Francisco Pauperio (portugal),Glossary/NER_spain_glossary.xlsx,Glossary,428
Name,Francisco Paupério,"Paupério (portugal), Francisco Paupério (portugal)",Glossary/NER_spain_glossary.xlsx,Glossary,429
Name,Frank-Walter Steinmeier,Steinmeier (germany),Glossary/NER_spain_glossary.xlsx,Glossary,430
Name,Franz Josef Strauß,Franz Joseph Strauss (germany),Glossary/NER_spain_glossary.xlsx,Glossary,431
Name,François Asselineau,"Asselineau (france), François Asselineau (france)",Glossary/NER_spain_glossary.xlsx,Glossary,432
Name,François Hollande,"Francois Holland (bulgaria), Hollande (france), François Hollande (france)",Glossary/NER_spain_glossary.xlsx,Glossary,433
Name,François-Xavier Bellamy,"François-Xavier Bellamy (france), bellamy (france), Bellamy (france), François Xavier Bellamy (france)",Glossary/NER_spain_glossary.xlsx,Glossary,434
Name,Fratelli d'Italia,I Fratelli (spain),Glossary/NER_spain_glossary.xlsx,Glossary,435
Name,Fred. Merz,Fred. Merz (germany),Glossary/NER_spain_glossary.xlsx,Glossary,436
Name,Fredrik Brange,Fredrik Brange (sweden),Glossary/NER_spain_glossary.xlsx,Glossary,437
Name,Fredrik Kärrholm,Fredrik Kärrholm (sweden),Glossary/NER_spain_glossary.xlsx,Glossary,438
Name,Fredrik af Malmborg,Fredrik af Malmborg (sweden),Glossary/NER_spain_glossary.xlsx,Glossary,439
Name,Free Voters (Freie Wähler),Freie Wähler (germany),Glossary/NER_spain_glossary.xlsx,Glossary,440
Name,Freedom Party of Austria (FPÖ),FPÖ (germany),Glossary/NER_spain_glossary.xlsx,Glossary,441
Name,Fridays for Future (FFF),"FFF (germany), Fridays for Future Activist (spain), Fridays for Future (germany)",Glossary/NER_spain_glossary.xlsx,Glossary,442
Name,Friedrich Merz,"Frederic Merz (germany), Merz (germany), Friedrich Merz (bulgaria), Friedrich Merz (germany)",Glossary/NER_spain_glossary.xlsx,Glossary,443
Name,Frédéric Maillot,Frédéric Maillot (france),Glossary/NER_spain_glossary.xlsx,Glossary,444
Name,Fumio Kishida,Fumio Kishida (croatia),Glossary/NER_spain_glossary.xlsx,Glossary,445
Name,Fx Bellamy,"FX Bellamy (france), Fx Bellamy (france), FX (france)",Glossary/NER_spain_glossary.xlsx,Glossary,446
Name,Fátima Hamed Hossain,"fatimahamedhossain (spain), Hamed Hossain (spain)",Glossary/NER_spain_glossary.xlsx,Glossary,447
Name,Félix Bolaños,"Bolaños (spain), F Bolaños (spain)",Glossary/NER_spain_glossary.xlsx,Glossary,448
Name,G Rufián,"G. Rufián (spain), G Rufián (spain)",Glossary/NER_spain_glossary.xlsx,Glossary,449
Name,G. Braun,G. Braun (poland),Glossary/NER_spain_glossary.xlsx,Glossary,450
Name,G. Bush,"Bush (poland), G. Bush (bulgaria)",Glossary/NER_spain_glossary.xlsx,Glossary,451
Name,G.Braun,G.Braun (poland),Glossary/NER_spain_glossary.xlsx,Glossary,452
Name,GERB,"GERB (bulgaria), GER (bulgaria), GER$B (bulgaria), -GERB (bulgaria)",Glossary/NER_spain_glossary.xlsx,Glossary,453
Name,GERB-SDS,GERB-SDS (bulgaria),Glossary/NER_spain_glossary.xlsx,Glossary,454
Name,GW Bush,GW Bush (hungary),Glossary/NER_spain_glossary.xlsx,Glossary,455
Name,Gabriel Attal,"Attal (france), Luois Boyard Jordql Barldella JL Melanchon Gabriel Attal Raphael Glucksmann (france), Gabriel Attal (france)",Glossary/NER_spain_glossary.xlsx,Glossary,456
Name,Gabriel Rufián,"Gabriel Rufián (spain), Gabriel Rufrián (spain), Rufián (spain)",Glossary/NER_spain_glossary.xlsx,Glossary,457
Name,Gabriela Bošnjak,Gabriela Bošnjak (croatia),Glossary/NER_spain_glossary.xlsx,Glossary,458
Name,Gabriele Krone-Schmalz,Gabriele Krone-Schmalz (germany),Glossary/NER_spain_glossary.xlsx,Glossary,459
Name,Gabrijela Bošnjak,Gabrijela Bošnjak (croatia),Glossary/NER_spain_glossary.xlsx,Glossary,460
Name,Gaby Bischoff,Gaby Bischoff (germany),Glossary/NER_spain_glossary.xlsx,Glossary,461
Name,Garcia Page,Garcia Page (spain),Glossary/NER_spain_glossary.xlsx,Glossary,462
Name,Gashaw Bibani,Bibani (finland),Glossary/NER_spain_glossary.xlsx,Glossary,463
Name,Gasiuk Pihowicz,Gasiuk Pihowicz (poland),Glossary/NER_spain_glossary.xlsx,Glossary,464
Name,Gasiuk-Pichowicz,Gasiuk-Pichowicz (poland),Glossary/NER_spain_glossary.xlsx,Glossary,465
Name,Gavin Newsom,Gavin Newsom (croatia),Glossary/NER_spain_glossary.xlsx,Glossary,466
Name,Geert Wilders,"Wilders (poland), Geert Wilders (finland), Geert Wilders (croatia)",Glossary/NER_spain_glossary.xlsx,Glossary,467
Name,General Dinko Valev (Shivikov),General Shivikov (bulgaria),Glossary/NER_spain_glossary.xlsx,Glossary,468
Name,Genka Shikerova,Genka Shikerowa (bulgaria),Glossary/NER_spain_glossary.xlsx,Glossary,469
Name,Georg Maassen,Georg Maassen (germany),Glossary/NER_spain_glossary.xlsx,Glossary,470
Name,Georg Massen,Georg Massen (germany),Glossary/NER_spain_glossary.xlsx,Glossary,471
Name,Georgi Georgiev,"Georgi Georgiev- (bulgaria), Georgi Georgiev (bulgaria)",Glossary/NER_spain_glossary.xlsx,Glossary,472
Name,Georgi Svilenski,Georgi Svilenski (bulgaria),Glossary/NER_spain_glossary.xlsx,Glossary,473
Name,Gerardo Pisarello,"Gerardo Posarello (spain), Gerardo Pisarello (spain), Pisarello (spain)",Glossary/NER_spain_glossary.xlsx,Glossary,474
Name,Gergely Gulyás,"Gulyás Gergely Orbán Balázs (hungary), Gulyás Gergely (hungary)",Glossary/NER_spain_glossary.xlsx,Glossary,475
Name,Gergely Karácsony,"Karácsony (hungary), Karácsony Gergely (hungary), Karacsony Gergely (hungary)",Glossary/NER_spain_glossary.xlsx,Glossary,476
Name,Gerhard Schröder,Schroeder (poland),Glossary/NER_spain_glossary.xlsx,Glossary,477
Name,Gerhart Baum,Gerhart Baum (germany),Glossary/NER_spain_glossary.xlsx,Glossary,478
Name,Gibanje Svoboda,Gibanje Svoboda (croatia),Glossary/NER_spain_glossary.xlsx,Glossary,479
Name,Gideon Levy,"Gideo Levy (croatia), Gideon Levy (croatia)",Glossary/NER_spain_glossary.xlsx,Glossary,480
Name,Giorgia Meloni,"Meloni (germany), Giorgia Meloni (sweden), Giogia Meloni (portugal), Meloni (poland), Giorgia Meloni (finland), Meloni (spain), Giorgia Meloni (bulgaria), Giorgia Meloni (spain), meloni (spain), Meloni (finland), Giorgia Meloni (croatia), Giorgia Meloni (portugal), Giorgia Meloni (france), Georgia Meloni (croatia), Giorgia Meloni (hungary)",Glossary/NER_spain_glossary.xlsx,Glossary,481
Name,Giovanni Mori,Giovanni Mori (spain),Glossary/NER_spain_glossary.xlsx,Glossary,482
Name,Gluksman,"Gluksman (france), Raphael Gluksman (france)",Glossary/NER_spain_glossary.xlsx,Glossary,483
Name,Gluksmann,Gluksmann (france),Glossary/NER_spain_glossary.xlsx,Glossary,484
Name,Gonzalo Oro,"Gonzalo Oro (spain), Gonzalo de Oro (spain)",Glossary/NER_spain_glossary.xlsx,Glossary,485
Name,Gordan Bosanac,Gordan Bosanac (croatia),Glossary/NER_spain_glossary.xlsx,Glossary,486
Name,Gordan Jandroković,Gordan Jandroković (croatia),Glossary/NER_spain_glossary.xlsx,Glossary,487
Name,Gottfried Curio,Gottfried Curio (germany),Glossary/NER_spain_glossary.xlsx,Glossary,488
Name,Grabarczyk,Grabarczyk (poland),Glossary/NER_spain_glossary.xlsx,Glossary,489
Name,Grace O'Sullivan,"Grace O’Sullivan (sweden), Grace o'Sullivan (finland), Grace O'Sullivan (croatia)",Glossary/NER_spain_glossary.xlsx,Glossary,490
Name,Green,"Green Terry (germany), Green Party (UK) (croatia), The Green Party UK (croatia), Green Party (croatia), The Green party (sweden), Green (germany), The Green Party (sweden), European Green Party (croatia), Green Party of England and Wales (croatia), The Green Party (croatia), Green party (hungary), green party (finland), Green Youth (germany), EU Green party (sweden), Green (hungary), The Green Part (sweden), Green EP group (bulgaria), Green party (finland), Green (france)",Glossary/NER_spain_glossary.xlsx,Glossary,491
Name,Greens/EFA,"Greens-EFA (croatia), Greensefa (finland), Greens-EFA (sweden), Greens-EFA (finland), greensefa (finland)",Glossary/NER_spain_glossary.xlsx,Glossary,492
Name,Greens–European Free Alliance,"Greens (bulgaria), European Greens (spain), European Greens (finland), Greens (croatia), European Greens (hungary), European greens (finland), European Greens (germany), European Greens (croatia), european greens (sweden), Greens–European Free Alliance (spain), Greens (germany), Greens (france)",Glossary/NER_spain_glossary.xlsx,Glossary,493
Name,Gregor Gysi,"Gysi (germany), Gregor Gysi (germany)",Glossary/NER_spain_glossary.xlsx,Glossary,494
Name,Greta Thunberg,"Great Thunberg (sweden), Greta Thunberg (sweden), greta thunberg (sweden), Greta Thurnberg (croatia)",Glossary/NER_spain_glossary.xlsx,Glossary,495
Name,Grodzki,Grodzki (poland),Glossary/NER_spain_glossary.xlsx,Glossary,496
Name,Grozdan Karadjov,Grozdan Karadjov (bulgaria),Glossary/NER_spain_glossary.xlsx,Glossary,497
Name,Grozdan Karadzhov,Grozdan Karadzhov (bulgaria),Glossary/NER_spain_glossary.xlsx,Glossary,498
Name,Grzegorz Braun,"Braun (poland), Grzegorz Braun (poland)",Glossary/NER_spain_glossary.xlsx,Glossary,499
Name,Grzegorz Schetyna,Schetyna (poland),Glossary/NER_spain_glossary.xlsx,Glossary,500
Name,Grön Ungdom,grön ungdom (sweden),Glossary/NER_spain_glossary.xlsx,Glossary,501
Name,Guillaume Peltier,Guillaume Peltier (france),Glossary/NER_spain_glossary.xlsx,Glossary,502
Name,Guillermo Fernández Vara,Guillermo Fernández Vara (spain),Glossary/NER_spain_glossary.xlsx,Glossary,503
Name,Gunnar Beck,Gunnar Beck (portugal),Glossary/NER_spain_glossary.xlsx,Glossary,504
Name,Gustav Johansson,Gustav Johansson (sweden),Glossary/NER_spain_glossary.xlsx,Glossary,505
Name,Gustavo Petro,Gustavo Petro (spain),Glossary/NER_spain_glossary.xlsx,Glossary,506
Name,Gutzanov,"Borislav Gutzanov (bulgaria), Gutzanov (bulgaria), Hristo Gutzanov (bulgaria)",Glossary/NER_spain_glossary.xlsx,Glossary,507
Name,Gyurcsány Ferenc,Gyurcsány Ferenc (hungary),Glossary/NER_spain_glossary.xlsx,Glossary,508
Name,Gyöngyösi Márton,Gyöngyösi Márton (hungary),Glossary/NER_spain_glossary.xlsx,Glossary,509
Name,Haback,Haback (germany),Glossary/NER_spain_glossary.xlsx,Glossary,510
Name,Habeck/Greens,Habeck/Greens (germany),Glossary/NER_spain_glossary.xlsx,Glossary,511
Name,Halbeck,Halbeck (germany),Glossary/NER_spain_glossary.xlsx,Glossary,512
Name,Halla-Aho,"Jussi Halla-aho (finland), Jussi Halla-Aho (finland), Ilmari Nurmela Jussi Halla-aho (finland), Halla-Aho (finland)",Glossary/NER_spain_glossary.xlsx,Glossary,513
Name,Hamerski,Hamerski (poland),Glossary/NER_spain_glossary.xlsx,Glossary,514
Name,Hanna Gedin,Hanna Gedin (sweden),Glossary/NER_spain_glossary.xlsx,Glossary,515
Name,Hanna Gronkiewicz-Waltz,H. Gronkiewicz-Waltz (poland),Glossary/NER_spain_glossary.xlsx,Glossary,516
Name,Hanna Parkkinen,Hanna Parkkinen (finland),Glossary/NER_spain_glossary.xlsx,Glossary,517
Name,Hannariina Rantala,Hannariina Rantala (finland),Glossary/NER_spain_glossary.xlsx,Glossary,518
Name,Hans Neuhoff,Hans (germany),Glossary/NER_spain_glossary.xlsx,Glossary,519
Name,Harald Lesch,Harald Lesch (germany),Glossary/NER_spain_glossary.xlsx,Glossary,520
Name,Harkomo Orpo,Harkomo Orpo (finland),Glossary/NER_spain_glossary.xlsx,Glossary,521
Name,Harri Pikkarainen,Harri Pikkarainen (finland),Glossary/NER_spain_glossary.xlsx,Glossary,522
Name,Harrison Ford,Harrison Ford (croatia),Glossary/NER_spain_glossary.xlsx,Glossary,523
Name,Harry Harkimo,Harry Harkimo (finland),Glossary/NER_spain_glossary.xlsx,Glossary,524
Name,Hashem bin Al Abdullah,Hashem bin Al Abdullah (portugal),Glossary/NER_spain_glossary.xlsx,Glossary,525
Name,Heidi Hautala,Heidi Hautala (finland),Glossary/NER_spain_glossary.xlsx,Glossary,526
Name,Heidi Reichinnek,Heidi Reichinnek (germany),Glossary/NER_spain_glossary.xlsx,Glossary,527
Name,Heikki Autto,auttoheikki (finland),Glossary/NER_spain_glossary.xlsx,Glossary,528
Name,"Heinäluoma, Eero","Heinäluoma (finland), Eero Heinäluoma (finland)",Glossary/NER_spain_glossary.xlsx,Glossary,529
Name,Helin Elfgren,"Elfgren (finland), Helin (finland)",Glossary/NER_spain_glossary.xlsx,Glossary,530
Name,Helmut Schmidt,Helmut Schmidt (germany),Glossary/NER_spain_glossary.xlsx,Glossary,531
Name,Helén Wahlgren,Helén Wahlgren (sweden),Glossary/NER_spain_glossary.xlsx,Glossary,532
Name,Heléne Fritzon,"helene fritzon (sweden), Helene Fritzón (sweden), Helena Fritzon (sweden), Heléne Fritzon (sweden), Helene Fritzon (sweden)",Glossary/NER_spain_glossary.xlsx,Glossary,533
Name,Hennariikka Rantala,Hennariikka Rantala (finland),Glossary/NER_spain_glossary.xlsx,Glossary,534
Name,Hennig-Kloska,"P. Hennig-Kloska (poland), Hennig-Kloska (poland)",Glossary/NER_spain_glossary.xlsx,Glossary,535
Name,Henriina Rantala,"Hennariina Rantala (finland), Henriina Rantala (finland), Rantala (finland)",Glossary/NER_spain_glossary.xlsx,Glossary,536
Name,Henrik Juhlin,Henrik Juhlin (sweden),Glossary/NER_spain_glossary.xlsx,Glossary,537
Name,Henrik Meinander,Henrik Meinander (finland),Glossary/NER_spain_glossary.xlsx,Glossary,538
Name,Henrik Wahlström,"Henrik Wahström (sweden), henrik wahlström (sweden), Henrik Wahlström (sweden)",Glossary/NER_spain_glossary.xlsx,Glossary,539
Name,"Henriksson, Anna-Maja","Henriksson (finland), Anna-Maja Hendriksson (finland), Anna-Maja Henriksson (finland), Anna-Maja Hendrickson (finland), Maja Henriksson (finland), Anna-Maja Hendrikson (finland)",Glossary/NER_spain_glossary.xlsx,Glossary,540
Name,Hermann Tertsch,"Herman Tertsch (spain), Hermann Terstch (spain), Hermann Tertsch (portugal), Hermann Tertsch (spain)",Glossary/NER_spain_glossary.xlsx,Glossary,541
Name,Heute Show,Heute Show (germany),Glossary/NER_spain_glossary.xlsx,Glossary,542
Name,Hillary Clinton,"Hillary Clinton (portugal), Klinton (bulgaria)",Glossary/NER_spain_glossary.xlsx,Glossary,543
Name,Hjallis Harkimo,"Hjallis Harkimo (finland), Harkimo (finland)",Glossary/NER_spain_glossary.xlsx,Glossary,544
Name,Holly Cairns,Holly Cairns (croatia),Glossary/NER_spain_glossary.xlsx,Glossary,545
Name,Hop,"Hope! (spain), Hop (finland)",Glossary/NER_spain_glossary.xlsx,Glossary,546
Name,Horała,Horała (poland),Glossary/NER_spain_glossary.xlsx,Glossary,547
Name,Hr.Ivanov,"H. Ivanov (bulgaria), Hr.Ivanov (bulgaria)",Glossary/NER_spain_glossary.xlsx,Glossary,548
Name,Hristo Ivanov,"Hristo Ivanov (bulgaria), Hristo ivanov (bulgaria), Hristo Ivanoc (bulgaria)",Glossary/NER_spain_glossary.xlsx,Glossary,549
Name,Hristo Petrov,"Hristo Petrov (bulgaria), Hristo (bulgaria), Petrov (bulgaria)",Glossary/NER_spain_glossary.xlsx,Glossary,550
Name,Hristo Petrov (Ico Hazarta),Ico Hazarta (bulgaria),Glossary/NER_spain_glossary.xlsx,Glossary,551
Name,Hristo Petrov (Itzo Hazarta),"Itzo (bulgaria), Itzo hazarta (bulgaria), Itzo Hazarta (bulgaria)",Glossary/NER_spain_glossary.xlsx,Glossary,552
Name,Hubert Aiwanger,Hubert Aiwanger (germany),Glossary/NER_spain_glossary.xlsx,Glossary,553
Name,Höck,Höck (germany),Glossary/NER_spain_glossary.xlsx,Glossary,554
Name,IRL,"EU-MP IRL (sweden), IRL (sweden)",Glossary/NER_spain_glossary.xlsx,Glossary,555
Name,Ignacio Garriga,Ignacio Garriga (spain),Glossary/NER_spain_glossary.xlsx,Glossary,556
Name,Igor Peternel,Igor Peternel (croatia),Glossary/NER_spain_glossary.xlsx,Glossary,557
Name,Iiris Suomela,Iiris Suomela (finland),Glossary/NER_spain_glossary.xlsx,Glossary,558
Name,Ilhan Kyuchyuk,Ilhan Kyuchuk (bulgaria),Glossary/NER_spain_glossary.xlsx,Glossary,559
Name,Ilian Vassilev,Ilyan Vassilev (bulgaria),Glossary/NER_spain_glossary.xlsx,Glossary,560
Name,Iliana Benovska,Benovska (bulgaria),Glossary/NER_spain_glossary.xlsx,Glossary,561
Name,Ilkka Nuotio,Ilkka Nuotio (finland),Glossary/NER_spain_glossary.xlsx,Glossary,562
Name,Ilmari Nurminen,Ilmari Nurminen (finland),Glossary/NER_spain_glossary.xlsx,Glossary,563
Name,Iltalehti,Iltalehti (finland),Glossary/NER_spain_glossary.xlsx,Glossary,564
Name,Ingrida Šimonytė,Ingrida Simonyte (croatia),Glossary/NER_spain_glossary.xlsx,Glossary,565
Name,Iniciativa Liberal,"iniciativa liberal (portugal), Iniciativa Liberl (portugal), Inicitativa Liberal (portugal), Iniciativa Liberal (portugal)",Glossary/NER_spain_glossary.xlsx,Glossary,566
Name,Inka Hopsu,"Hopsu (finland), Inka hopsu (finland), Inka Hopsu (finland)",Glossary/NER_spain_glossary.xlsx,Glossary,567
Name,International Criminal Court (ICC),ICC (germany),Glossary/NER_spain_glossary.xlsx,Glossary,568
Name,Inês de Sousa Real,"Inês de Sousa Real (portugal), Real (portugal), Inês Sousa (portugal)",Glossary/NER_spain_glossary.xlsx,Glossary,569
Name,Ione Belarra,"ione Belarra (spain), ione belarra (spain), Ione Belarra (spain), Ione Belara (spain)",Glossary/NER_spain_glossary.xlsx,Glossary,570
Name,Ione Belorre,Ione Belorre (spain),Glossary/NER_spain_glossary.xlsx,Glossary,571
Name,Iratxe García Pérez,Iratxe Gárcia Pérez (finland),Glossary/NER_spain_glossary.xlsx,Glossary,572
Name,Irene Montero,"irenemontero (spain), irenemontero_ (spain), Montero (spain), Irenemontero_ (spain), Irene Moontero (spain), Irene Montero_ (spain), irene montero (spain), irene montero_ (spain), Irene Montero (spain)",Glossary/NER_spain_glossary.xlsx,Glossary,573
Name,Isa Serra,"isa serra (spain), Isa Serra (spain), isaserras (spain)",Glossary/NER_spain_glossary.xlsx,Glossary,574
Name,Isaac Herzog,Isaac Herzog (croatia),Glossary/NER_spain_glossary.xlsx,Glossary,575
Name,Isabel Damasceno,Isabel Damasceno (portugal),Glossary/NER_spain_glossary.xlsx,Glossary,576
Name,Isabel Díaz Ayuso,"Ayuso (spain), Díaz Ayuso (spain), díaz ayuso (spain), Isabel Pérez Ayuso (spain), Isabel Díaz Ayuso (spain)",Glossary/NER_spain_glossary.xlsx,Glossary,577
Name,Isabella Lövin,"isabella lövin (sweden), Isabella Lövin (sweden), Isabella Löwin (sweden)",Glossary/NER_spain_glossary.xlsx,Glossary,578
Name,Isabelle Le Callennec,Le (poland),Glossary/NER_spain_glossary.xlsx,Glossary,579
Name,Iskra Mihaylova,Iskra Mihaylova (bulgaria),Glossary/NER_spain_glossary.xlsx,Glossary,580
Name,Iskren Arabadjiev,Iskren Arabadjiev (bulgaria),Glossary/NER_spain_glossary.xlsx,Glossary,581
Name,Iskren Ivanov,Iskren Ivanov (bulgaria),Glossary/NER_spain_glossary.xlsx,Glossary,582
Name,Iskren Mitev,"Iskren mitev (bulgaria), Iskren Mitev (bulgaria)",Glossary/NER_spain_glossary.xlsx,Glossary,583
Name,Ivalin Mihaylov,"Ivelin Mihaylov (bulgaria), Ivelin Miahaylov (bulgaria), Ivalin Mihaylov (bulgaria)",Glossary/NER_spain_glossary.xlsx,Glossary,584
Name,Ivan Bedrov,Ivan Bedrov (bulgaria),Glossary/NER_spain_glossary.xlsx,Glossary,585
Name,Ivan Geshev,"Geshev (bulgaria), Ivan Geshev (bulgaria)",Glossary/NER_spain_glossary.xlsx,Glossary,586
Name,Ivan Hristanov,Ivan Hristanov (bulgaria),Glossary/NER_spain_glossary.xlsx,Glossary,587
Name,Ivan Klarić,Ivan Klarić (croatia),Glossary/NER_spain_glossary.xlsx,Glossary,588
Name,Ivan Kukavica,Ivan Kukavica (croatia),Glossary/NER_spain_glossary.xlsx,Glossary,589
Name,Ivan Penava,Ivan Penava (croatia),Glossary/NER_spain_glossary.xlsx,Glossary,590
Name,Ivan Puopolo,Ivan Puopolo (finland),Glossary/NER_spain_glossary.xlsx,Glossary,591
Name,Ivan Šipić,Ivan Šipić (croatia),Glossary/NER_spain_glossary.xlsx,Glossary,592
Name,Ivana Kekin,Ivana Kekin (croatia),Glossary/NER_spain_glossary.xlsx,Glossary,593
Name,Ivana Mujkić,Ivana Mujkić (croatia),Glossary/NER_spain_glossary.xlsx,Glossary,594
Name,Ivančica Pahor,"Ivančica Pohor (croatia), Ivančica Pahor (croatia)",Glossary/NER_spain_glossary.xlsx,Glossary,595
Name,Ivaylo Mirchev,"Ivailo Mirchev (bulgaria), Ivaylo Mirchev (bulgaria)",Glossary/NER_spain_glossary.xlsx,Glossary,596
Name,Ivaylo Vulchev,"Ivaylo Vulchev (bulgaria), Ivaylo Vultchev (bulgaria)",Glossary/NER_spain_glossary.xlsx,Glossary,597
Name,Ive Ćaleta-Car,Ive Ćaleta-Car (croatia),Glossary/NER_spain_glossary.xlsx,Glossary,598
Name,Ivica Dačić,Ivica Dačić (croatia),Glossary/NER_spain_glossary.xlsx,Glossary,599
Name,Ivica Kukavica,Ivica Kukavica (croatia),Glossary/NER_spain_glossary.xlsx,Glossary,600
Name,Ivica Todorić,Ivica Todorić (croatia),Glossary/NER_spain_glossary.xlsx,Glossary,601
Name,Ivo Dimchev,Ivo Dimchev (bulgaria),Glossary/NER_spain_glossary.xlsx,Glossary,602
Name,Ivo Hristov,"Ivo Hristov (bulgaria), Ivo hristov (bulgaria)",Glossary/NER_spain_glossary.xlsx,Glossary,603
Name,Ivo Mirchev,"Ivo Mirchev (bulgaria), Ivo mirchev (bulgaria)",Glossary/NER_spain_glossary.xlsx,Glossary,604
Name,Iván Espinosa de los Monteros,iván espinosa de los moteros (spain),Glossary/NER_spain_glossary.xlsx,Glossary,605
Name,Izabela Leszczyna,I. Leszczyna (poland),Glossary/NER_spain_glossary.xlsx,Glossary,606
Name,Izquierda Unida,"izquierda unida (spain), Izquierda unida (spain), Izquierda Unida (spain)",Glossary/NER_spain_glossary.xlsx,Glossary,607
Name,J. Borowiak,J. Borowiak (poland),Glossary/NER_spain_glossary.xlsx,Glossary,608
Name,J. Grabiec,J. Grabiec (poland),Glossary/NER_spain_glossary.xlsx,Glossary,609
Name,J. Saryusz-Wolski,"J. Saryusz-Wolski (poland), J (france)",Glossary/NER_spain_glossary.xlsx,Glossary,610
Name,JL Abalos,JL Abalos (spain),Glossary/NER_spain_glossary.xlsx,Glossary,611
Name,JL Albares,JL Albares (spain),Glossary/NER_spain_glossary.xlsx,Glossary,612
Name,JL Melenchon,L Melemchon (france),Glossary/NER_spain_glossary.xlsx,Glossary,613
Name,JM Margallo,JM Margallo (spain),Glossary/NER_spain_glossary.xlsx,Glossary,614
Name,Jaak Madison,Jaak Madison (portugal),Glossary/NER_spain_glossary.xlsx,Glossary,615
Name,Jaana Sandström,Jaana Sandström (finland),Glossary/NER_spain_glossary.xlsx,Glossary,616
Name,Jabłoński,Jabłoński (poland),Glossary/NER_spain_glossary.xlsx,Glossary,617
Name,Jacek Krzysztof Karnowski,Karnowski (poland),Glossary/NER_spain_glossary.xlsx,Glossary,618
Name,Jacek Kurski,"J. Kurski (poland), Kurski (poland)",Glossary/NER_spain_glossary.xlsx,Glossary,619
Name,Jacek Ozdoba,Ozdoba (poland),Glossary/NER_spain_glossary.xlsx,Glossary,620
Name,Jacques Attali,Jacque Attali (france),Glossary/NER_spain_glossary.xlsx,Glossary,621
Name,Jadwiga Wiśniewska,Wiśniewska (poland),Glossary/NER_spain_glossary.xlsx,Glossary,622
Name,Jair Bolsonaro,"Jair Bolsonaro (portugal), Bolsonaro (hungary)",Glossary/NER_spain_glossary.xlsx,Glossary,623
Name,Jakab Péter,Jakab Péter (hungary),Glossary/NER_spain_glossary.xlsx,Glossary,624
Name,Jakop Dalunde,"Jakob Dalunda (sweden), jakob dalunde (sweden)",Glossary/NER_spain_glossary.xlsx,Glossary,625
Name,Jakub Wilk,Wilk (poland),Glossary/NER_spain_glossary.xlsx,Glossary,626
Name,Jakubiak,Jakubiak (poland),Glossary/NER_spain_glossary.xlsx,Glossary,627
Name,Jan Björklund,Jan Björklund (sweden),Glossary/NER_spain_glossary.xlsx,Glossary,628
Name,Jan Emanuel,"JAn Emanuel (sweden), Jan Emanuel (sweden)",Glossary/NER_spain_glossary.xlsx,Glossary,629
Name,Jan Kanthak,Kanthak (poland),Glossary/NER_spain_glossary.xlsx,Glossary,630
Name,Jan Mišković,Jan Mišković (croatia),Glossary/NER_spain_glossary.xlsx,Glossary,631
Name,Jan Vapaavuori,Jan Vapaavuori (finland),Glossary/NER_spain_glossary.xlsx,Glossary,632
Name,Jani Mäkelä,Jani Mäkelä (finland),Glossary/NER_spain_glossary.xlsx,Glossary,633
Name,Janine Wissler,Janine Wissler (germany),Glossary/NER_spain_glossary.xlsx,Glossary,634
Name,Janis Varufakis,Janis Varufakis (bulgaria),Glossary/NER_spain_glossary.xlsx,Glossary,635
Name,Janne Hirvasvoipio,Janne Hirvasvoipio (finland),Glossary/NER_spain_glossary.xlsx,Glossary,636
Name,Janne Hirvasvuo,"Hirvasjanne (finland), Janne Hirvasvuo (finland), hirvasjanne (finland)",Glossary/NER_spain_glossary.xlsx,Glossary,637
Name,Janne Sankelo,"Sankelo (finland), Janne Sankelo (finland)",Glossary/NER_spain_glossary.xlsx,Glossary,638
Name,Janusz Kowalski,Kowalski (poland),Glossary/NER_spain_glossary.xlsx,Glossary,639
Name,Janusz Lewandowski,"J. Lewandowski (poland), Janusz Lewandowski (bulgaria), Lewandowski (poland)",Glossary/NER_spain_glossary.xlsx,Glossary,640
Name,Jari Koskela,Jari Koskela (finland),Glossary/NER_spain_glossary.xlsx,Glossary,641
Name,Jarosław Kaczynski,Kaczynski (poland),Glossary/NER_spain_glossary.xlsx,Glossary,642
Name,Jarosław Kaczyński,"J. Kaczyński (poland), Jaroslaw Kaczynski (poland), Kaczyński (poland)",Glossary/NER_spain_glossary.xlsx,Glossary,643
Name,Jaume Duch,Jaume Duch (spain),Glossary/NER_spain_glossary.xlsx,Glossary,644
Name,Javier Cárdenas,"Javier Cardenas (spain), Javier Cárdenas (spain)",Glossary/NER_spain_glossary.xlsx,Glossary,645
Name,Javier Milei,"Javier Millei (croatia), Milei (spain), Javier Milei (portugal), Javier Milei (spain), milei (spain), Milei (finland)",Glossary/NER_spain_glossary.xlsx,Glossary,646
Name,Javier Negre,Javier Negre (spain),Glossary/NER_spain_glossary.xlsx,Glossary,647
Name,Javier Ortega Smith,"Javier Ortega Smith (spain), Ortega Smith (spain)",Glossary/NER_spain_glossary.xlsx,Glossary,648
Name,Jean Lassalle,"Jean Lassalle (france), Lassalle (france)",Glossary/NER_spain_glossary.xlsx,Glossary,649
Name,Jean Marc Zulesi,Jean Marc Zulesi (france),Glossary/NER_spain_glossary.xlsx,Glossary,650
Name,Jean Messiha,Jean Messiha (france),Glossary/NER_spain_glossary.xlsx,Glossary,651
Name,Jean-Luc Mélenchon,"Jean-Luck Mélenchon (france), Mélenchon (france), Jean Luc Mélenchon (france), Jean-Luc Mélenchon (france)",Glossary/NER_spain_glossary.xlsx,Glossary,652
Name,Jean-Marc Jancovici,Jean-Marc Jancovici (france),Glossary/NER_spain_glossary.xlsx,Glossary,653
Name,Jean-Marie Le Pen,Jean Marie Le Pen (france),Glossary/NER_spain_glossary.xlsx,Glossary,654
Name,Jelena Miloš,Jelena Miloš (croatia),Glossary/NER_spain_glossary.xlsx,Glossary,655
Name,Jenna Simula,Jenna Simula (finland),Glossary/NER_spain_glossary.xlsx,Glossary,656
Name,Jenni Jokelainen,Nina Ratilainen Jenni Jokelainen (finland),Glossary/NER_spain_glossary.xlsx,Glossary,657
Name,Jenni Pitko,Jenni Pitko (finland),Glossary/NER_spain_glossary.xlsx,Glossary,658
Name,Jennifer Aniston,Jennifer Aniston (croatia),Glossary/NER_spain_glossary.xlsx,Glossary,659
Name,Jens Riewa,Jens Riewa (germany),Glossary/NER_spain_glossary.xlsx,Glossary,660
Name,Jens Spahn,Jens Spahn (germany),Glossary/NER_spain_glossary.xlsx,Glossary,661
Name,Jens Stoltenberg,"Jens Stoltenberg (croatia), Jens Stoltenberg (sweden)",Glossary/NER_spain_glossary.xlsx,Glossary,662
Name,Jeremy Corbyn,"Jeremy Corby (croatia), Jeremy Corbyn (croatia)",Glossary/NER_spain_glossary.xlsx,Glossary,663
Name,Jeroen Lenaers,Jeroen Lenaers (bulgaria),Glossary/NER_spain_glossary.xlsx,Glossary,664
Name,Jesper Olsson,Jesper Olsson (sweden),Glossary/NER_spain_glossary.xlsx,Glossary,665
Name,Jess Phillips,Jess Phillips (croatia),Glossary/NER_spain_glossary.xlsx,Glossary,666
Name,Jessi Jokelainen,Jessi Jokelainen (finland),Glossary/NER_spain_glossary.xlsx,Glossary,667
Name,Jessica Stegrud,Jessica Stegrud (sweden),Glossary/NER_spain_glossary.xlsx,Glossary,668
Name,Jill Ellen Stein,"Jill Stein (croatia), Jill Stein (portugal)",Glossary/NER_spain_glossary.xlsx,Glossary,669
Name,Jimmie Åkesson,"Jimmie Åkesson (spain), jimmie åkesson (sweden), JImmie Åkesson (sweden), Jimmie Åkesson (sweden), Jimmie Äkesson (sweden), Jimmy Åkesson (sweden)",Glossary/NER_spain_glossary.xlsx,Glossary,670
Name,Jimmy Fallon,Jimmy Fallon (croatia),Glossary/NER_spain_glossary.xlsx,Glossary,671
Name,Jiri Mäntysalo,Jiri Mäntysalo (finland),Glossary/NER_spain_glossary.xlsx,Glossary,672
Name,Joachim Brudziński,J. Brudziński (poland),Glossary/NER_spain_glossary.xlsx,Glossary,673
Name,Joachim Gauck,Joachim Gauck (germany),Glossary/NER_spain_glossary.xlsx,Glossary,674
Name,Joakim Vigelius,"Vigelius (finland), Joakim Vigelois (finland), Joakim Vigelius (finland)",Glossary/NER_spain_glossary.xlsx,Glossary,675
Name,Joan Baldoví,"Joan Baldovi (spain), Joan (poland), joan baldoví (spain)",Glossary/NER_spain_glossary.xlsx,Glossary,676
Name,Joana Amaral Dias,Joana Amaral Dias (portugal),Glossary/NER_spain_glossary.xlsx,Glossary,677
Name,Joana Mortágua,"Joana Mortágua (portugal), Joana Mortagua (portugal), Joama Mortagua (portugal), Joana Mortagu (portugal)",Glossary/NER_spain_glossary.xlsx,Glossary,678
Name,Joanna Kaminska,"Kaminska (poland), Joanna Kaminska (poland)",Glossary/NER_spain_glossary.xlsx,Glossary,679
Name,Joanna Kamińska,Kamińska (poland),Glossary/NER_spain_glossary.xlsx,Glossary,680
Name,Joanna Scheuring-Wielgus,"Scheuring-Wielgus (poland), Joanna Scheuring-Wielgus (poland)",Glossary/NER_spain_glossary.xlsx,Glossary,681
Name,Joanna Senyszyn,Senyszyn (poland),Glossary/NER_spain_glossary.xlsx,Glossary,682
Name,Joao Cotrim,"Joao Cotrim Figueiredo (portugal), Joao Cotrim (portugal)",Glossary/NER_spain_glossary.xlsx,Glossary,683
Name,Joaquín Bosch,Joaquin Bosch (spain),Glossary/NER_spain_glossary.xlsx,Glossary,684
Name,Jocka Träskbäck,"Jocka Träskbäck (finland), Träskbäck (finland), Jocke Träskbacka (finland)",Glossary/NER_spain_glossary.xlsx,Glossary,685
Name,Joe Biden,"Biden (bulgaria), Joe Biden (finland), Biden (spain), Biden (hungary), Joe Biden (sweden), Biden (poland), Biden Harris (finland), Joe Biden (germany), Joe Biden (croatia), Biden (finland), Joe Biden (portugal), Joe Biden (bulgaria), Biden (germany)",Glossary/NER_spain_glossary.xlsx,Glossary,686
Name,Johan Danielsson,"johan danielsson (sweden), Johan Danielsson (sweden)",Glossary/NER_spain_glossary.xlsx,Glossary,687
Name,Johan Pehrson,"Johan Pehrson (sweden), Johan Person (sweden)",Glossary/NER_spain_glossary.xlsx,Glossary,688
Name,Johanna Ekman,Ekman (finland),Glossary/NER_spain_glossary.xlsx,Glossary,689
Name,Johannes Rauch,Johannes Rauch (croatia),Glossary/NER_spain_glossary.xlsx,Glossary,690
Name,John Mearsheimer,"John Mearsheimer (bulgaria), Mearsheimer (bulgaria)",Glossary/NER_spain_glossary.xlsx,Glossary,691
Name,John Oliver,Jon Oliver (croatia),Glossary/NER_spain_glossary.xlsx,Glossary,692
Name,Jonas S,"Jonas S (sweden), Jonas S. (sweden)",Glossary/NER_spain_glossary.xlsx,Glossary,693
Name,Jonas Sjöstedt,"Jonas Sjöstedt (sweden), Jonas Sjöstedt (finland), jonas (sweden)",Glossary/NER_spain_glossary.xlsx,Glossary,694
Name,Joona Räsänen,Joona Räsänen (finland),Glossary/NER_spain_glossary.xlsx,Glossary,695
Name,Joonas Pesonen,Joonas Peso (finland),Glossary/NER_spain_glossary.xlsx,Glossary,696
Name,Joonas Räsänen,Joonas Räsänen (finland),Glossary/NER_spain_glossary.xlsx,Glossary,697
Name,Jordan Bardella,"Raphael Glucksmann Jordan Bardella Alma Dufur Louis Boyard Francois Raffin JL Melenchon Mathilde Panot Marion Marechal Eric Zemmour (france), JL Melenchon Valerie Heyer Jordan Bardella Marine Cholley Marion Marechal Emmanuel Macron Eric Zemmour Le Pen (france), Jordan Bardella (france), Jordan Bardella Manon Aubry JL Melenchon David Guiraud Sebastien Delogu Rima Hassan Marine Le Pen Valerie Hayer (france), Clemence Guette Marion Marechal Mathilde Panot Manon Aubry Eric Zemmour Marine Le Pen Valerie Hayer Jordan Bardella Alma Dufour (france), Emmanuel Macron Jordan Bardella Valerie Hayer Raphael Glucksmann Florian Philoppot (france), Louis Boyard Jordan Bardella Jl Melanchon Gabriel Attal Marie Toussaint (france), Manon Aubry Eric Zemmour Raphalel Glucksmann Emmanuel Macron Valerie Hayer Marion Marechal Sebastien Delogu Jordan Bardella (france), Marion Marechal Jordan Bardella Nikola Sqrkozy Valerie Hayer Mathile Panot Valerie Pecresse Marine le Pen (france), Leaument Eric Zemmour Gavbiel Attal Marine Le Pen Valerie Hayer Jordan Bardella Marion Marechal Leon Deffontaine Emmanuel Macron Xavier Bellamy (france), Manon Aubry Marine Le Pen Jordan Bardella Emmanuel Macron (france), Marie Toussaint Gabriel Attal Jordan Bardella Manon Aubry Joe Biden Emmanuel Macron Xavier Bellany Nicolas Sarkozy Louis Boyard (france), Mayer Habib David Guiraud Antoine Leaument Louis Boyard Jean-Luc Melenchon Jordan Bardella Manon Aubry (france), Caron Aymeric Manuel Bompard Jordan Bardella Manon Aubry Jean Luc Melenchon Habib Hayer (france), Marie Toussaint Marion Marechal Gabriel Attal Jordan Bardella Raphael Glucksmann Manon Aubry (france), Emmanuel Macron François Raffin Eric Ciotti louis Boyard Jordan Bardella Manon Aubry (france), Marion Marechal Jordan Bardella Gabriel Attal Manuel Bomard Xavier Bellamy (france), Jordan Bardella Gabriel Attal Marine Le Pen Emanuel Macron Vaérie Hayer Marine Toussaint Eric Zemmour Audray Manon (france), Manon Aubry Rima Hassan Mathilde Panot Marion Marechal Antoine Leaument Jordan Bardella (france), Manon Aubry Jordan Bardella Jean Luc Melenchon Marine Le Pen (france), Atoine Leament Mayer Habib Manuel Bompard Manon Aubry Jordan Bardella Mathilde Panot Sebastien Delogu (france), Jordan Bardella Louis Boyard JL Melenchon Gabriel Attal Emmanuel Macron (france), Clémence Guette Emmanuel Macron David Guiraud Jordan Bardella gabriel attal Marie Toussaint Raphael Glucksmann Valerie Hayer Manon Aubery (france), Valérie Hayer Jordan Bardella Raphael Glucksmann Leon Deffonaine Emmanuel Macron (france), Valerie Hayer Kelil Khemiri Manon Aubry Jean Luc Melenchon Jordan Bardella Boyard Louis Florian Philoppot (france), Marine Chaulay Emmanuel Macron Jordan Bardella louis Boyard Joe Biden Marine Le Pen Antoine Leaument JL Melenchon Manon Aubry Leon Deffontaines (france), Bardella (finland), Jordan Bardella Gabriel Attal (france), Manon Aubry Emmanuel Macron David Guiraud Rima Hassan JM Melenchon Marion Marechal Jordan Bardella Gabriel Attal Valerie Hayer Louis Boyard (france), Manon Aubry Jordan Bardella E Macron JM le Pen Marion Marechal Xavier Bellany rima hassan (france), Mayer Habib Jordan Bardella Emmanuel Macron Manon Aubry (france), Jordan Badrella (france), Sebastien Delogu Emmanuel Macron David Guiraud Rima Hassan Alma Dufour Antoine Leaument Jordan Bardella gabriel attal (france), Bardella (france), Mathilde Panot Adrien Quatennens Jordan Bardella Emmanuel Macron (france), Manon Aubry JL Melenchon Jordan Bardella Gabriel Attal Marion Marechal Aymric Caron Mathilde Panot louis Boyard (france), Marion Marechal Emmanuel Macron A. Leaument JL Melenchon Jordan Bardella Marie Toussaint (france), Marion Marechal Manon Aubry Antoine Leaument Jordan Bardella Manuel Bompard (france), Louis Boyard Jordan Bardella Valerie Hayer David Guiraud (france), Gabriel Attal Marion Marechal Jordan Bardella Rafael Glucksmann Marie Toussaint Valerie Hayer LeonDeffontaine Bellany (france), Marion Marechal Antoine Leaument Eric Zemmour JL Melenchon Valerie Hayer Jordan Bardella Valerie Pecresse Emmanuel Macron Louis Boyard Velerie Hayer Jordan Bardella Xavier Bellamy (france), Antoine Leaument Jordan Bardella Marine Le Pen JL Melenchon Nikolas Sarkozy Louis Boyard Gabriel Attal (france), Jordan Bardella (bulgaria), Mathilde Panot Louis Boyard Marine Le Pen Manuel Bompard Jordan Bardella Aymeric Caron Sebastien Delogu Marie Toussaint Manon Aubry Xavier Bellany Rafael Glucksmann Alma Dufour Marion Marechal (france), Jordan Bardella (portugal), Jordan Bardella Gabriel Attal Eric Ciotti Joe Biden (france), David Giraud Mayer Habib Louis Broyard Sebastien Delogu JL Melenchon Marion Marechal Jordan Bardella Emmanuel Macron Valerie Hayer (france), Marine Cholley Nikolas Sarkozy Eric Ciotti JL Melenchon Emmanuel Macron Jordan Bardella Raphael Glucksmann Louis Boyard (france), Manon Aubry Mathilde Panot Jordan Bardella JL Melenchon Aymeric Caron (france), Jordan Bardella Marine Le Pen David Guiraud François Raffin Gabriel Attal (france), Rima Hassan JL Melenchon Giraud David Emmanuel Macron Nikolas Sarkozy Marion Marechal Mayer Habib Manon Aubry Jordan Bardella (france), Jordan Bardella Sebastien Delogu Valerie Hayer (france), Louis Boyard Marine Le Pen Jordan Bardella Francois Ruffin Emmanuel Macron (france), Gabriel Attal Nocolas Sarkozy Jordan Bardella Manon Aubry Eric Zemmour Marie Toussaint (france), Mayer Habib David Guiraud Marine Le Pen Gabrial Attal Mamon Aubry Mathile Panot Manuel Bompard Jordan Bardella Marion Marechan Sergey Lavrov (france), Gabriel Attal JL Melenchon Vladimir Putin Jordan Bardella Valerie Hayer Louis Boyard (france), David Guiraud Manon Aubry Jordan Bardella François Ruffin Gabriel Attal (france), David Guiraud Jordan Bardella François Raffin Manon Aubry Emmanuel Macron (france), Louis Boyard Marion Marechal Valerie Hayer Gabriel Attal Maria Zakharova Jordan Bardella JL Melenchon David Guiraud (france), Rafael Glucksmen Jordan Bardella Manon Aubry (france)",Glossary/NER_spain_glossary.xlsx,Glossary,698
Name,Jordi Cañas,Jordi Cañas (spain),Glossary/NER_spain_glossary.xlsx,Glossary,699
Name,Jorge Buxadé,"Buxadé (spain), Jorge Buxadé (spain)",Glossary/NER_spain_glossary.xlsx,Glossary,700
Name,Jorge Garriga,Jorge Garriga (spain),Glossary/NER_spain_glossary.xlsx,Glossary,701
Name,Jose Maria Aznar,Jose Maria Aznar (spain),Glossary/NER_spain_glossary.xlsx,Glossary,702
Name,Josep Borrell,"Borrell (spain), Josep Borrell (croatia), Josep Borrell (spain), J. Borrell (spain), J Borrell (spain), Josep Borell (croatia)",Glossary/NER_spain_glossary.xlsx,Glossary,703
Name,Josip Broz Tito,Josip Broz Tito (croatia),Glossary/NER_spain_glossary.xlsx,Glossary,704
Name,Josip Dabro,Josip Dabro (croatia),Glossary/NER_spain_glossary.xlsx,Glossary,705
Name,Josip Jurčević,Josip Jurčević (croatia),Glossary/NER_spain_glossary.xlsx,Glossary,706
Name,José Antonio Rovira,Jose Antonio Rovira (spain),Glossary/NER_spain_glossary.xlsx,Glossary,707
Name,José Gusmão,José Gusmão (portugal),Glossary/NER_spain_glossary.xlsx,Glossary,708
Name,José Ignacio García,"Ignacio García (spain), Jose Ignacio Garcia (spain)",Glossary/NER_spain_glossary.xlsx,Glossary,709
Name,José Luis Martínez Almmeidaa,José Luis Martínez Almmeidaa (spain),Glossary/NER_spain_glossary.xlsx,Glossary,710
Name,José Luis Martínez-Almeida,José Luis Martínez-Almeida (spain),Glossary/NER_spain_glossary.xlsx,Glossary,711
Name,José Luis Rodríguez Zapatero,"zapatero (spain), Zapatero (spain), JL Rodríguez Zapatero (spain), Rodríguez Zapatero (spain), JL. Rodríguez Zapatero (spain), José Luis Rodríguez Zapatero (spain), R. Zapatero (spain)",Glossary/NER_spain_glossary.xlsx,Glossary,712
Name,José Manuel Albares,"José Manuel Albares (spain), Jose Manuel Albares (spain)",Glossary/NER_spain_glossary.xlsx,Glossary,713
Name,José Mujica,José Mujica (spain),Glossary/NER_spain_glossary.xlsx,Glossary,714
Name,José Pacheco,José Pacheco (portugal),Glossary/NER_spain_glossary.xlsx,Glossary,715
Name,José Pinto Coelho,José Pinto Coelho (portugal),Glossary/NER_spain_glossary.xlsx,Glossary,716
Name,José Soeiro,José Soeiro (portugal),Glossary/NER_spain_glossary.xlsx,Glossary,717
Name,José Sócrates,"José Socrates (portugal), José Sócrates (portugal)",Glossary/NER_spain_glossary.xlsx,Glossary,718
Name,Jouni Jussiniemi,"Jouni Jussiniemi (finland), Jouni Jussinie (finland), Jussiniemi (finland)",Glossary/NER_spain_glossary.xlsx,Glossary,719
Name,Jouni Jussinniemi,"Jussinniemi (finland), Jouni Jussinnie (finland)",Glossary/NER_spain_glossary.xlsx,Glossary,720
Name,João Cotrim de Figueiredo,"João Cotrim Figueiredo (portugal), Cotrim (portugal), João Contrim de Figueiredo (portugal), João Cotrim de Figueiredo (portugal), João Cotrim (portugal)",Glossary/NER_spain_glossary.xlsx,Glossary,721
Name,João Ferreira,João Ferreira (portugal),Glossary/NER_spain_glossary.xlsx,Glossary,722
Name,João Galamba,João Galamba (portugal),Glossary/NER_spain_glossary.xlsx,Glossary,723
Name,João Oliveira,"João Oliverira (portugal), João Oliveira (portugal), joão Oliverira (portugal)",Glossary/NER_spain_glossary.xlsx,Glossary,724
Name,João Rodrigues,João Rodrigues (portugal),Glossary/NER_spain_glossary.xlsx,Glossary,725
Name,Juan Carlos Girauta,"Juan Carlos Girauta (spain), Sand Juan Carlos Girauta (spain)",Glossary/NER_spain_glossary.xlsx,Glossary,726
Name,Juan Diego Requena,Juan Diego Requena (spain),Glossary/NER_spain_glossary.xlsx,Glossary,727
Name,Juan Espadas,Juan Espadas (spain),Glossary/NER_spain_glossary.xlsx,Glossary,728
Name,Juan Lobato,"juanlobato (spain), Lobato (spain), Juan Lobato (spain)",Glossary/NER_spain_glossary.xlsx,Glossary,729
Name,Juan Manuel Moreno Bonilla,Juanma moreno Bonilla (spain),Glossary/NER_spain_glossary.xlsx,Glossary,730
Name,Judith Butler,Judith Butler (finland),Glossary/NER_spain_glossary.xlsx,Glossary,731
Name,Juha Huhtala,"Huhtala (finland), Juha Huhtala (finland)",Glossary/NER_spain_glossary.xlsx,Glossary,732
Name,Juho Salmi,Juho Salmi (finland),Glossary/NER_spain_glossary.xlsx,Glossary,733
Name,Jukka Kopra,Jukka Kopra (finland),Glossary/NER_spain_glossary.xlsx,Glossary,734
Name,Jukka Polvinen,Polvinen (finland),Glossary/NER_spain_glossary.xlsx,Glossary,735
Name,Julia Sangervo,"Julia Sangervo (finland), juliaSangervo (finland), Sangervo (finland)",Glossary/NER_spain_glossary.xlsx,Glossary,736
Name,Julia Ståhle,Julia Ståhle (finland),Glossary/NER_spain_glossary.xlsx,Glossary,737
Name,Julian Assange,Julian Assange (sweden),Glossary/NER_spain_glossary.xlsx,Glossary,738
Name,Julian Nagelsmann,Nagelsmann (germany),Glossary/NER_spain_glossary.xlsx,Glossary,739
Name,Julien Odoul,Julien Odoul (france),Glossary/NER_spain_glossary.xlsx,Glossary,740
Name,Julien Rochedy,Julien Rochedy (france),Glossary/NER_spain_glossary.xlsx,Glossary,741
Name,Julien Sanchez,"P. Sanchez (spain), Sanchez (spain)",Glossary/NER_spain_glossary.xlsx,Glossary,742
Name,Junts per Catalunya (Junts),Junts (spain),Glossary/NER_spain_glossary.xlsx,Glossary,743
Name,Jussi Hiippavuori,Hiippavuori (finland),Glossary/NER_spain_glossary.xlsx,Glossary,744
Name,Justin Trudeau,"Justin Trudeau (portugal), Justin Trudeau (spain), Trudeau (poland), Justin JP Trudeau (finland), Justin Trudeau (bulgaria), Trudeau (hungary), Justin Trudeau (germany), Justin Trudeau (croatia), Trudeau (finland), Trudeau (bulgaria)",Glossary/NER_spain_glossary.xlsx,Glossary,745
Name,Justyna Krasowicz,Krasowicz (poland),Glossary/NER_spain_glossary.xlsx,Glossary,746
Name,Justyna Walker,Justyna Walker (poland),Glossary/NER_spain_glossary.xlsx,Glossary,747
Name,Jutta Urpilainen,Urpilainen (finland),Glossary/NER_spain_glossary.xlsx,Glossary,748
Name,Juventudes Socialistas,"Juventudes Socialistas (spain), PP. Juventudes Socialistas (spain)",Glossary/NER_spain_glossary.xlsx,Glossary,749
Name,Józefaciuk,Józefaciuk (poland),Glossary/NER_spain_glossary.xlsx,Glossary,750
Name,Jörg Urban,Joerg Urban (germany),Glossary/NER_spain_glossary.xlsx,Glossary,751
Name,K. Ber,K. Ber (poland),Glossary/NER_spain_glossary.xlsx,Glossary,752
Name,K. Kostadionov,"k (portugal), K Kostadinov (bulgaria), K. Kostadinov (bulgaria), K. Kostadionov (bulgaria)",Glossary/NER_spain_glossary.xlsx,Glossary,753
Name,K. Perczyńska Nałęcz,K. Perczyńska Nałęcz (poland),Glossary/NER_spain_glossary.xlsx,Glossary,754
Name,Kai Tegethoff,Kai Tegethoff (croatia),Glossary/NER_spain_glossary.xlsx,Glossary,755
Name,Kaisa Garedew,Kaisa Garedew (finland),Glossary/NER_spain_glossary.xlsx,Glossary,756
Name,Kaisa Jussila,Kaisa Jussila (finland),Glossary/NER_spain_glossary.xlsx,Glossary,757
Name,Kaisu Juuso,kaisu juuso (finland),Glossary/NER_spain_glossary.xlsx,Glossary,758
Name,Kaja Kallas,Kaja Kallas (croatia),Glossary/NER_spain_glossary.xlsx,Glossary,759
Name,Kaleta,"S. Kaleta (poland), Kaleta (poland)",Glossary/NER_spain_glossary.xlsx,Glossary,760
Name,Kalin Stoyanov,Kalin Stoyanov (bulgaria),Glossary/NER_spain_glossary.xlsx,Glossary,761
Name,Kamala Harris,"Kamala Harris (croatia), Kamala Harris (sweden)",Glossary/NER_spain_glossary.xlsx,Glossary,762
Name,Kamila Gasiuk,Kamila Gasiuk (poland),Glossary/NER_spain_glossary.xlsx,Glossary,763
Name,Kamila Gasiuk-Pihowicz,"K. Gasiuk-Pihowicz (poland), Kamila Gasiuk-Pihowicz (poland)",Glossary/NER_spain_glossary.xlsx,Glossary,764
Name,Kamysz-Kosiniak,Kamysz-Kosiniak (poland),Glossary/NER_spain_glossary.xlsx,Glossary,765
Name,Karczewski,Karczewski (poland),Glossary/NER_spain_glossary.xlsx,Glossary,766
Name,Karin Karlsbro,"Karin Karlsbro (sweden), Karin Karlsberg (sweden)",Glossary/NER_spain_glossary.xlsx,Glossary,767
Name,Karl Lauterbach,"Karl Lauterbach (germany), Lauterbach (germany)",Glossary/NER_spain_glossary.xlsx,Glossary,768
Name,Karl Nehammer,"Karl Nehammer (croatia), Karl Nehammer (bulgaria)",Glossary/NER_spain_glossary.xlsx,Glossary,769
Name,Karl Persson,Karl Persson (sweden),Glossary/NER_spain_glossary.xlsx,Glossary,770
Name,Karl-Theodor zu Guttenberg,Karl-Theodor Guttenberg (germany),Glossary/NER_spain_glossary.xlsx,Glossary,771
Name,Karlo Ressler,Karlo Ressler (croatia),Glossary/NER_spain_glossary.xlsx,Glossary,772
Name,Karolina Vidović Krišto,Karolina Vidović Krišto (croatia),Glossary/NER_spain_glossary.xlsx,Glossary,773
Name,Karoline Edtstadler,"Karoline Edtstadler (portugal), Karoline Edtstadler (croatia), Karoline Edstadler (croatia)",Glossary/NER_spain_glossary.xlsx,Glossary,774
Name,Karsay Ferenc,Karsay Ferenc (hungary),Glossary/NER_spain_glossary.xlsx,Glossary,775
Name,Karski,Karski (poland),Glossary/NER_spain_glossary.xlsx,Glossary,776
Name,"Katainen, Elsi","Katainen (finland), Elsi Kaltainen (finland), Elsi Katainen (finland)",Glossary/NER_spain_glossary.xlsx,Glossary,777
Name,Katarina Barley,"Katharina Barley (germany), Katarina Barley (germany), Barley (germany)",Glossary/NER_spain_glossary.xlsx,Glossary,778
Name,Katarina Peović,Katarina Peović (croatia),Glossary/NER_spain_glossary.xlsx,Glossary,779
Name,Katarzyna Kotula,"Katarzyna Kotula (poland), Kotula (poland)",Glossary/NER_spain_glossary.xlsx,Glossary,780
Name,Katarzyna Pelczynska-Nalecz,"Pelczynska-Nalecz (poland), Katarzyna Pelczynska-Nalecz (poland), Katarzyna Pelczynska (poland)",Glossary/NER_spain_glossary.xlsx,Glossary,781
Name,Katarzyna Pełczyńska-Nałęcz,Pełczyńska-Nałęcz (poland),Glossary/NER_spain_glossary.xlsx,Glossary,782
Name,Katin Karl,Katin Karl (sweden),Glossary/NER_spain_glossary.xlsx,Glossary,783
Name,Katrin Goering Eckert,Katrin Goering Eckert (germany),Glossary/NER_spain_glossary.xlsx,Glossary,784
Name,Katrin Göring-Eckardt,"Katrin Göring-Eckardt (germany), Karin Goering-Eckhart (germany)",Glossary/NER_spain_glossary.xlsx,Glossary,785
Name,Katrin Wissing,"Katrin Wissin (sweden), Katrin Wissing (sweden)",Glossary/NER_spain_glossary.xlsx,Glossary,786
Name,Kay Gottschalk,Kay Gottschalk (germany),Glossary/NER_spain_glossary.xlsx,Glossary,787
Name,Keir Starmer,Keir Starmer (croatia),Glossary/NER_spain_glossary.xlsx,Glossary,788
Name,Kevin Kühnert,Kevin Kühnert (germany),Glossary/NER_spain_glossary.xlsx,Glossary,789
Name,Kevin Spacey,Kevin Spacey (croatia),Glossary/NER_spain_glossary.xlsx,Glossary,790
Name,Kierwińki,Kierwińki (poland),Glossary/NER_spain_glossary.xlsx,Glossary,791
Name,Kim Berg,"Kim Berg (finland), Kim berg (finland)",Glossary/NER_spain_glossary.xlsx,Glossary,792
Name,Kim Jong Un,"Kim jong un (germany), Kim Jong Un (hungary)",Glossary/NER_spain_glossary.xlsx,Glossary,793
Name,Kim Jong-un,"Kim Jong-Un (spain), Kim van Sparrentak (sweden)",Glossary/NER_spain_glossary.xlsx,Glossary,794
Name,Kimmo Kiljunen,Kiljunen (finland),Glossary/NER_spain_glossary.xlsx,Glossary,795
Name,Kimmo Sasi,Kimmo Sasi (finland),Glossary/NER_spain_glossary.xlsx,Glossary,796
Name,Kiril Petkov,"Kiril Petkow (bulgaria), Petkov (bulgaria), Kiril (bulgaria), Kiril Petkov (bulgaria), K. Petkov (bulgaria), kiril Petkov (bulgaria)",Glossary/NER_spain_glossary.xlsx,Glossary,797
Name,Kiril Vesselinski,"Kiril Vesselinski (bulgaria), Kiril Veselinski (bulgaria)",Glossary/NER_spain_glossary.xlsx,Glossary,798
Name,Kiro Brejka,Kiro Brejka (bulgaria),Glossary/NER_spain_glossary.xlsx,Glossary,799
Name,Klaas Heufer-Umlauf,Klaas Heufer-Umlauf (germany),Glossary/NER_spain_glossary.xlsx,Glossary,800
Name,Klaus Bernpaintner,Klaus Bernpaintner (sweden),Glossary/NER_spain_glossary.xlsx,Glossary,801
Name,Klaus Iohannis,"Klaus Iohannis (croatia), Klaus Iohannis (bulgaria)",Glossary/NER_spain_glossary.xlsx,Glossary,802
Name,Klimaliste,"Klimaliste party (germany), Klimaliste (germany)",Glossary/NER_spain_glossary.xlsx,Glossary,803
Name,Klimatallians,Klimatallians (sweden),Glossary/NER_spain_glossary.xlsx,Glossary,804
Name,Klára Dobrev,"dobrev (hungary), Dobrev Klára (hungary), Dobrev Klara (hungary)",Glossary/NER_spain_glossary.xlsx,Glossary,805
Name,Koalicja Obwatelska,"Koalicja Obywatelski (poland), Koalcija Obywatelska (poland), Koalicja Obywatelska (poland), Coalicja Obywatelska (poland), Koalicja Obwatelska (poland)",Glossary/NER_spain_glossary.xlsx,Glossary,806
Name,Kolarski,Kolarski (poland),Glossary/NER_spain_glossary.xlsx,Glossary,807
Name,Kommunistiska Partiet Göteborg,Kommunistiska Partiet Göteborg (sweden),Glossary/NER_spain_glossary.xlsx,Glossary,808
Name,Konrad Adenauer,"Konrad Adenauer (germany), Adenauer (hungary)",Glossary/NER_spain_glossary.xlsx,Glossary,809
Name,Konrad Berkowicz,"K.Berkowicz (poland), Bierkowicz (poland), K Berkowicz (poland), K. Berkowicz (poland), Konrad Berkowicz (poland), Berkowicz (poland)",Glossary/NER_spain_glossary.xlsx,Glossary,810
Name,Konstantin von Notz,Konstantin von Notz (germany),Glossary/NER_spain_glossary.xlsx,Glossary,811
Name,Kornelia Ninova,"Cornelia Ninova (bulgaria), Korneliya Ninova (bulgaria)",Glossary/NER_spain_glossary.xlsx,Glossary,812
Name,Kornelia Petrova Ninova,"Ninova (bulgaria), Kornelia Ninova (bulgaria)",Glossary/NER_spain_glossary.xlsx,Glossary,813
Name,Korwin-Mikke,"Korwin-Mikke (poland), Janusz Korwin-Mikke (poland)",Glossary/NER_spain_glossary.xlsx,Glossary,814
Name,Kostadin Kostadinov,"Kostadin Kostadinoc (bulgaria), Kostadinov (bulgaria), Kostadin Kostadinov (bulgaria), Kostadin kostadinov (bulgaria)",Glossary/NER_spain_glossary.xlsx,Glossary,815
Name,Kostadin Paskalev,Kostadin Paskalev (bulgaria),Glossary/NER_spain_glossary.xlsx,Glossary,816
Name,Kovács Gergely,Kovács Gergely (hungary),Glossary/NER_spain_glossary.xlsx,Glossary,817
Name,Krall,"M. Krall (germany), Krall (germany)",Glossary/NER_spain_glossary.xlsx,Glossary,818
Name,Krasimir Karakachanov,"Krasimir Karakachanov (bulgaria), Krassimir Karakachanov (bulgaria), Karakachanov (bulgaria)",Glossary/NER_spain_glossary.xlsx,Glossary,819
Name,Krasowicz Justyna,J. Krasowicz (poland),Glossary/NER_spain_glossary.xlsx,Glossary,820
Name,Krass,Krass (germany),Glossary/NER_spain_glossary.xlsx,Glossary,821
Name,Krista Kiuru,Krista Kiuru (finland),Glossary/NER_spain_glossary.xlsx,Glossary,822
Name,Krista Mikkonen,Krista Mikkonen (finland),Glossary/NER_spain_glossary.xlsx,Glossary,823
Name,Kristian Vigenin,"Kristiyan Vigenin (bulgaria), Kristian Vigenin (bulgaria)",Glossary/NER_spain_glossary.xlsx,Glossary,824
Name,Kristina Baum,Kristina Baum (germany),Glossary/NER_spain_glossary.xlsx,Glossary,825
Name,Kristofer Bergman,kristofer bergman (sweden),Glossary/NER_spain_glossary.xlsx,Glossary,826
Name,Krzysztof Bosak,"K. Bosak (poland), Krzysztof Bosak (poland), Bosak (poland)",Glossary/NER_spain_glossary.xlsx,Glossary,827
Name,Krzysztof Brejza,"Krzysztof Brejza (poland), K. Brejza (poland)",Glossary/NER_spain_glossary.xlsx,Glossary,828
Name,Krzysztof Gawkowski,Gawkowski (poland),Glossary/NER_spain_glossary.xlsx,Glossary,829
Name,Krzysztof Hetman,K. Hetman (poland),Glossary/NER_spain_glossary.xlsx,Glossary,830
Name,Krzysztof Kwiatkowski,"K. Kwiatkowski (poland), Krzysztof Kwiatkowski (poland)",Glossary/NER_spain_glossary.xlsx,Glossary,831
Name,Krzysztof Pamuła,Pamuła (poland),Glossary/NER_spain_glossary.xlsx,Glossary,832
Name,Krzysztof Śmiszek,Krzysztof Smiszek (poland),Glossary/NER_spain_glossary.xlsx,Glossary,833
Name,Kuehnert,"Kevin Kuehnert (germany), Kuehnert (germany)",Glossary/NER_spain_glossary.xlsx,Glossary,834
Name,Kuivalainen,Kuivalainen (finland),Glossary/NER_spain_glossary.xlsx,Glossary,835
Name,Kulja Viktor,Kulja Viktor (hungary),Glossary/NER_spain_glossary.xlsx,Glossary,836
Name,"Kulmuni, Katri","Kulmuni (finland), Katri Kulmuni (finland)",Glossary/NER_spain_glossary.xlsx,Glossary,837
Name,Kuzman Iliev,Kuzman Iliev (bulgaria),Glossary/NER_spain_glossary.xlsx,Glossary,838
Name,"Kyllönen, Merja",Merja Kyllönen (finland),Glossary/NER_spain_glossary.xlsx,Glossary,839
Name,Kyriakos Mitsotakis,Kyriakos Mitsotakis (croatia),Glossary/NER_spain_glossary.xlsx,Glossary,840
Name,Kósa Lajos,Kósa Lajos (hungary),Glossary/NER_spain_glossary.xlsx,Glossary,841
Name,Lamberts-Greens,Lamberts-Greens (bulgaria),Glossary/NER_spain_glossary.xlsx,Glossary,842
Name,Lars Klingbeil,"Lars Klingbeil (germany), Klingbeil (germany)",Glossary/NER_spain_glossary.xlsx,Glossary,843
Name,Lars Patrick Berg,Lars Patrick Berg (germany),Glossary/NER_spain_glossary.xlsx,Glossary,844
Name,Lasse Lehtinen,Lasse Lehtinen (finland),Glossary/NER_spain_glossary.xlsx,Glossary,845
Name,Laura Antonelli,Laura Antonelli (spain),Glossary/NER_spain_glossary.xlsx,Glossary,846
Name,Laura Huhtasaari,"Huhtasaari (finland), Laura Huhtasaari (finland)",Glossary/NER_spain_glossary.xlsx,Glossary,847
Name,Laurent Wauquiez,"Wauquiez (france), Laurent Wauquiez (france)",Glossary/NER_spain_glossary.xlsx,Glossary,848
Name,Lauri Laitinen,"Lauri Laitinen (finland), Laitinen (finland)",Glossary/NER_spain_glossary.xlsx,Glossary,849
Name,Lauri Lindén,"Lauri Lindén (finland), Lauri linden (finland), Lauri LInden (finland), lauri Linden (finland), Lauri Linden (finland), Lindén (finland)",Glossary/NER_spain_glossary.xlsx,Glossary,850
Name,Le Marietta,Le Marietta (hungary),Glossary/NER_spain_glossary.xlsx,Glossary,851
Name,Lech Walesa,Lech Walesa (poland),Glossary/NER_spain_glossary.xlsx,Glossary,852
Name,Lech Wałęsa,Wałęsa (poland),Glossary/NER_spain_glossary.xlsx,Glossary,853
Name,Leffontaines,Leffontaines (france),Glossary/NER_spain_glossary.xlsx,Glossary,854
Name,Left Alliance,"Left alliance (finland), Alliance (finland), Left Alliance (finland), Left Allicance (finland), left alliance (finland)",Glossary/NER_spain_glossary.xlsx,Glossary,855
Name,Leitao Marques,Leitao Marques (portugal),Glossary/NER_spain_glossary.xlsx,Glossary,856
Name,Lena Borislavova,Lena Borislavova (bulgaria),Glossary/NER_spain_glossary.xlsx,Glossary,857
Name,Lena Hallengren,Lena Hallgren (sweden),Glossary/NER_spain_glossary.xlsx,Glossary,858
Name,Leo Varadkar,"Leo Varadkar (sweden), Leo Varadkar (portugal), Leo Varadkar (croatia)",Glossary/NER_spain_glossary.xlsx,Glossary,859
Name,Leon McManus,"Leon McManus (sweden), Leon Mcmanus (sweden)",Glossary/NER_spain_glossary.xlsx,Glossary,860
Name,Leszek Balcerowicz,Balcerowicz (poland),Glossary/NER_spain_glossary.xlsx,Glossary,861
Name,Levitsata,Levitzata (bulgaria),Glossary/NER_spain_glossary.xlsx,Glossary,862
Name,Liam Byrne,Liam Byrne (croatia),Glossary/NER_spain_glossary.xlsx,Glossary,863
Name,Lina Khan,Lina Khan (croatia),Glossary/NER_spain_glossary.xlsx,Glossary,864
Name,Lina Nordquist,Lina Nordquist (sweden),Glossary/NER_spain_glossary.xlsx,Glossary,865
Name,Linda Eskilsson,Linda Eskilsson (sweden),Glossary/NER_spain_glossary.xlsx,Glossary,866
Name,Linnea Bengtsso,Linnea Bengtsson (sweden),Glossary/NER_spain_glossary.xlsx,Glossary,867
Name,Lintila,Lintila (finland),Glossary/NER_spain_glossary.xlsx,Glossary,868
Name,Linus Torvalds,Linus Torvalds (finland),Glossary/NER_spain_glossary.xlsx,Glossary,869
Name,Lionel Jospin,Lionel Jospin (france),Glossary/NER_spain_glossary.xlsx,Glossary,870
Name,Lisa Nåbo,Lisa Nåbo (sweden),Glossary/NER_spain_glossary.xlsx,Glossary,871
Name,Lisnard,Lisnard (france),Glossary/NER_spain_glossary.xlsx,Glossary,872
Name,Liz Cheney,Liz Cheney (germany),Glossary/NER_spain_glossary.xlsx,Glossary,873
Name,Lloyd Austin,"Lloyd Austin (sweden), Lloyd Austin (croatia)",Glossary/NER_spain_glossary.xlsx,Glossary,874
Name,Lohikoski,"Juhani Lohikoski (finland), Lohikoski. Ohisalo (finland)",Glossary/NER_spain_glossary.xlsx,Glossary,875
Name,Lotta Tuominen,"Lotta Tuominen (finland), Tuominen (finland)",Glossary/NER_spain_glossary.xlsx,Glossary,876
Name,Louis Boyard,"Boyard (france), Louis boyard (france), uis Boyard (france), Louis Boyard Florian Philippot JL Melenchon Alma Dufur (france), Louis Boyard (france), Gagriel Attal Louis Boyard JL Melenchon (france), Louis Boyars (france)",Glossary/NER_spain_glossary.xlsx,Glossary,877
Name,Louise Grabo,Louise Grabo (sweden),Glossary/NER_spain_glossary.xlsx,Glossary,878
Name,Louise Meijer,Louise Meijer (sweden),Glossary/NER_spain_glossary.xlsx,Glossary,879
Name,Lovro Lukavečki,Lovro Lukavečki (croatia),Glossary/NER_spain_glossary.xlsx,Glossary,880
Name,Luc André Diouf,Luc André Diouf (spain),Glossary/NER_spain_glossary.xlsx,Glossary,881
Name,Luc Frieden,Luc Frieden (croatia),Glossary/NER_spain_glossary.xlsx,Glossary,882
Name,Ludvig Aspling,Ludvig Aspling (sweden),Glossary/NER_spain_glossary.xlsx,Glossary,883
Name,Luisa Neubauer,"Neubauer (germany), Luisa Neunbauer (germany), Luisa Neubauer (germany), Luisen Neubauer (germany)",Glossary/NER_spain_glossary.xlsx,Glossary,884
Name,Luiz Inácio Lula da Silva,"Lula (portugal), Da (bulgaria), Luiz Inácio Lula da Silva (portugal), Lula Da Silva (portugal), Lula da Silva (croatia)",Glossary/NER_spain_glossary.xlsx,Glossary,885
Name,Luka Korlaet,Luka Korlaet (croatia),Glossary/NER_spain_glossary.xlsx,Glossary,886
Name,Luka Kraljević,Luka Kraljević (croatia),Glossary/NER_spain_glossary.xlsx,Glossary,887
Name,Lukas Brandweiner,Lukas Brandweiner (germany),Glossary/NER_spain_glossary.xlsx,Glossary,888
Name,Lukashenko,Lukashenko (poland),Glossary/NER_spain_glossary.xlsx,Glossary,889
Name,Lulu Ranne,Lulu Ranne (finland),Glossary/NER_spain_glossary.xlsx,Glossary,890
Name,Luís Montenegro,"Luis Montenegro (portugal), Luís Montenegro (portugal)",Glossary/NER_spain_glossary.xlsx,Glossary,891
Name,Lyuben Dilov,Lyuben Dilov (bulgaria),Glossary/NER_spain_glossary.xlsx,Glossary,892
Name,László Toroczkai,"Toroczkai László (hungary), Toroczkai (hungary)",Glossary/NER_spain_glossary.xlsx,Glossary,893
Name,Lázár János,Lázár János (hungary),Glossary/NER_spain_glossary.xlsx,Glossary,894
Name,Léon Defontaine,Léon Defontaine (france),Glossary/NER_spain_glossary.xlsx,Glossary,895
Name,Lídia Pereira,Lidia Pereira (portugal),Glossary/NER_spain_glossary.xlsx,Glossary,896
Name,M-A Zimmerman,"M-A Zimmerman (germany), Zimmerman (germany)",Glossary/NER_spain_glossary.xlsx,Glossary,897
Name,M.Kierwinski,"M. Kierwinski (poland), M.Kierwinski (poland)",Glossary/NER_spain_glossary.xlsx,Glossary,898
Name,MJ montero,"j. montero (spain), MJ montero (spain), MJ Montero (spain)",Glossary/NER_spain_glossary.xlsx,Glossary,899
Name,MJMontero,MJMontero (spain),Glossary/NER_spain_glossary.xlsx,Glossary,900
Name,MOST,Most (croatia),Glossary/NER_spain_glossary.xlsx,Glossary,901
Name,MZP,"MSZP (hungary), MZP (hungary)",Glossary/NER_spain_glossary.xlsx,Glossary,902
Name,Maciej Konieczny,"Maciej Konieczny (poland), Konieczny (poland)",Glossary/NER_spain_glossary.xlsx,Glossary,903
Name,Maciej Wąsik,Wąsik (poland),Glossary/NER_spain_glossary.xlsx,Glossary,904
Name,Macklemore,Macklemore (germany),Glossary/NER_spain_glossary.xlsx,Glossary,905
Name,Magdalena Adamowicz,"Magdalena A. (sweden), Magdalena A (sweden), M. Adamowicz (poland)",Glossary/NER_spain_glossary.xlsx,Glossary,906
Name,Magdalena Andersson,"magdalena andersson (sweden), Magdalena Anderson (sweden), Magdalena Andersson (sweden)",Glossary/NER_spain_glossary.xlsx,Glossary,907
Name,Magdalena Biejat,"Magdalena Biejat (poland), Biejat (poland)",Glossary/NER_spain_glossary.xlsx,Glossary,908
Name,Magdalena Filiks,"Filiks (poland), Magdalena Filiks (poland)",Glossary/NER_spain_glossary.xlsx,Glossary,909
Name,Mahmoud Abbas,Mahmoud Abbas (croatia),Glossary/NER_spain_glossary.xlsx,Glossary,910
Name,Mai Kivelä,Mai Kivelä (finland),Glossary/NER_spain_glossary.xlsx,Glossary,911
Name,Makron,Makron (bulgaria),Glossary/NER_spain_glossary.xlsx,Glossary,912
Name,Malala Yousafzai,"Malala Yousafzai (croatia), Malala (finland)",Glossary/NER_spain_glossary.xlsx,Glossary,913
Name,Manfred Weber,"Manfred Weber (croatia), Manfred Web (bulgaria), Manfred Weber (hungary), Manfred Weber (finland), Manfred Weber (bulgaria)",Glossary/NER_spain_glossary.xlsx,Glossary,914
Name,Manol Glishev,Manol Glishev (bulgaria),Glossary/NER_spain_glossary.xlsx,Glossary,915
Name,Manol Peykov,"Manol Peykov (bulgaria), Manol peykov (bulgaria), Manl Peykov (bulgaria)",Glossary/NER_spain_glossary.xlsx,Glossary,916
Name,Manon Aubry,"Louis Boyard Mathile Panot Manon Aubry David Guiraud (france), Antoine Leaument Sebastien Delogu Louis Boyard Marie Toussaint Leon Deffontaine Manon Aubry (france), Manon Aubry Alma Dufur Gabriel Attal Jacques Chirac (france), Manon Aubry (france), Leon Deffontaine Nicolas Sarkozy Vladimir Poutine Marine Le Pen Manon Aubry Marie Toussaint Rafael Glucksmann (france), Mathilde Panot Gabriel Attal Jordnan Bardella Marine Le Pen Eric Zemoour JL Melenchon Emmanuel Macron Manon aubry Manuel Bompard (france), Antoine Leaument Manon Aubry Louis Boyard Mathilde Panot (france), Valerie Hayer Mathilde Panont Manon Aubry Emmanuel Macron Louis Boyard Gabriel Attal Rima Hassan Vladimir Putin (france), Eric Zemmour Marine Le Pen Emmanuel Macron Manon Aubry Louis Boyard Manuel Bompard Nicolas Sarkozy Antoine Leaument (france), Mano Aubry (france), Guillome Lacroix Manon Aubry Marine Cholley Leon Def (france), Florian Philippot JL Melenchon Valerie Hayer Emmanuel Macron Raphael Glucksmann Vladimir Putin Manon Aubry (france), Louis Boyard Marion Marechal Manon Aubry David Guiraud Emmanuel Macron (france), Rima Hassan Clemence Guette Alma Dufour Rima Hassan Manon Aubry Valerie Hayer Mathilde Panot Jordan Bardellq (france), Manon Aubry Marion Marechal Mathile Panot Rima Hassan Manuel Bombard Emmanuel Macron JL Melenchon Jordan Badrella louis Boyard Xavier Bellamy Marie Toussaint Valerie Hqyer (france), Louis Boyard Florian Philippot Mathilde Panot Sebastien Delogu David Guiraud Emmanuel Macron Manon Aubry Marion Marechal JL Melenchon G Attal (france), Aubry (france)",Glossary/NER_spain_glossary.xlsx,Glossary,917
Name,Manu Pineda,Manu Pineda (spain),Glossary/NER_spain_glossary.xlsx,Glossary,918
Name,Manuel Adorni,Manuel Adorni (spain),Glossary/NER_spain_glossary.xlsx,Glossary,919
Name,Manuel Bautista,Manuel Bautista (spain),Glossary/NER_spain_glossary.xlsx,Glossary,920
Name,Manuel Bompard,"Manuel Bompard (france), Manuel Bompard (spain), Bompard (france)",Glossary/NER_spain_glossary.xlsx,Glossary,921
Name,Manuel García-Castellón,Manuel García-Castellón (spain),Glossary/NER_spain_glossary.xlsx,Glossary,922
Name,Manuel Loff,Manuel Loff (portugal),Glossary/NER_spain_glossary.xlsx,Glossary,923
Name,Manuel Valls,Manuel Valls (france),Glossary/NER_spain_glossary.xlsx,Glossary,924
Name,Marc Botenga,"Marc Botenga (finland), Marc Botenga (croatia), Marc Botenga (france)",Glossary/NER_spain_glossary.xlsx,Glossary,925
Name,Marcelina Zawisza,"Marcelina Zawisza (poland), Zawisza (poland)",Glossary/NER_spain_glossary.xlsx,Glossary,926
Name,Marcelo Rebelo de Sousa,"Marcelo Rebelo de Souza (portugal), Marcelo Rebelo de Sousa (portugal)",Glossary/NER_spain_glossary.xlsx,Glossary,927
Name,Marcin Kierwiński,"M. Kierwiński (poland), Kierwiński (poland)",Glossary/NER_spain_glossary.xlsx,Glossary,928
Name,Marcin Przydacz,Marcin Przydacz (poland),Glossary/NER_spain_glossary.xlsx,Glossary,929
Name,Marcin Sypniewski,"Marcin Sypniewski (poland), Sypniewski (poland)",Glossary/NER_spain_glossary.xlsx,Glossary,930
Name,Marco Buschmann,Marco Buschmann (spain),Glossary/NER_spain_glossary.xlsx,Glossary,931
Name,Marco Rima,Marco Rima (germany),Glossary/NER_spain_glossary.xlsx,Glossary,932
Name,Marcus König,Marcus König (croatia),Glossary/NER_spain_glossary.xlsx,Glossary,933
Name,Marek Belka,Marek Belka (poland),Glossary/NER_spain_glossary.xlsx,Glossary,934
Name,Margaret Thatcher,"Thatcher (hungary), Margaret Thatcher (portugal)",Glossary/NER_spain_glossary.xlsx,Glossary,935
Name,Margarita Gancheva,Margarita gancheva (bulgaria),Glossary/NER_spain_glossary.xlsx,Glossary,936
Name,Margarita Robles,margarita robles (spain),Glossary/NER_spain_glossary.xlsx,Glossary,937
Name,Margrethe Vestager,"Margrethe Vestager (sweden), M. Vestager (poland)",Glossary/NER_spain_glossary.xlsx,Glossary,938
Name,Mari Rantanen,Mari Rantanen (finland),Glossary/NER_spain_glossary.xlsx,Glossary,939
Name,Maria Corina,Maria Corina (spain),Glossary/NER_spain_glossary.xlsx,Glossary,940
Name,Maria Escaja,Maria Escaja (portugal),Glossary/NER_spain_glossary.xlsx,Glossary,941
Name,Maria Gabriel,Maria Gabriel (bulgaria),Glossary/NER_spain_glossary.xlsx,Glossary,942
Name,Maria José Aguiar,Maria José Aguiar (portugal),Glossary/NER_spain_glossary.xlsx,Glossary,943
Name,Maria Malmer Stenergard,Maria Malmer Stenergard (sweden),Glossary/NER_spain_glossary.xlsx,Glossary,944
Name,Maria Manuel Leitão Marques,Maria Manuel Leitão Marques (portugal),Glossary/NER_spain_glossary.xlsx,Glossary,945
Name,Maria Montero,"Maria Montero (spain), Maria Jesus Montero (spain), Maria Jesús Montero (spain)",Glossary/NER_spain_glossary.xlsx,Glossary,946
Name,Maria Niklinska,Maria Niklinska (poland),Glossary/NER_spain_glossary.xlsx,Glossary,947
Name,Maria Rosander,"Mara Rosander (sweden), Marie Rosander (sweden), Maria Rosander (sweden)",Glossary/NER_spain_glossary.xlsx,Glossary,948
Name,Maria Stenegard,Maria Stenegard (sweden),Glossary/NER_spain_glossary.xlsx,Glossary,949
Name,Maria Walsh,Maria Walsh (bulgaria),Glossary/NER_spain_glossary.xlsx,Glossary,950
Name,Maria Zakharova,Maria Zaharova (bulgaria),Glossary/NER_spain_glossary.xlsx,Glossary,951
Name,Mariana Gonçalves,Mariana Gonçalves (portugal),Glossary/NER_spain_glossary.xlsx,Glossary,952
Name,Mariana Mortágua,"MAriana Mortagua (portugal), Marriana Mortagua (portugal), Marianna Mortagua (portugal), Mortágua (portugal), Mariana Mortágua (portugal), Mariana Mortagua (portugal)",Glossary/NER_spain_glossary.xlsx,Glossary,953
Name,Mariano Rajoy,Rajoy (spain),Glossary/NER_spain_glossary.xlsx,Glossary,954
Name,Marie Dauchy,Marie (germany),Glossary/NER_spain_glossary.xlsx,Glossary,955
Name,Marie S-Z,Marie S-Z (germany),Glossary/NER_spain_glossary.xlsx,Glossary,956
Name,Marie Toussaint,"Guillaume La Croix Marie Toussaint (france), Marie toussaint Canon Aymeric Emmanuel Macron Gabriel Attal Emmanuel Macron Jordab Bardella V (france), Marie Toussaint (france), Gabriel Attal Marie Toussaint Pierre Larouturrou X Bellamy (france)",Glossary/NER_spain_glossary.xlsx,Glossary,957
Name,Marie-Agnes Strack-Zimmermann,"Marie-Agnes Strack-Zimmermann (germany), Strack-Zimmermann (germany)",Glossary/NER_spain_glossary.xlsx,Glossary,958
Name,Marie-Agnes X-Zimmerman,Marie-Agnes X-Zimmerman (germany),Glossary/NER_spain_glossary.xlsx,Glossary,959
Name,Marija Selak Raspudić,Marija Selak Raspudić (croatia),Glossary/NER_spain_glossary.xlsx,Glossary,960
Name,Marijana Puljak,Marijana Puljak (croatia),Glossary/NER_spain_glossary.xlsx,Glossary,961
Name,Marin Miletić,"Marin Miletić (croatia), Marin Mile (croatia)",Glossary/NER_spain_glossary.xlsx,Glossary,962
Name,Marina Weisband,Marina Weisband (germany),Glossary/NER_spain_glossary.xlsx,Glossary,963
Name,Marine Le Pen,"Le pen (france), J L Melenchon Marine Le Pen Luis Boyard (france), Marine Le Pen (portugal), Marine Le Pen Antoine Leaument Jondan Bardella Valerie Hayer Emmanuel Macron Marion Marechal Louis Boyard (france), Marine Maréchal Le Pen (france), Le Pen (bulgaria), Marine Le Pen (france), Marine le Pen (bulgaria), Emmanuel Macron Marine le Pen (france), Marine le Pen (spain), Marie Le Pen (germany), Le Pen (germany), Marine Le pen (france), Emmanuel Macron Marine le Pen Manon Aurby (france), Marine Le Pen Putin Emmanuel Macron Eric Zemmour Mathilde Panot JL Melenchon (france), Le Pen (finland), Marin Le Pen (finland), Marine Le Pen (sweden), Marine Le Pen (spain), Marine Le Pen (bulgaria), Le Pen (france), Marine Le Pen (finland), le Pen (germany), Le Pen (spain)",Glossary/NER_spain_glossary.xlsx,Glossary,964
Name,Marine Tondelier,Marine Tondelier (france),Glossary/NER_spain_glossary.xlsx,Glossary,965
Name,Mario Banožić,Mario Banožić (croatia),Glossary/NER_spain_glossary.xlsx,Glossary,966
Name,Mario Radić,Mario Radić (croatia),Glossary/NER_spain_glossary.xlsx,Glossary,967
Name,Mario Voigt,"Mario Voigt (germany), Mario Voight (germany)",Glossary/NER_spain_glossary.xlsx,Glossary,968
Name,Marion Maréchal,"marion Marchal (france), Marion Maréchal Le Pen (france), Marion Maréchal le Pen (france), Marion Maréchal Le pen (france), Marion (france), Marion Maréchal le pen (france), Marion Maréchal (france)",Glossary/NER_spain_glossary.xlsx,Glossary,969
Name,Marion Maréchal Le Pen,"Marion Maréchale Le Pen (france), Marion Marechale Le Pen (france), Marion Mérchal Le pen (france), Marion Marechal Le Pen (france)",Glossary/NER_spain_glossary.xlsx,Glossary,970
Name,Marisa Matias,Marisa Matias (portugal),Glossary/NER_spain_glossary.xlsx,Glossary,971
Name,Mariusz Błaszczak,"Błaszczak (poland), M. Błaszczak (poland)",Glossary/NER_spain_glossary.xlsx,Glossary,972
Name,Mariusz Gosek,Gosek (poland),Glossary/NER_spain_glossary.xlsx,Glossary,973
Name,Mariusz Kamiński,"K. Kamiński (poland), Kamiński (poland)",Glossary/NER_spain_glossary.xlsx,Glossary,974
Name,Mariusz Krystian,Krystian (poland),Glossary/NER_spain_glossary.xlsx,Glossary,975
Name,Mariya Gabriel,Mariya Gabriel (bulgaria),Glossary/NER_spain_glossary.xlsx,Glossary,976
Name,Mariya Voyvodova,mariya voyvodova (sweden),Glossary/NER_spain_glossary.xlsx,Glossary,977
Name,Marjo Matikainen,Marjo Matikainen (finland),Glossary/NER_spain_glossary.xlsx,Glossary,978
Name,Markku Rentto,"Markku Rentto (finland), Rentto (finland), Markku Rento (finland)",Glossary/NER_spain_glossary.xlsx,Glossary,979
Name,Marko Milanović Litre,Marko Milanović Litre (croatia),Glossary/NER_spain_glossary.xlsx,Glossary,980
Name,Marko Primorac,Marko Primorac (croatia),Glossary/NER_spain_glossary.xlsx,Glossary,981
Name,MarkovAsen Vassilev,MarkovAsen Vassilev (bulgaria),Glossary/NER_spain_glossary.xlsx,Glossary,982
Name,Markus Allard,"Markus Allard (sweden), Markus Allard (spain)",Glossary/NER_spain_glossary.xlsx,Glossary,983
Name,Markus Frohnmaier,"Markus Frohnmeier (germany), Markus Frohnmaier (germany)",Glossary/NER_spain_glossary.xlsx,Glossary,984
Name,Markus Lanz,Markus Lanz (germany),Glossary/NER_spain_glossary.xlsx,Glossary,985
Name,Markus Lenz,Markus Lenz (germany),Glossary/NER_spain_glossary.xlsx,Glossary,986
Name,Markus Söder,"Söder (germany), Markus Söder (germany)",Glossary/NER_spain_glossary.xlsx,Glossary,987
Name,Marta Lempart,Lempart (poland),Glossary/NER_spain_glossary.xlsx,Glossary,988
Name,Marta Martins da Silva,Marta Martins da Silva (portugal),Glossary/NER_spain_glossary.xlsx,Glossary,989
Name,Marta Temido,"TEmido (portugal), Marta Temido (portugal)",Glossary/NER_spain_glossary.xlsx,Glossary,990
Name,Marta Wcisło,"Wcisło (poland), M. Wcisło (poland)",Glossary/NER_spain_glossary.xlsx,Glossary,991
Name,Martin Dimitrov,Martin Dimitrov (bulgaria),Glossary/NER_spain_glossary.xlsx,Glossary,992
Name,Martin Karbovski,Karbovski (bulgaria),Glossary/NER_spain_glossary.xlsx,Glossary,993
Name,Martin Melin,Martin Melin (sweden),Glossary/NER_spain_glossary.xlsx,Glossary,994
Name,Martin Schulz,Martin Schulz (germany),Glossary/NER_spain_glossary.xlsx,Glossary,995
Name,Martin Sonneborn,"Sonneborn (germany), Martin Sonneborn (germany)",Glossary/NER_spain_glossary.xlsx,Glossary,996
Name,Martina Johansson,Martina Johansson (sweden),Glossary/NER_spain_glossary.xlsx,Glossary,997
Name,Marvin Neumann,Marvin Neumann (germany),Glossary/NER_spain_glossary.xlsx,Glossary,998
Name,Mary Lou McDonald,"Mary Lou McDonald (croatia), Mary Lou Mcdonald (croatia)",Glossary/NER_spain_glossary.xlsx,Glossary,999
Name,Mary Robinson,Mary Robinson (croatia),Glossary/NER_spain_glossary.xlsx,Glossary,1000
Name,María Fernández Figaredo,Figaredo (spain),Glossary/NER_spain_glossary.xlsx,Glossary,1001
Name,María Jesús Montero,María Jesús Montero (spain),Glossary/NER_spain_glossary.xlsx,Glossary,1002
Name,María José Catalá,Maria José Catalá (spain),Glossary/NER_spain_glossary.xlsx,Glossary,1003
Name,Mateusz Morawiecki,"Morawiecki (poland), M. Morawiecki (poland), Morawiecka (poland), Mateusz Morawiecki (poland)",Glossary/NER_spain_glossary.xlsx,Glossary,1004
Name,Mathilde Androuët,Mathilde Panot (france),Glossary/NER_spain_glossary.xlsx,Glossary,1005
Name,Matias Mäkynen,Matias Mäkynen (finland),Glossary/NER_spain_glossary.xlsx,Glossary,1006
Name,Matko Dujmović,Matko Dujmović (croatia),Glossary/NER_spain_glossary.xlsx,Glossary,1007
Name,Mato Lukić,Mato Lukić (croatia),Glossary/NER_spain_glossary.xlsx,Glossary,1008
Name,Matt Carthy,Matt Carthy (croatia),Glossary/NER_spain_glossary.xlsx,Glossary,1009
Name,Matteo Salvini,"Matteo Salvini (croatia), Mateo Salvini (bulgaria)",Glossary/NER_spain_glossary.xlsx,Glossary,1010
Name,Matthias Ecke,Ecke (germany),Glossary/NER_spain_glossary.xlsx,Glossary,1011
Name,Matthieu Valet,Matthieu Valet (france),Glossary/NER_spain_glossary.xlsx,Glossary,1012
Name,Matti Rönkä,Matti Rönkä (finland),Glossary/NER_spain_glossary.xlsx,Glossary,1013
Name,Matti Vanhanen,Matti Vanhanen (finland),Glossary/NER_spain_glossary.xlsx,Glossary,1014
Name,Mattias Karlsson,Mattias Karlsson (sweden),Glossary/NER_spain_glossary.xlsx,Glossary,1015
Name,Mattias Vepsä,Mattias Vepsä (sweden),Glossary/NER_spain_glossary.xlsx,Glossary,1016
Name,Mauri Pekkarinen,Mauri Pekkarinen (finland),Glossary/NER_spain_glossary.xlsx,Glossary,1017
Name,Mauri Peltokangas,"Mauri Peltokangas (finland), Peltokangas (finland)",Glossary/NER_spain_glossary.xlsx,Glossary,1018
Name,Max Chandler Mather,Max Chandler Mather (finland),Glossary/NER_spain_glossary.xlsx,Glossary,1019
Name,Max Krah,"Max. Krah (germany), Max Krah (germany), M. Krah (germany)",Glossary/NER_spain_glossary.xlsx,Glossary,1020
Name,Max. Krahl,"Max Krahl (germany), Max. Krahl (germany)",Glossary/NER_spain_glossary.xlsx,Glossary,1021
Name,Maxim. Krah,Maxim. Krah (germany),Glossary/NER_spain_glossary.xlsx,Glossary,1022
Name,Maximilian Krah,"Maximilian Krah (portugal), Maximilian Krah (spain), Krah (germany), Maximilian Krah (croatia), Maximilian Krah (germany), Maximillan Krah (germany), Maximillian Krah (croatia)",Glossary/NER_spain_glossary.xlsx,Glossary,1023
Name,Maya Manolova,"Manolova (bulgaria), Maya Manolova (bulgaria), Maya Mnolova (bulgaria), May Manolova (bulgaria)",Glossary/NER_spain_glossary.xlsx,Glossary,1024
Name,Maya_Manolova,Maya_Manolova (bulgaria),Glossary/NER_spain_glossary.xlsx,Glossary,1025
Name,Maybrit Illner,Maybritt Illner (germany),Glossary/NER_spain_glossary.xlsx,Glossary,1026
Name,Mazzola,Mazzola (bulgaria),Glossary/NER_spain_glossary.xlsx,Glossary,1027
Name,Małgorzata Gromadzka,Malgorzata Gromadzka (poland),Glossary/NER_spain_glossary.xlsx,Glossary,1028
Name,Małgorzata Łoboda,Łoboda (poland),Glossary/NER_spain_glossary.xlsx,Glossary,1029
Name,Mech (Sword),Mech (bulgaria),Glossary/NER_spain_glossary.xlsx,Glossary,1030
Name,Mehdi Hasan,Mehdi Hasan (croatia),Glossary/NER_spain_glossary.xlsx,Glossary,1031
Name,Melanie Joly,Melanie Joly (finland),Glossary/NER_spain_glossary.xlsx,Glossary,1032
Name,Melenchon,"François Ruffin Antoine Leaument Louid Boyard Jordna Bardella jL Melenchon (france), L Melenchon lo (france), Melenchon (france), JL Melenchon (france), Raffin Mathide Panot Jean Luc Melenchon (france), JL Melenchon Nikolas Sacrozy Luis Boyard (france)",Glossary/NER_spain_glossary.xlsx,Glossary,1033
Name,Mercedes González,Mercedes Gonzalez (spain),Glossary/NER_spain_glossary.xlsx,Glossary,1034
Name,Mesarosch,Mesarosch SPD (germany),Glossary/NER_spain_glossary.xlsx,Glossary,1035
Name,Metodi Andreev,Metodi Andreev (bulgaria),Glossary/NER_spain_glossary.xlsx,Glossary,1036
Name,Mi Hazánk,"Mi Hazank (hungary), mi hazan (hungary), mi hazank (hungary), Mi Haznak (hungary), Mi Hazánk (hungary)",Glossary/NER_spain_glossary.xlsx,Glossary,1037
Name,Miala,Miala (finland),Glossary/NER_spain_glossary.xlsx,Glossary,1038
Name,Miapetra Kumpula-Natri,"Miiapetra Kumpula-Natri (finland), Miapetra Kumpula-Natri (finland), MiaPetra Kumpula-Natri (finland)",Glossary/NER_spain_glossary.xlsx,Glossary,1039
Name,Michael Bloss,Michael Bloss (croatia),Glossary/NER_spain_glossary.xlsx,Glossary,1040
Name,Michael Ellis,Michael Ellis (croatia),Glossary/NER_spain_glossary.xlsx,Glossary,1041
Name,Michael Gove,"Michael Gove (croatia), Michael Gove (sweden)",Glossary/NER_spain_glossary.xlsx,Glossary,1042
Name,Michael Kretschmer,Kretschmer (germany),Glossary/NER_spain_glossary.xlsx,Glossary,1043
Name,Michał Kobosko,"M. Kobosko (poland), Kobosko (poland)",Glossary/NER_spain_glossary.xlsx,Glossary,1044
Name,Michał Kołodziejczak,"M. Kołodziejczak (poland), Kołodzieczak (poland), Kołodziejczak (poland)",Glossary/NER_spain_glossary.xlsx,Glossary,1045
Name,Michał Szczerba,"M. Szczerba (poland), Szczerba (poland)",Glossary/NER_spain_glossary.xlsx,Glossary,1046
Name,Michał Wawrykiewicz,"Wawrykiewicz (poland), Michal Wawrykiewicz (poland), Michał Wawrykiewicz (poland), M. Wawrykiewicz (poland)",Glossary/NER_spain_glossary.xlsx,Glossary,1047
Name,Michał Wójcik,Michał Wojcik (poland),Glossary/NER_spain_glossary.xlsx,Glossary,1048
Name,Michelle Gildernew,Michelle Gildernew (bulgaria),Glossary/NER_spain_glossary.xlsx,Glossary,1049
Name,Michelle Obama,Michelle Obama (croatia),Glossary/NER_spain_glossary.xlsx,Glossary,1050
Name,Micheál Martin,Micheal Martin (croatia),Glossary/NER_spain_glossary.xlsx,Glossary,1051
Name,Mick Wallace,"Mick Wallace (finland), Mick Wallace (croatia), Mick Wallace (bulgaria)",Glossary/NER_spain_glossary.xlsx,Glossary,1052
Name,Miersch,"Miersch (germany), M. Miersch (germany)",Glossary/NER_spain_glossary.xlsx,Glossary,1053
Name,Miguel Frontera,Miguel Frontera (spain),Glossary/NER_spain_glossary.xlsx,Glossary,1054
Name,Miguel Pascual,Miguel Pascual (spain),Glossary/NER_spain_glossary.xlsx,Glossary,1055
Name,Miguel Tellado,"Miguel Tellado (spain), Tellado (spain), Miguel Delgado (spain)",Glossary/NER_spain_glossary.xlsx,Glossary,1056
Name,Mihail Kambarev,Mihail Kambarev (bulgaria),Glossary/NER_spain_glossary.xlsx,Glossary,1057
Name,Mihail Mikov,Mihail Mikov (bulgaria),Glossary/NER_spain_glossary.xlsx,Glossary,1058
Name,Mihal Kambarev,Mihal Kambarev (bulgaria),Glossary/NER_spain_glossary.xlsx,Glossary,1059
Name,Miina-Anniina Heiskanen,"Heiskanen (finland), Miina-Anniina Heiskanen (finland)",Glossary/NER_spain_glossary.xlsx,Glossary,1060
Name,Mika Lintilä,"Lintilä (finland), Mika Lintilä (finland)",Glossary/NER_spain_glossary.xlsx,Glossary,1061
Name,Mika Niikko,Niikko (finland),Glossary/NER_spain_glossary.xlsx,Glossary,1062
Name,Mikael Damberg,Mikael Damberg (sweden),Glossary/NER_spain_glossary.xlsx,Glossary,1063
Name,Mikke,Mikke (poland),Glossary/NER_spain_glossary.xlsx,Glossary,1064
Name,Mikko Lohi,"Lohi (finland), Mikko (hungary)",Glossary/NER_spain_glossary.xlsx,Glossary,1065
Name,Mikko Lundén,Mikko Lunden (finland),Glossary/NER_spain_glossary.xlsx,Glossary,1066
Name,Miljöp,Miljöp (sweden),Glossary/NER_spain_glossary.xlsx,Glossary,1067
Name,Miljöpartiet,"Miljöpartiet (sweden), miljöparti (sweden), miljöpartiet (sweden), Miljöparti (sweden)",Glossary/NER_spain_glossary.xlsx,Glossary,1068
Name,Miljöparty,Miljöparty (sweden),Glossary/NER_spain_glossary.xlsx,Glossary,1069
Name,Milla Ilieva,Milla Ilieva (bulgaria),Glossary/NER_spain_glossary.xlsx,Glossary,1070
Name,Milorad Dodik,Milorad Dodik (croatia),Glossary/NER_spain_glossary.xlsx,Glossary,1071
Name,Milorad Pupovac,Milorad Pupovac (croatia),Glossary/NER_spain_glossary.xlsx,Glossary,1072
Name,Minja Koskela,Minja Koskela (finland),Glossary/NER_spain_glossary.xlsx,Glossary,1073
Name,Minna Minkkinen,Minna Minkkinen (finland),Glossary/NER_spain_glossary.xlsx,Glossary,1074
Name,Miquel Ramos,Miquel Ramos (spain),Glossary/NER_spain_glossary.xlsx,Glossary,1075
Name,Mireia Borrás,"Mireia Borras (spain), Mireia Borrás (spain)",Glossary/NER_spain_glossary.xlsx,Glossary,1076
Name,Mirela Ahmetović,Mirela Ahmetović (croatia),Glossary/NER_spain_glossary.xlsx,Glossary,1077
Name,Miriam Margolyes,Miriam Margolyes (croatia),Glossary/NER_spain_glossary.xlsx,Glossary,1078
Name,Miro Bulj,Miro Bulj (croatia),Glossary/NER_spain_glossary.xlsx,Glossary,1079
Name,Miroslav Radacovsky,Miroslav Radacovsky (bulgaria),Glossary/NER_spain_glossary.xlsx,Glossary,1080
Name,Miroslav Radačovský,Miroslav Radačovsky (croatia),Glossary/NER_spain_glossary.xlsx,Glossary,1081
Name,Miroslava Petrova,Miroslava Petrova (bulgaria),Glossary/NER_spain_glossary.xlsx,Glossary,1082
Name,Mishal Al-Ahmad Al-Jaber Al-Sabah,Mishal Al-Ahmad Al-Jaber Al-Sabah (croatia),Glossary/NER_spain_glossary.xlsx,Glossary,1083
Name,Misiek Kaminski,Misiek Kaminski (poland),Glossary/NER_spain_glossary.xlsx,Glossary,1084
Name,Mislav Kolakušić,"Mislav Kolakušić (croatia), Mislav Klolakušić (croatia)",Glossary/NER_spain_glossary.xlsx,Glossary,1085
Name,Miszalski,Miszalski (poland),Glossary/NER_spain_glossary.xlsx,Glossary,1086
Name,Moderata Ungdomsförbundet,Moderata Ungdomsförbundet (sweden),Glossary/NER_spain_glossary.xlsx,Glossary,1087
Name,Moderaterna,"Moderaterna (sweden), Moderaterna (finland)",Glossary/NER_spain_glossary.xlsx,Glossary,1088
Name,Morten Messerschmidt,Messerschmidt (germany),Glossary/NER_spain_glossary.xlsx,Glossary,1089
Name,Movement Bulgaria Can,"Movement Bulgaria can (bulgaria), can (bulgaria)",Glossary/NER_spain_glossary.xlsx,Glossary,1090
Name,Movement for Rights and Freedoms,Movement for Rights and Freedom (bulgaria),Glossary/NER_spain_glossary.xlsx,Glossary,1091
Name,Mucha,Mucha (poland),Glossary/NER_spain_glossary.xlsx,Glossary,1092
Name,Muharrem Demirok,"Muharrin Demirok (sweden), Muharrem Demirok (sweden)",Glossary/NER_spain_glossary.xlsx,Glossary,1093
Name,Murre,Murre (sweden),Glossary/NER_spain_glossary.xlsx,Glossary,1094
Name,Mustafa Karadayi,"Mustafa Karadaju (bulgaria), Mustafa Karadaya (bulgaria)",Glossary/NER_spain_glossary.xlsx,Glossary,1095
Name,Myriakos Misotakis,Myriakos Misotakis (croatia),Glossary/NER_spain_glossary.xlsx,Glossary,1096
Name,Mário Soares,Mario Soares (portugal),Glossary/NER_spain_glossary.xlsx,Glossary,1097
Name,Más Madrid,"mas madrid (spain), Mas Madrid (spain)",Glossary/NER_spain_glossary.xlsx,Glossary,1098
Name,Más Madrid Alcobendas,mas madrid alcobendas (spain),Glossary/NER_spain_glossary.xlsx,Glossary,1099
Name,Móga Bernadett,Móga Bernadett (hungary),Glossary/NER_spain_glossary.xlsx,Glossary,1100
Name,Mónica García,"Mónica García (spain), monica garcía (spain), mónica garcía (spain), Monica Garcia (spain), monica garcia (spain), Monica garcia (spain), Mónica Garcia (spain)",Glossary/NER_spain_glossary.xlsx,Glossary,1101
Name,Mónica Oltra,Mónica oltra (spain),Glossary/NER_spain_glossary.xlsx,Glossary,1102
Name,Nadevda Jordanova,Nadevda Jordanova (bulgaria),Glossary/NER_spain_glossary.xlsx,Glossary,1103
Name,Nadezhda Mihaylova,Nadezhda Mihaylova (bulgaria),Glossary/NER_spain_glossary.xlsx,Glossary,1104
Name,Nadezhda Yordanova,"Nadezhda Yordanova (bulgaria), Nadejda Yordanova (bulgaria), Nadezjda Yordanov (bulgaria)",Glossary/NER_spain_glossary.xlsx,Glossary,1105
Name,Nadine Morano,Nadine Morano (france),Glossary/NER_spain_glossary.xlsx,Glossary,1106
Name,Nagy Ervin,Nagy Ervin (hungary),Glossary/NER_spain_glossary.xlsx,Glossary,1107
Name,Nagy Márton,Nagy Márton (hungary),Glossary/NER_spain_glossary.xlsx,Glossary,1108
Name,Nancy Faeser,Nancy Faeser (germany),Glossary/NER_spain_glossary.xlsx,Glossary,1109
Name,Nancy Faser,Nancy Faser (germany),Glossary/NER_spain_glossary.xlsx,Glossary,1110
Name,Nancy Pelosi,Nancy Pelosi (portugal),Glossary/NER_spain_glossary.xlsx,Glossary,1111
Name,Naomi Klein,Naomi Klein (sweden),Glossary/NER_spain_glossary.xlsx,Glossary,1112
Name,Narendra Modi,"Nardendra Modi (bulgaria), Narendra Modi (bulgaria)",Glossary/NER_spain_glossary.xlsx,Glossary,1113
Name,Nasima Razmyar,Nasima Razmyar (finland),Glossary/NER_spain_glossary.xlsx,Glossary,1114
Name,Nastimir Ananiev,"Nastimir Ananiev (bulgaria), Ananiev (bulgaria)",Glossary/NER_spain_glossary.xlsx,Glossary,1115
Name,Natalia Chueca,Natalia Chueca (spain),Glossary/NER_spain_glossary.xlsx,Glossary,1116
Name,Natalie Bennett,Natalie Bennett (croatia),Glossary/NER_spain_glossary.xlsx,Glossary,1117
Name,Nayib Bukele,"Bukele (spain), bukele (spain)",Glossary/NER_spain_glossary.xlsx,Glossary,1118
Name,Nebojša Vukanović,Nebojša Vukanović (croatia),Glossary/NER_spain_glossary.xlsx,Glossary,1119
Name,Ned Mannoun,Ned Mannoun (croatia),Glossary/NER_spain_glossary.xlsx,Glossary,1120
Name,Nela Riehl,Nela Riehl (croatia),Glossary/NER_spain_glossary.xlsx,Glossary,1121
Name,Nelson Mandela,Nelson Mandela (sweden),Glossary/NER_spain_glossary.xlsx,Glossary,1122
Name,Netanjahu,"Netanjahu (spain), Netanjahu (finland)",Glossary/NER_spain_glossary.xlsx,Glossary,1123
Name,Nicasio Galván,Nicasio Galván (spain),Glossary/NER_spain_glossary.xlsx,Glossary,1124
Name,Nicolas Bay,"Bay (poland), Nicolas Bay (france)",Glossary/NER_spain_glossary.xlsx,Glossary,1125
Name,Nicolas Sarkozy,Sarkozy (france),Glossary/NER_spain_glossary.xlsx,Glossary,1126
Name,Nicolas Schmit,"Nicolas Schmit (croatia), Nicolas Schmit (bulgaria), Nicolas Schmitt (croatia)",Glossary/NER_spain_glossary.xlsx,Glossary,1127
Name,Nicole Shanahan,Nicole Shanahan (finland),Glossary/NER_spain_glossary.xlsx,Glossary,1128
Name,Nicolás Maduro,"Nicolas Maduro (spain), Maduro (spain), maduro (spain)",Glossary/NER_spain_glossary.xlsx,Glossary,1129
Name,Nigel Farage,"Nigel Farage (croatia), Nigel Farage (portugal), Nigel Farage (bulgaria), Farage (bulgaria), Nigel Farage (sweden)",Glossary/NER_spain_glossary.xlsx,Glossary,1130
Name,Niina Malm,Niina Malm (finland),Glossary/NER_spain_glossary.xlsx,Glossary,1131
Name,Niina Ratilainen,"Ratilainen (finland), Niina Ratilainen (finland)",Glossary/NER_spain_glossary.xlsx,Glossary,1132
Name,"Niinistö, Ville","Ville Niin (finland), Niinistö (finland), Ville (finland), Ville Niinistö (finland)",Glossary/NER_spain_glossary.xlsx,Glossary,1133
Name,Niklas Villumsen,Niklas Villumsjen (finland),Glossary/NER_spain_glossary.xlsx,Glossary,1134
Name,Niko A. Kauko,Niko A. Kauko (finland),Glossary/NER_spain_glossary.xlsx,Glossary,1135
Name,Nikola Dimitrov,Nikola Dimitrov (bulgaria),Glossary/NER_spain_glossary.xlsx,Glossary,1136
Name,Nikola Grmoja,Nikola Grmoja (croatia),Glossary/NER_spain_glossary.xlsx,Glossary,1137
Name,Nikola Minchev,Nikola Minchev (bulgaria),Glossary/NER_spain_glossary.xlsx,Glossary,1138
Name,Nikola Vaptsarov,Nikola Vaptzarov (bulgaria),Glossary/NER_spain_glossary.xlsx,Glossary,1139
Name,Nikolai Denkov,"Nikolaj Denkov (bulgaria), Denkov (bulgaria)",Glossary/NER_spain_glossary.xlsx,Glossary,1140
Name,Nikolaj Villumsen,Nikolaj Villumsen (finland),Glossary/NER_spain_glossary.xlsx,Glossary,1141
Name,Nikolay Barekov,Nikolay Barekov (bulgaria),Glossary/NER_spain_glossary.xlsx,Glossary,1142
Name,Nikolay Denkov,Nikolay Denkov (bulgaria),Glossary/NER_spain_glossary.xlsx,Glossary,1143
Name,Nikolay Malinov,Nikolay Malinov (bulgaria),Glossary/NER_spain_glossary.xlsx,Glossary,1144
Name,Nikolay Markov-Velichie,Nikolay Markov-Velichie (bulgaria),Glossary/NER_spain_glossary.xlsx,Glossary,1145
Name,Nikolay Radulov,Nikolay Radulov (bulgaria),Glossary/NER_spain_glossary.xlsx,Glossary,1146
Name,Nikolina Brnjac,Nikolina Brnjac (croatia),Glossary/NER_spain_glossary.xlsx,Glossary,1147
Name,Nikos Christodoulides,Nikos Christodoulides (croatia),Glossary/NER_spain_glossary.xlsx,Glossary,1148
Name,Nina Skočak,Nina Skočak (croatia),Glossary/NER_spain_glossary.xlsx,Glossary,1149
Name,Nino Raspudić,Nino Raspudić (croatia),Glossary/NER_spain_glossary.xlsx,Glossary,1150
Name,Noelia Núñez,Noelia Núñez (spain),Glossary/NER_spain_glossary.xlsx,Glossary,1151
Name,Noora Korpela,Noora Korpela (finland),Glossary/NER_spain_glossary.xlsx,Glossary,1152
Name,Nooshi Dadgostar,"ooshi Dadgostar (sweden), Nooshi D. (sweden), Nooshi D (sweden), Nooshi Hahgostar (sweden), Nooshi (sweden), Nooshi Dadgistar (sweden), Nooshi Dadgostar (sweden)",Glossary/NER_spain_glossary.xlsx,Glossary,1153
Name,Norman Finkelstein,Norman Finkelstein (sweden),Glossary/NER_spain_glossary.xlsx,Glossary,1154
Name,Nova Direita,Nova Direita (portugal),Glossary/NER_spain_glossary.xlsx,Glossary,1155
Name,Nuno Matias,Nuno Matias (portugal),Glossary/NER_spain_glossary.xlsx,Glossary,1156
Name,Nuno Melo,Nuno Melo (portugal),Glossary/NER_spain_glossary.xlsx,Glossary,1157
Name,Nuria Montes,Nuria Montes (spain),Glossary/NER_spain_glossary.xlsx,Glossary,1158
Name,Odlučnost i Pravednost (Determination and Justice),"Determination and Justice (croatia), Odlučnost i Pravednost (croatia), i (poland), Law and Justice (poland), Law and Justice (croatia)",Glossary/NER_spain_glossary.xlsx,Glossary,1159
Name,"Ohisalo, Maria","Ohisalo (finland), Maria Ohisalo (finland)",Glossary/NER_spain_glossary.xlsx,Glossary,1160
Name,Ola Möller,Ola Möller (sweden),Glossary/NER_spain_glossary.xlsx,Glossary,1161
Name,Olaf Scholz,"Olaf Scholz (portugal), Olof Scholz (finland), Scholz (germany), Scholz (bulgaria), Scholz (hungary), Scholtz (poland), Olav Scholz (germany), Olaf Scholz (bulgaria), Olaf Scholz (germany), Olaf Scholz (spain), Olaf Scholz (hungary), Scholz (poland), Olaf Scholz (croatia)",Glossary/NER_spain_glossary.xlsx,Glossary,1162
Name,Olga Viza,Olga Viza (spain),Glossary/NER_spain_glossary.xlsx,Glossary,1163
Name,Oliver Rosengren,Oliver Rosengren (sweden),Glossary/NER_spain_glossary.xlsx,Glossary,1164
Name,Oliver Vogt,Oliver Vogt (croatia),Glossary/NER_spain_glossary.xlsx,Glossary,1165
Name,Olivier Faure,Faure (france),Glossary/NER_spain_glossary.xlsx,Glossary,1166
Name,Olli Rehn,Olli Rehn (finland),Glossary/NER_spain_glossary.xlsx,Glossary,1167
Name,Olszewski,Olszewski (poland),Glossary/NER_spain_glossary.xlsx,Glossary,1168
Name,Omid Nouripour,Omid Nouripour (germany),Glossary/NER_spain_glossary.xlsx,Glossary,1169
Name,Onni Härkönen,Onni Härkönen (finland),Glossary/NER_spain_glossary.xlsx,Glossary,1170
Name,Oras Tynkkynen,Oras Tynkkynen (finland),Glossary/NER_spain_glossary.xlsx,Glossary,1171
Name,Oriol Junqueras,Oriol Junqueras (spain),Glossary/NER_spain_glossary.xlsx,Glossary,1172
Name,Oscar Puentes,Oscar Puentes (spain),Glossary/NER_spain_glossary.xlsx,Glossary,1173
Name,Oscar Sjöstedt,Oscar Sjöstedt (sweden),Glossary/NER_spain_glossary.xlsx,Glossary,1174
Name,Oskar Matute,"Oskar Matute (spain), Oscar Matute (spain)",Glossary/NER_spain_glossary.xlsx,Glossary,1175
Name,Osman Octai,Osman Octai (bulgaria),Glossary/NER_spain_glossary.xlsx,Glossary,1176
Name,Osman Oktay,"Osman Oktay (bulgaria), Osman Oktai (bulgaria), Osman Oktaj (bulgaria)",Glossary/NER_spain_glossary.xlsx,Glossary,1177
Name,Ossanda Liber,Ossanda Liber (portugal),Glossary/NER_spain_glossary.xlsx,Glossary,1178
Name,Ossanda Lieber,Ossanda Lieber (portugal),Glossary/NER_spain_glossary.xlsx,Glossary,1179
Name,P. Armthor,P. Armthor (germany),Glossary/NER_spain_glossary.xlsx,Glossary,1180
Name,P. Jaki,P. Jaki (poland),Glossary/NER_spain_glossary.xlsx,Glossary,1181
Name,P. Kowal,P. Kowal (poland),Glossary/NER_spain_glossary.xlsx,Glossary,1182
Name,P. Zgorzelski,P. Zgorzelski (poland),Glossary/NER_spain_glossary.xlsx,Glossary,1183
Name,PML,PML (portugal),Glossary/NER_spain_glossary.xlsx,Glossary,1184
Name,Paavo Arhinmäki,Paavo Arhinmäki (finland),Glossary/NER_spain_glossary.xlsx,Glossary,1185
Name,Paavo Väyrynen,Paavo Väyrynen (finland),Glossary/NER_spain_glossary.xlsx,Glossary,1186
Name,Pablo Bustinduy,"Pablo Bustinduy (spain), Bustinduy (spain)",Glossary/NER_spain_glossary.xlsx,Glossary,1187
Name,Pablo Echenique,Pablo Echenique (spain),Glossary/NER_spain_glossary.xlsx,Glossary,1188
Name,Pablo Fernández,Pablo Fernández (spain),Glossary/NER_spain_glossary.xlsx,Glossary,1189
Name,Pablo Gómez Perpinyà,Pablo Gómez Perpinyà (spain),Glossary/NER_spain_glossary.xlsx,Glossary,1190
Name,Pablo Iglesias,"Pablo Iglesias (spain), pablo iglesias (spain), Iglesias (spain)",Glossary/NER_spain_glossary.xlsx,Glossary,1191
Name,Pablo Pradilla,"Pablo Pradilla (spain), pablopadilla (spain)",Glossary/NER_spain_glossary.xlsx,Glossary,1192
Name,Paco Diop,Paco Diop (finland),Glossary/NER_spain_glossary.xlsx,Glossary,1193
Name,Papa Francusco,"Papa Francusco (spain), Papa Francisco (spain)",Glossary/NER_spain_glossary.xlsx,Glossary,1194
Name,Papacito,"Capacito (france), Papacito (france)",Glossary/NER_spain_glossary.xlsx,Glossary,1195
Name,Parbeszed,"Párbeszéd (hungary), Parbeszed (hungary)",Glossary/NER_spain_glossary.xlsx,Glossary,1196
Name,Parisa Liljestrand,Parisa Liljestrand (sweden),Glossary/NER_spain_glossary.xlsx,Glossary,1197
Name,Partei Mensch Umwelt Tierschutz,Partei Mensch Unwelt Tierschutz (germany),Glossary/NER_spain_glossary.xlsx,Glossary,1198
Name,Partido Animalista Contra el Maltrato Animal (PACMA),"PACMA (spain), Partido Pacma (spain)",Glossary/NER_spain_glossary.xlsx,Glossary,1199
Name,Partido Comunista Português (PCP),PCP (portugal),Glossary/NER_spain_glossary.xlsx,Glossary,1200
Name,Partido Livre,Livre (portugal),Glossary/NER_spain_glossary.xlsx,Glossary,1201
Name,Partido Popular Europeu (EPP),"EPP (finland), EPP (croatia), EPP (hungary), -EPP (bulgaria), Epp (finland), EPP (germany), EPP (sweden), EPP (portugal), EPP (bulgaria)",Glossary/NER_spain_glossary.xlsx,Glossary,1202
Name,Partido Social Democrata,Social Democratic Party (croatia),Glossary/NER_spain_glossary.xlsx,Glossary,1203
Name,Partido Social Democrata (PSD),"PSD (portugal), Social (bulgaria), Partido Social Democrata (portugal)",Glossary/NER_spain_glossary.xlsx,Glossary,1204
Name,Partido Socialista,Partido Socialista (portugal),Glossary/NER_spain_glossary.xlsx,Glossary,1205
Name,Partit Nazzjonalista,Partit Nazzjonalista (croatia),Glossary/NER_spain_glossary.xlsx,Glossary,1206
Name,Party of Humanists (Partei der Humanisten),Partei der Humanisten (germany),Glossary/NER_spain_glossary.xlsx,Glossary,1207
Name,Pasi Liukkonen,"Pasi Liukkonen (finland), Liukkonen (finland)",Glossary/NER_spain_glossary.xlsx,Glossary,1208
Name,Paszyk,Paszyk (poland),Glossary/NER_spain_glossary.xlsx,Glossary,1209
Name,Pat Mandziy,Pat Mandziy (sweden),Glossary/NER_spain_glossary.xlsx,Glossary,1210
Name,Patricia Gilvaz,Patricia Gilvaz (portugal),Glossary/NER_spain_glossary.xlsx,Glossary,1211
Name,Patrik Borg,"Patrik Borg (finland), Borg (finland)",Glossary/NER_spain_glossary.xlsx,Glossary,1212
Name,Patryk Jaki,"Jaki (poland), Patryk Jaki (poland)",Glossary/NER_spain_glossary.xlsx,Glossary,1213
Name,Patxi López,"patxi lopez (spain), Patxi Lopex (spain), Patxi López (spain), Patxi Lopez (spain)",Glossary/NER_spain_glossary.xlsx,Glossary,1214
Name,Paul Gavan,Paul Gavan (bulgaria),Glossary/NER_spain_glossary.xlsx,Glossary,1215
Name,Pauli Kiuru,Pauli Kiuru (finland),Glossary/NER_spain_glossary.xlsx,Glossary,1216
Name,Paulina Matysiak,"Paulina Matysiak (poland), Matysiak (poland)",Glossary/NER_spain_glossary.xlsx,Glossary,1217
Name,Paulo Núncio,"Núncio (portugal), Paulo Núncio (portugal)",Glossary/NER_spain_glossary.xlsx,Glossary,1218
Name,Paulo Raimundo,Paulo Raimundo (portugal),Glossary/NER_spain_glossary.xlsx,Glossary,1219
Name,Paweł Kukiz,Kukiz (poland),Glossary/NER_spain_glossary.xlsx,Glossary,1220
Name,Pedro Fidalgo Marques,Pedro Fidalgo Marques (portugal),Glossary/NER_spain_glossary.xlsx,Glossary,1221
Name,Pedro Frazão,"Pedro Frazão (portugal), Pedro Frasão (portugal), Pdero Frazão (portugal)",Glossary/NER_spain_glossary.xlsx,Glossary,1222
Name,Pedro Narro,Pedro Narro (spain),Glossary/NER_spain_glossary.xlsx,Glossary,1223
Name,Pedro Navarro,Pedro navarro (spain),Glossary/NER_spain_glossary.xlsx,Glossary,1224
Name,Pedro Nuno Santos,"Nuno Santos (portugal), Pedro Nuno Santos (portugal)",Glossary/NER_spain_glossary.xlsx,Glossary,1225
Name,Pedro Passos Coelho,"Pedro Passos Coelho (portugal), Passos Coelho (portugal)",Glossary/NER_spain_glossary.xlsx,Glossary,1226
Name,Pedro Pinto,Pedro Pinto (portugal),Glossary/NER_spain_glossary.xlsx,Glossary,1227
Name,Pedro Sanches,Pedro Sanches (croatia),Glossary/NER_spain_glossary.xlsx,Glossary,1228
Name,Pedro Sánchez,"Pedro Sanchez (portugal), Pedro Sanchez (croatia), pedro sánchez (spain), Pedro Sánchez (portugal), Pedro Sánchez (spain), peedro sanchez (spain), pedro sanchez (spain), Pedro Sanchez (spain), pedrosanchez (spain)",Glossary/NER_spain_glossary.xlsx,Glossary,1229
Name,Peevksi,Peevksi (bulgaria),Glossary/NER_spain_glossary.xlsx,Glossary,1230
Name,Pekka Aittakumpu,Pekka Aittakumpu (finland),Glossary/NER_spain_glossary.xlsx,Glossary,1231
Name,Pekka Haavisto,"Pekka Haavis (finland), Haavisto (finland), Pekka Haavisto (finland)",Glossary/NER_spain_glossary.xlsx,Glossary,1232
Name,People's list,People's list (sweden),Glossary/NER_spain_glossary.xlsx,Glossary,1233
Name,People–Animals–Nature (PAN),"people (bulgaria), PAN (portugal)",Glossary/NER_spain_glossary.xlsx,Glossary,1234
Name,Pepa Millán,"Pepa Millá (spain), Pepa Millan (spain), Pepa Millán (spain)",Glossary/NER_spain_glossary.xlsx,Glossary,1235
Name,Peppi Seppälä,Seppälä (finland),Glossary/NER_spain_glossary.xlsx,Glossary,1236
Name,Per Holmberg,Per Holmberg (sweden),Glossary/NER_spain_glossary.xlsx,Glossary,1237
Name,Perez,"alvise perez (spain), Juanfran Perez (spain), Alvise perez (spain), Perez (spain), Iratxe Garcia Perez (bulgaria), Alvise Perez (spain)",Glossary/NER_spain_glossary.xlsx,Glossary,1238
Name,Perttu Helin,Perttu Helin (finland),Glossary/NER_spain_glossary.xlsx,Glossary,1239
Name,Perttu Jussila,"Perttu Jussila (finland), Jussila (finland)",Glossary/NER_spain_glossary.xlsx,Glossary,1240
Name,PerttuJussila,PerttuJussila (finland),Glossary/NER_spain_glossary.xlsx,Glossary,1241
Name,Perussuomalaiset Nuoret,Perussuomalaiset (finland),Glossary/NER_spain_glossary.xlsx,Glossary,1242
Name,Petar Klissarov,Petar KLissarov (bulgaria),Glossary/NER_spain_glossary.xlsx,Glossary,1243
Name,Petar Moskov,Petar Moskov (bulgaria),Glossary/NER_spain_glossary.xlsx,Glossary,1244
Name,Petar Petrov,Petar Petrov (bulgaria),Glossary/NER_spain_glossary.xlsx,Glossary,1245
Name,Petar Volgin,Petar Volgin (bulgaria),Glossary/NER_spain_glossary.xlsx,Glossary,1246
Name,Petar Volgin[bg],Petar (bulgaria),Glossary/NER_spain_glossary.xlsx,Glossary,1247
Name,Peter Casey,Peter Casey (croatia),Glossary/NER_spain_glossary.xlsx,Glossary,1248
Name,Peter Liese,peter (hungary),Glossary/NER_spain_glossary.xlsx,Glossary,1249
Name,Peter Persson,Peter Persson (sweden),Glossary/NER_spain_glossary.xlsx,Glossary,1250
Name,Peter Petrov,Peter Petrov (bulgaria),Glossary/NER_spain_glossary.xlsx,Glossary,1251
Name,Peter Szijjarto,"Peter Szijjarto (croatia), Peter Szijjarto (sweden), Szijjarto Peter (hungary)",Glossary/NER_spain_glossary.xlsx,Glossary,1252
Name,Peter Volgin,Peter Volgin (bulgaria),Glossary/NER_spain_glossary.xlsx,Glossary,1253
Name,Petr Bystron,"Petr Bystrom (croatia), Petr Bystron (germany)",Glossary/NER_spain_glossary.xlsx,Glossary,1254
Name,Petri Honkonen,"Petri Honkonen (finland), Pertti Honkonen (finland), Honkonen (finland), Pettti Honkonen (finland)",Glossary/NER_spain_glossary.xlsx,Glossary,1255
Name,Petri Sarvamaa,Petri Sarvamaa (finland),Glossary/NER_spain_glossary.xlsx,Glossary,1256
Name,Petrus Pennanen,Petrus Pennanen (finland),Glossary/NER_spain_glossary.xlsx,Glossary,1257
Name,Petteri Orpo,"orpo (finland), Orpo (finland), Petteri orpo (croatia), Petteri Orpo Aleksanteri Gustafsson (finland), Petteri Orpo (finland)",Glossary/NER_spain_glossary.xlsx,Glossary,1258
Name,Pevski,Pevski (bulgaria),Glossary/NER_spain_glossary.xlsx,Glossary,1259
Name,Peđa Grbin,Peđa Grbin (croatia),Glossary/NER_spain_glossary.xlsx,Glossary,1260
Name,Philipp Amthor,Philipp Amthor (germany),Glossary/NER_spain_glossary.xlsx,Glossary,1261
Name,Philipp Türmer,Philipp Tuermer (germany),Glossary/NER_spain_glossary.xlsx,Glossary,1262
Name,Phoenix,Phoenix_de (germany),Glossary/NER_spain_glossary.xlsx,Glossary,1263
Name,Pia Sillanpää,Pia Sillanpää (finland),Glossary/NER_spain_glossary.xlsx,Glossary,1264
Name,Piers Morgan,"Piers Morgan (germany), Pierce Morgan (bulgaria), Piers Morgan (croatia)",Glossary/NER_spain_glossary.xlsx,Glossary,1265
Name,Piia Elo,Pia Elo (finland),Glossary/NER_spain_glossary.xlsx,Glossary,1266
Name,Piia Viitanen,Piia Viitanen (finland),Glossary/NER_spain_glossary.xlsx,Glossary,1267
Name,Pilar Alegría,"Pilar Alegría (spain), Pilar Alegria (spain), pilar alegria (spain)",Glossary/NER_spain_glossary.xlsx,Glossary,1268
Name,Pinja Perholehto,"Pinja Perholehto (finland), Pinja Perholehto Julia Sangervo (finland), Perholehto (finland)",Glossary/NER_spain_glossary.xlsx,Glossary,1269
Name,Piotr Korczarowski,Karozarowski (poland),Glossary/NER_spain_glossary.xlsx,Glossary,1270
Name,Piotr Kraśko,Kraśko (poland),Glossary/NER_spain_glossary.xlsx,Glossary,1271
Name,Plaid Cymru,Plaid Cymru (croatia),Glossary/NER_spain_glossary.xlsx,Glossary,1272
Name,Podemos,"Podemos Andalucia (spain), podemos andalucia (spain), Podemos andalucia (spain), Abascal. Podemos (spain), Pdemos (spain)",Glossary/NER_spain_glossary.xlsx,Glossary,1273
Name,Podemos Andalucía,"podemos (spain), PODEMOS (spain), Podemos (spain)",Glossary/NER_spain_glossary.xlsx,Glossary,1274
Name,Podemos Cieza,"podemos cieza (spain), Cieza (spain), Podemos Cieza (spain)",Glossary/NER_spain_glossary.xlsx,Glossary,1275
Name,Podemos Girona,podem girona (spain),Glossary/NER_spain_glossary.xlsx,Glossary,1276
Name,Pope Francis,"Pope Francis (croatia), pope Francis (bulgaria), Pope Francis (portugal)",Glossary/NER_spain_glossary.xlsx,Glossary,1277
Name,Pope John Paul II,"Pope (spain), John Paul II (poland)",Glossary/NER_spain_glossary.xlsx,Glossary,1278
Name,Predrag Fred Matić,Fred Matić (croatia),Glossary/NER_spain_glossary.xlsx,Glossary,1279
Name,President Pavel,President Pavel (finland),Glossary/NER_spain_glossary.xlsx,Glossary,1280
Name,Pressman,Pressman (hungary),Glossary/NER_spain_glossary.xlsx,Glossary,1281
Name,Prisca Thevenot,"Priscat Thévenot (france), Prisca Thevenot (france)",Glossary/NER_spain_glossary.xlsx,Glossary,1282
Name,Przemyslaw Czarnek,P. Czarnek (poland),Glossary/NER_spain_glossary.xlsx,Glossary,1283
Name,Przemysław Czarnek,Czarnek (poland),Glossary/NER_spain_glossary.xlsx,Glossary,1284
Name,Przemysław Wipler,Wipler (poland),Glossary/NER_spain_glossary.xlsx,Glossary,1285
Name,Puigdemonnt,Puigdemonnt (spain),Glossary/NER_spain_glossary.xlsx,Glossary,1286
Name,Päivi Lohikoski,Lohikoski (finland),Glossary/NER_spain_glossary.xlsx,Glossary,1287
Name,Päivi Räsänen,"Päivi Räsänen (finland), Räsänen (finland)",Glossary/NER_spain_glossary.xlsx,Glossary,1288
Name,Pär Holmberg,Pär Holmberg (sweden),Glossary/NER_spain_glossary.xlsx,Glossary,1289
Name,Pär Holmgren,"Per Holmgren (sweden), Pär Holmgren (sweden)",Glossary/NER_spain_glossary.xlsx,Glossary,1290
Name,Péter Magyar,"Magyar Peter (hungary), magyar peter (hungary), magyar péter (hungary), Magyar Péter / Tisza Párt (hungary), Magyar Péter (hungary)",Glossary/NER_spain_glossary.xlsx,Glossary,1291
Name,Péter Márki-Zay,"márki zay péter (hungary), Márki-Zay Péter (hungary), Márki-Zay (hungary), Márky-Zay Péter (hungary)",Glossary/NER_spain_glossary.xlsx,Glossary,1292
Name,Péter Róna,Róna Péter (hungary),Glossary/NER_spain_glossary.xlsx,Glossary,1293
Name,Péter Szijjártó,"Szíjjártó Péter (hungary), Péter Szijjártó (finland), Péter Szijjárto (sweden), Szijjártó Péter (hungary), Péter Szijjártó (bulgaria)",Glossary/NER_spain_glossary.xlsx,Glossary,1294
Name,Płaczek-Kobiór,Płaczek-Kobiór (poland),Glossary/NER_spain_glossary.xlsx,Glossary,1295
Name,R. Czarnecki,"R. Czarnecki (poland), Czarnecki (poland)",Glossary/NER_spain_glossary.xlsx,Glossary,1296
Name,R. Petru,"r (croatia), R. Petru (poland)",Glossary/NER_spain_glossary.xlsx,Glossary,1297
Name,RMDSZ,RMDSZ (hungary),Glossary/NER_spain_glossary.xlsx,Glossary,1298
Name,Rachida Daty,Rachida Daty (france),Glossary/NER_spain_glossary.xlsx,Glossary,1299
Name,Rada Laykova,Rada Laykova (bulgaria),Glossary/NER_spain_glossary.xlsx,Glossary,1300
Name,Radan Kanev,Radan Kanev (bulgaria),Glossary/NER_spain_glossary.xlsx,Glossary,1301
Name,Radoslav Ribarski,Radoslav Ribarski (bulgaria),Glossary/NER_spain_glossary.xlsx,Glossary,1302
Name,Radostin Vasilev,Radostin Vasilev (bulgaria),Glossary/NER_spain_glossary.xlsx,Glossary,1303
Name,Radostin Vassilev,"Raodstin Vassilev (bulgaria), Radostin Vasssilev (bulgaria), Radostin vassilev (bulgaria), Radostin Vassilev (bulgaria)",Glossary/NER_spain_glossary.xlsx,Glossary,1304
Name,Radosław Sikorski,"Radosław Sikorski (poland), Radoslaw Sikorski (poland), Radowslaw Sikorski (poland), R. Sikorski (poland), Sikorski (poland)",Glossary/NER_spain_glossary.xlsx,Glossary,1305
Name,Rafal Trzaskowski,"Rafal Trzaskowski (poland), R. Trzaskowski (poland)",Glossary/NER_spain_glossary.xlsx,Glossary,1306
Name,Rafał Trzaskowski,Trzaskowski (poland),Glossary/NER_spain_glossary.xlsx,Glossary,1307
Name,Raphaël Glucksmann,"Raphael Glucksmann (france), Glucksmann (france)",Glossary/NER_spain_glossary.xlsx,Glossary,1308
Name,Rasmus Andresen,Rasmus Adresen (bulgaria),Glossary/NER_spain_glossary.xlsx,Glossary,1309
Name,Rassemblement National,"National (bulgaria), Rassemblement national (france), Rassemblement national (spain), Rassemblement National (spain)",Glossary/NER_spain_glossary.xlsx,Glossary,1310
Name,Raya Nazaryan,Raya Nazaryan (bulgaria),Glossary/NER_spain_glossary.xlsx,Glossary,1311
Name,Raúl de la Hoz Quintano,la (finland),Glossary/NER_spain_glossary.xlsx,Glossary,1312
Name,Rebecka Forsberg,Rebecka Forsberg (sweden),Glossary/NER_spain_glossary.xlsx,Glossary,1313
Name,Rebecka Le Moine,Rebecka le Moine (sweden),Glossary/NER_spain_glossary.xlsx,Glossary,1314
Name,Rebecka Rapp,Rebecka Rapp (sweden),Glossary/NER_spain_glossary.xlsx,Glossary,1315
Name,Reinier van Lanschot,Reinier Van Lanschot (croatia),Glossary/NER_spain_glossary.xlsx,Glossary,1316
Name,Renew Europe,"Renew (france), -Renew (bulgaria), Renew (bulgaria), Renew (finland), Renew Europe (bulgaria), Renew Europe (finland)",Glossary/NER_spain_glossary.xlsx,Glossary,1317
Name,René Aust,Rene Aust (germany),Glossary/NER_spain_glossary.xlsx,Glossary,1318
Name,Revival,"Revival (bulgaria), -Revival (bulgaria), - Revival (bulgaria), K. Kostadinov Revival) (bulgaria)",Glossary/NER_spain_glossary.xlsx,Glossary,1319
Name,Rhia Lopes,Rhia Lopes (portugal),Glossary/NER_spain_glossary.xlsx,Glossary,1320
Name,Ricarda Lang,Terry R. Ricarda Lang (germany),Glossary/NER_spain_glossary.xlsx,Glossary,1321
Name,Ricardo Costa,Ricardo Costa (portugal),Glossary/NER_spain_glossary.xlsx,Glossary,1322
Name,Richard Jomshof,"Rikard Jomshof (sweden), Richard Jomshof (sweden)",Glossary/NER_spain_glossary.xlsx,Glossary,1323
Name,Richard Nixon,Richard Nixon (sweden),Glossary/NER_spain_glossary.xlsx,Glossary,1324
Name,Richárd Barabás,Barabás Richárd (hungary),Glossary/NER_spain_glossary.xlsx,Glossary,1325
Name,Riikka Purra,"Purra & the Finns (finland), Purra (finland), Riikka Purra (finland)",Glossary/NER_spain_glossary.xlsx,Glossary,1326
Name,Rima Hassan,"Louis Boyard Vladimir Putine Nicolas Sarkozy Rima Hassan Florian Flippot Valerie Hayer Gabtiel Attal (france), Rima Hassan (france), Rima Hassan Gabriel Attal Mathilde Panot Leon Deffontaines Aalma Dufour louis Boyard Marion Marechal (france)",Glossary/NER_spain_glossary.xlsx,Glossary,1327
Name,Rishi Sunak,"Rishi Sunak (finland), Rishi Sunak (bulgaria), Sunak (spain), Rishi Sunak (croatia), RIshi Sunak (bulgaria), Sunak (hungary), Rishi Sunak (sweden), Rishi Sunak (portugal), Richie Sunak (germany), Riski Sunak (croatia), Sunak (portugal)",Glossary/NER_spain_glossary.xlsx,Glossary,1328
Name,Rita Maestre,"Rita Maestre (spain), rita maestre (spain)",Glossary/NER_spain_glossary.xlsx,Glossary,1329
Name,Rita Matias,"RIta Matias (portugal), Rita Maria Matias (portugal), Rita Matias (portugal)",Glossary/NER_spain_glossary.xlsx,Glossary,1330
Name,Ritva Elomaa,Ritva Elomaa (finland),Glossary/NER_spain_glossary.xlsx,Glossary,1331
Name,Robert Biedroń,"Robert Biedron (poland), Roberta Biedron (poland), Biedroń (poland)",Glossary/NER_spain_glossary.xlsx,Glossary,1332
Name,Robert F. Kennedy Jr.,"Robert F. Kennedy Jr (finland), F (germany)",Glossary/NER_spain_glossary.xlsx,Glossary,1333
Name,Robert Fico,"Fico (poland), Fico (bulgaria), Robert Fico (bulgaria)",Glossary/NER_spain_glossary.xlsx,Glossary,1334
Name,Robert Golob,Robert Golob (croatia),Glossary/NER_spain_glossary.xlsx,Glossary,1335
Name,Robert Habeck,"Robert Habeck (croatia), Robert Habek (croatia), Habeck (germany), Robert Habeck (germany)",Glossary/NER_spain_glossary.xlsx,Glossary,1336
Name,Robert Malorny,Robert Malorny (germany),Glossary/NER_spain_glossary.xlsx,Glossary,1337
Name,Robert Shuman,Robert Shuman (bulgaria),Glossary/NER_spain_glossary.xlsx,Glossary,1338
Name,Robert de Niro,"Robert De Niro (croatia), Robert de Niro (germany), Robert de Niro (finland)",Glossary/NER_spain_glossary.xlsx,Glossary,1339
Name,Roberta Metsola,"Roberta Metsola (portugal), Roberta Metsola (croatia), Robert Metsola (finland), Roberta Metsola (finland), Roberta Metsola (bulgaria), Roberta Metsola (hungary)",Glossary/NER_spain_glossary.xlsx,Glossary,1340
Name,Roberto Vannacci,Roberto Vannacci (portugal),Glossary/NER_spain_glossary.xlsx,Glossary,1341
Name,Robin Mesarosch,"Robin Mesarosch (germany), Mesarosch (germany)",Glossary/NER_spain_glossary.xlsx,Glossary,1342
Name,Rocío De Meer,Rocío De Meer (spain),Glossary/NER_spain_glossary.xlsx,Glossary,1343
Name,Rocío Monasterio,Rocio Monasterio (spain),Glossary/NER_spain_glossary.xlsx,Glossary,1344
Name,Roman Fritz,Fritz (poland),Glossary/NER_spain_glossary.xlsx,Glossary,1345
Name,Romana Jerković,Romana Jerković Kraljić (croatia),Glossary/NER_spain_glossary.xlsx,Glossary,1346
Name,Romina Pourmokhtari,Romina Pourmokhtari (sweden),Glossary/NER_spain_glossary.xlsx,Glossary,1347
Name,Roosa Grönberg,Grönberg (finland),Glossary/NER_spain_glossary.xlsx,Glossary,1348
Name,Roosa Meriläinen,Roosa Meriläinen (finland),Glossary/NER_spain_glossary.xlsx,Glossary,1349
Name,Rosa Meriläinen,Rosa Meriläinen (finland),Glossary/NER_spain_glossary.xlsx,Glossary,1350
Name,Rosen Zhelyazkov,Rosen Jelyazkov (bulgaria),Glossary/NER_spain_glossary.xlsx,Glossary,1351
Name,Rossen Zhelyazkov,"Rossen Jeliyazkov (bulgaria), Rossen Jelyazkov (bulgaria), Rossen Jeliazkov (bulgaria), Rossen Zhelyazkov (bulgaria)",Glossary/NER_spain_glossary.xlsx,Glossary,1352
Name,Roumen Gechev,Roumen Gechev (bulgaria),Glossary/NER_spain_glossary.xlsx,Glossary,1353
Name,Roza Thun,Roza Thun (poland),Glossary/NER_spain_glossary.xlsx,Glossary,1354
Name,Rubi Le Maire,Rubi Le Maire (france),Glossary/NER_spain_glossary.xlsx,Glossary,1355
Name,Rubén Pulido,"Ruben Pulido (spain), Rubén Pulido (spain)",Glossary/NER_spain_glossary.xlsx,Glossary,1356
Name,Ruffin,"Ruffin (france), François Ruffin (france)",Glossary/NER_spain_glossary.xlsx,Glossary,1357
Name,Rufian,"Gabriel Rufian (spain), Rufian (spain)",Glossary/NER_spain_glossary.xlsx,Glossary,1358
Name,Rui Fonseca e Castro,"Rui da Fonseca (portugal), Castro (portugal), E (poland), Rui Fonseca e Castro (portugal), e (germany)",Glossary/NER_spain_glossary.xlsx,Glossary,1359
Name,Rui Pauperio,Rui Pauperio (portugal),Glossary/NER_spain_glossary.xlsx,Glossary,1360
Name,Rui Rio,Rui Rio (portugal),Glossary/NER_spain_glossary.xlsx,Glossary,1361
Name,Rui Rocha,"Rui Rocha (portugal), rui rocha (portugal)",Glossary/NER_spain_glossary.xlsx,Glossary,1362
Name,Rui Sequeira,Rui Sequeira (portugal),Glossary/NER_spain_glossary.xlsx,Glossary,1363
Name,Rui Tavares,"_Rui Tavares (portugal), Rui Tavares (portugal), rui Tavares (portugal)",Glossary/NER_spain_glossary.xlsx,Glossary,1364
Name,Rumen Gechev,Rumen Gechev (bulgaria),Glossary/NER_spain_glossary.xlsx,Glossary,1365
Name,Rumen Petkov,Rumen Petkov (bulgaria),Glossary/NER_spain_glossary.xlsx,Glossary,1366
Name,Rumen Radev,Rumen Radev (bulgaria),Glossary/NER_spain_glossary.xlsx,Glossary,1367
Name,Ryszard Legutko,Legutko (bulgaria),Glossary/NER_spain_glossary.xlsx,Glossary,1368
Name,Ryszard Petru,Petru (poland),Glossary/NER_spain_glossary.xlsx,Glossary,1369
Name,Róża Thun,"R. Thun (poland), Thun (poland)",Glossary/NER_spain_glossary.xlsx,Glossary,1370
Name,SDMonkan,SDMonkan (sweden),Glossary/NER_spain_glossary.xlsx,Glossary,1371
Name,SHuff,SHuff (finland),Glossary/NER_spain_glossary.xlsx,Glossary,1372
Name,STreck-Zimmerman,STreck-Zimmerman (germany),Glossary/NER_spain_glossary.xlsx,Glossary,1373
Name,SW,SW (germany),Glossary/NER_spain_glossary.xlsx,Glossary,1374
Name,SWORD,"(МоралЕдинствоЧестр SWORD (bulgaria), Sword (bulgaria), ""Sword (bulgaria)",Glossary/NER_spain_glossary.xlsx,Glossary,1375
Name,Saara Hyrkkö,"Saara Hyrkkö (finland), Saara Hyrkkäinen (finland)",Glossary/NER_spain_glossary.xlsx,Glossary,1376
Name,Sadiq Khan,"Sadiq Khan (croatia), Sadiq Khan (portugal)",Glossary/NER_spain_glossary.xlsx,Glossary,1377
Name,Sahra Wagenknecht,"Wagenknecht (germany), Sahra Wagenkneckt (germany), Sarah Wagenknecht (germany), Sahra Wagenknecht (germany)",Glossary/NER_spain_glossary.xlsx,Glossary,1378
Name,"Salla, Aura","Salla (finland), Aura Salla (finland), Sebastian Tynkkynen Aura Salla (finland)",Glossary/NER_spain_glossary.xlsx,Glossary,1379
Name,Salvador Illa,"salvador illa (spain), Salvador Illa (spain)",Glossary/NER_spain_glossary.xlsx,Glossary,1380
Name,Samuel Broman,Samuel Broman (finland),Glossary/NER_spain_glossary.xlsx,Glossary,1381
Name,Sandra Benčić,Sandra Benčić (croatia),Glossary/NER_spain_glossary.xlsx,Glossary,1382
Name,Sandra Maischberger,Sandra Maischberger (germany),Glossary/NER_spain_glossary.xlsx,Glossary,1383
Name,Sandrine Rousseau,Sandrine Rousseau (france),Glossary/NER_spain_glossary.xlsx,Glossary,1384
Name,Sandro Gozi,Sandro Gozi (croatia),Glossary/NER_spain_glossary.xlsx,Glossary,1385
Name,Sanna Marin,"Marin (finland), Sanna Marin (finland)",Glossary/NER_spain_glossary.xlsx,Glossary,1386
Name,Sanna Nieminiitty,Sanna Nieminiitty (finland),Glossary/NER_spain_glossary.xlsx,Glossary,1387
Name,Santiago Abascal,"José Pacheco Santiago Abascal (portugal), Abascal (poland), Santiago Abascal (spain), abascal (spain), Abascal (spain)",Glossary/NER_spain_glossary.xlsx,Glossary,1388
Name,Sanz Vitorio,"Vitorio Sanz (spain), Sanz Vitorio (spain)",Glossary/NER_spain_glossary.xlsx,Glossary,1389
Name,Sara Skyttedal,"Sara Skytteldal (sweden), Sara Skyttedal (sweden)",Glossary/NER_spain_glossary.xlsx,Glossary,1390
Name,Sarah Knafo,"Sara Knafo (france), Sarah Knafo (france), Darah Knafo (france)",Glossary/NER_spain_glossary.xlsx,Glossary,1391
Name,"Saramo, Jussi","Jussi Saramo (finland), Saramo (finland)",Glossary/NER_spain_glossary.xlsx,Glossary,1392
Name,Sari Essayah,Sari Essayah (finland),Glossary/NER_spain_glossary.xlsx,Glossary,1393
Name,Sari Helin,Sari Helin (finland),Glossary/NER_spain_glossary.xlsx,Glossary,1394
Name,Sari Multala,Multala (finland),Glossary/NER_spain_glossary.xlsx,Glossary,1395
Name,Sasho Dikov,Sasho Dikov (bulgaria),Glossary/NER_spain_glossary.xlsx,Glossary,1396
Name,Sasin,Sasin (poland),Glossary/NER_spain_glossary.xlsx,Glossary,1397
Name,Saskia Esken,"Esken (germany), Saskia Esken (germany)",Glossary/NER_spain_glossary.xlsx,Glossary,1398
Name,Sauli Niinistö,"Sauli Niin (finland), Sauli Niinistö (finland)",Glossary/NER_spain_glossary.xlsx,Glossary,1399
Name,Sauli Seittenranta,Sauli Seittenranta (finland),Glossary/NER_spain_glossary.xlsx,Glossary,1400
Name,Sawick,Sawick (poland),Glossary/NER_spain_glossary.xlsx,Glossary,1401
Name,Sawicki,"Sawicki (poland), M. Sawicki (poland)",Glossary/NER_spain_glossary.xlsx,Glossary,1402
Name,Schiffer András,Schiffer András (hungary),Glossary/NER_spain_glossary.xlsx,Glossary,1403
Name,Schirdewan-Left,Schirdewan-Left (bulgaria),Glossary/NER_spain_glossary.xlsx,Glossary,1404
Name,Schmitt Mária,Schmitt Mária (hungary),Glossary/NER_spain_glossary.xlsx,Glossary,1405
Name,Schmuck Andor,Schmuck Andor (hungary),Glossary/NER_spain_glossary.xlsx,Glossary,1406
Name,Se Acabó La Fiesta,"Se Acabó La (spain), Se Acabo La Fiesta (spain), Se Acabó La Fiesta (spain)",Glossary/NER_spain_glossary.xlsx,Glossary,1407
Name,Sebastião Bugalho,"Sebastião Bubalho (portugal), Sebastião Bugaglho (portugal), Bugalho (portugal), Sebastiao Bugalho (portugal), SEbastião Bugalho Carlos Moedas (portugal), Sebastião Bugalho (portugal)",Glossary/NER_spain_glossary.xlsx,Glossary,1408
Name,Seitteenranta,Seitteenranta (finland),Glossary/NER_spain_glossary.xlsx,Glossary,1409
Name,Semjén Zsolt,Semjén Zsolt (hungary),Glossary/NER_spain_glossary.xlsx,Glossary,1410
Name,Sergey Lavrov,"Sergey Lavrov (croatia), Lavrov (hungary)",Glossary/NER_spain_glossary.xlsx,Glossary,1411
Name,Sergey Shoygu,Shoygu (bulgaria),Glossary/NER_spain_glossary.xlsx,Glossary,1412
Name,Sergio Mattarella,Sergio Mattarella (croatia),Glossary/NER_spain_glossary.xlsx,Glossary,1413
Name,Shawn Huff,"Shawn Huff (finland), Shaunn Huff (finland)",Glossary/NER_spain_glossary.xlsx,Glossary,1414
Name,Sigfrids,Sigfrids (finland),Glossary/NER_spain_glossary.xlsx,Glossary,1415
Name,Silvia Modig,Silvia Modig (finland),Glossary/NER_spain_glossary.xlsx,Glossary,1416
Name,Simo Grönroos,"Simon Grönroos (finland), Simo Grönroos (finland)",Glossary/NER_spain_glossary.xlsx,Glossary,1417
Name,Simon Harris,"Simon Harris (portugal), Harris (germany), Simon Harris (croatia), Simon Harris (sweden)",Glossary/NER_spain_glossary.xlsx,Glossary,1418
Name,Simona Mohamsson,"Simone Mohamsson (sweden), Simona Mohamsson (sweden), Simona Mohamson (sweden)",Glossary/NER_spain_glossary.xlsx,Glossary,1419
Name,Sinimusta Liike,Sinimusta liike (finland),Glossary/NER_spain_glossary.xlsx,Glossary,1420
Name,Sira Rego,Sira Rego (spain),Glossary/NER_spain_glossary.xlsx,Glossary,1421
Name,Sirpa Pietikäinen,"Sirpa Pietikäinen (finland), Pietikäinen (finland)",Glossary/NER_spain_glossary.xlsx,Glossary,1422
Name,Slavi Trifonov,Slavi Trifonov (bulgaria),Glossary/NER_spain_glossary.xlsx,Glossary,1423
Name,Slawomir Mentzen,"Mentzen (poland), Slawomir Mentzen (poland)",Glossary/NER_spain_glossary.xlsx,Glossary,1424
Name,Slobodan Novak,Slobodan Novak (croatia),Glossary/NER_spain_glossary.xlsx,Glossary,1425
Name,So,So (sweden),Glossary/NER_spain_glossary.xlsx,Glossary,1426
Name,Social Democrats,"Social Democrats (croatia), The Social Democrats (sweden), Social Democrats (sweden), Social Democrats (finland)",Glossary/NER_spain_glossary.xlsx,Glossary,1427
Name,Socialdem,Socialdem (sweden),Glossary/NER_spain_glossary.xlsx,Glossary,1428
Name,Socialdemokraterna,Socialdemokraterna (sweden),Glossary/NER_spain_glossary.xlsx,Glossary,1429
Name,Soeder,"Markus Soeder (germany), Soeder (germany)",Glossary/NER_spain_glossary.xlsx,Glossary,1430
Name,Sofia Pereira,Sofia Pereira (portugal),Glossary/NER_spain_glossary.xlsx,Glossary,1431
Name,Sofia Virta,"Sofia Virta (finland), Virta Sofia (finland), Sofia VIrta (finland)",Glossary/NER_spain_glossary.xlsx,Glossary,1432
Name,Sofie Eriksson,"Sofie Eriksson (sweden), sofie eriksson (sweden), Sofia Eriksson (sweden)",Glossary/NER_spain_glossary.xlsx,Glossary,1433
Name,Solidaristic Bulgaria,"Solidarisic Bulgaria (bulgaria), ""Solidaristic Bulgaria (bulgaria), Solidaristic BG (bulgaria), Solidaristic Bulgaria (bulgaria)",Glossary/NER_spain_glossary.xlsx,Glossary,1434
Name,Sonya Koltuklieva,Sonya Koltuklieva (bulgaria),Glossary/NER_spain_glossary.xlsx,Glossary,1435
Name,Stanislas Rigault,Stanislas Rigault (france),Glossary/NER_spain_glossary.xlsx,Glossary,1436
Name,Stanislav Balabanov,"Balabanov (bulgaria), Stanislav Balabano (bulgaria), Stanislav Balabanov (bulgaria)",Glossary/NER_spain_glossary.xlsx,Glossary,1437
Name,Stanislav Stoyanov,Stanislav Stoyanov (bulgaria),Glossary/NER_spain_glossary.xlsx,Glossary,1438
Name,Stanisław Tyszka,"Tyszka (poland), S. Tyszka (poland)",Glossary/NER_spain_glossary.xlsx,Glossary,1439
Name,Stefan Löfven,Stefan Löfven (sweden),Glossary/NER_spain_glossary.xlsx,Glossary,1440
Name,Stefan Sarmes,"Stefan Sarmer (sweden), Stefan Sarmes (sweden)",Glossary/NER_spain_glossary.xlsx,Glossary,1441
Name,Stefan Tafrov,"Stefan Tafrov (bulgaria), Stefan tafrov (bulgaria), Tafrov (bulgaria)",Glossary/NER_spain_glossary.xlsx,Glossary,1442
Name,Steffen Große,Steffen Grosse (germany),Glossary/NER_spain_glossary.xlsx,Glossary,1443
Name,Steinmeir,Steinmeir (germany),Glossary/NER_spain_glossary.xlsx,Glossary,1444
Name,Stella Nikolova,Stella Nikolova (bulgaria),Glossary/NER_spain_glossary.xlsx,Glossary,1445
Name,Stephan Brandner,Stephan Brandner (germany),Glossary/NER_spain_glossary.xlsx,Glossary,1446
Name,Stephane Sejourne,Stephane Sejourne (bulgaria),Glossary/NER_spain_glossary.xlsx,Glossary,1447
Name,Stephen Bartulica,"Stephen Nikola Bartulica (croatia), Stephen Bartulica (croatia)",Glossary/NER_spain_glossary.xlsx,Glossary,1448
Name,Stephen Colbert,Stephen Colbert (germany),Glossary/NER_spain_glossary.xlsx,Glossary,1449
Name,Steven Seagal,Steven Segal (bulgaria),Glossary/NER_spain_glossary.xlsx,Glossary,1450
Name,Stipe Mlinarić Ćipe,"Stipe Mlinarić (croatia), Stipe Mlinarić Ćipe (croatia)",Glossary/NER_spain_glossary.xlsx,Glossary,1451
Name,Stipo Mlinarić,"Stipo Mlinarić Ćipe (croatia), Stipo Mlinarić (croatia)",Glossary/NER_spain_glossary.xlsx,Glossary,1452
Name,StipoMlinarić,StipoMlinarić (croatia),Glossary/NER_spain_glossary.xlsx,Glossary,1453
Name,Stjepan Mesić,Stjepan Mesić (croatia),Glossary/NER_spain_glossary.xlsx,Glossary,1454
Name,Strack-Zimmerman,"Marie-Agnes Strack-Zimmerman (croatia), Strack-Zimmerman (germany), Marie-Agnes Strack-Zimmerman (germany)",Glossary/NER_spain_glossary.xlsx,Glossary,1455
Name,Sulyok Tamás,Sulyok Tamás (hungary),Glossary/NER_spain_glossary.xlsx,Glossary,1456
Name,Sumar,"Sumar (croatia), sumar (spain), Suma (croatia), Sumar (spain), sumar almeria (spain), SUMAR (spain)",Glossary/NER_spain_glossary.xlsx,Glossary,1457
Name,Suna Kymäläinen,"Suna Kymäläinen (finland), Kymäläinen (finland)",Glossary/NER_spain_glossary.xlsx,Glossary,1458
Name,Sunčana Glavak,Sunčana Glavak (croatia),Glossary/NER_spain_glossary.xlsx,Glossary,1459
Name,Susa Vikeväkorva,Vikeväkorva (finland),Glossary/NER_spain_glossary.xlsx,Glossary,1460
Name,Susan Sarandon,"Susan Sarandon (sweden), Susan Sarandon (croatia)",Glossary/NER_spain_glossary.xlsx,Glossary,1461
Name,Susanna Kierkegaard,"Susan Kierkegaard (sweden), Susanna Kierkegaard (sweden), Susanna kierkegaard (sweden), Susanna Kierkegaard (finland)",Glossary/NER_spain_glossary.xlsx,Glossary,1462
Name,Susanna Kirsner,Susanna Kirsner (finland),Glossary/NER_spain_glossary.xlsx,Glossary,1463
Name,Susanna Kisner,"Susanne Kier (sweden), Susanna Kisner (finland)",Glossary/NER_spain_glossary.xlsx,Glossary,1464
Name,Susanne Päivärinta,"Päivärinta (finland), Susanne Päivärinta (finland)",Glossary/NER_spain_glossary.xlsx,Glossary,1465
Name,Suski,Suski (poland),Glossary/NER_spain_glossary.xlsx,Glossary,1466
Name,Svante Linusson,Svante Linusson (sweden),Glossary/NER_spain_glossary.xlsx,Glossary,1467
Name,Svenja Appuhn,Svenja Appuhn (germany),Glossary/NER_spain_glossary.xlsx,Glossary,1468
Name,Sylwia Bielawska,Sylwia Bielawska (poland),Glossary/NER_spain_glossary.xlsx,Glossary,1469
Name,Szentkirályi Alexandra,Szentkirályi Alexandra (hungary),Glossary/NER_spain_glossary.xlsx,Glossary,1470
Name,Szymon Holownia,"Szymon Holownia (poland), Holownia (poland)",Glossary/NER_spain_glossary.xlsx,Glossary,1471
Name,Szymon Hołownia,"Hołownia Trzecia droga (poland), Sz. Hołownia (poland), Hołowna (poland), Hołownia (poland), S. Hołownia (poland)",Glossary/NER_spain_glossary.xlsx,Glossary,1472
Name,Szájer József,Szájer József (hungary),Glossary/NER_spain_glossary.xlsx,Glossary,1473
Name,Sébastien Chenu,Sébastien Chenu (france),Glossary/NER_spain_glossary.xlsx,Glossary,1474
Name,Sébastien Delogu,"Sébastien Delogu (france), Sébastien Dolugu (france), Sebastien Delogu (croatia)",Glossary/NER_spain_glossary.xlsx,Glossary,1475
Name,Sílvia Orriols,"Sílvia Orriols (spain), Silvia Orriols (spain), Silvia Orrials (spain)",Glossary/NER_spain_glossary.xlsx,Glossary,1476
Name,Sławomir Mentzen,"S. Mentzen (poland), Mentzeń (poland), Mientzeń (poland), Metzeń (poland)",Glossary/NER_spain_glossary.xlsx,Glossary,1477
Name,T. Siemioniak,T. Siemioniak (poland),Glossary/NER_spain_glossary.xlsx,Glossary,1478
Name,Tamás Deutsch,"Deutsch Tamás (hungary), deutsh tamas (hungary), deutsch tamás (hungary)",Glossary/NER_spain_glossary.xlsx,Glossary,1479
Name,Tamás Menczer,Menczer Tamás (hungary),Glossary/NER_spain_glossary.xlsx,Glossary,1480
Name,Tanya Andreeva,Tanya Andreeva (bulgaria),Glossary/NER_spain_glossary.xlsx,Glossary,1481
Name,Tarczyńska,Tarczyńska (poland),Glossary/NER_spain_glossary.xlsx,Glossary,1482
Name,Tarja Halonen,Tarja Halonen (finland),Glossary/NER_spain_glossary.xlsx,Glossary,1483
Name,Tatyana Doncheva,"Tatyana Doncheva (bulgaria), Tatyana Donche (bulgaria), Tatyana Doncheva- Levitsata (bulgaria)",Glossary/NER_spain_glossary.xlsx,Glossary,1484
Name,Ted Apter,"Ted Apter (finland), Apter (finland)",Glossary/NER_spain_glossary.xlsx,Glossary,1485
Name,Teemu Keskisarja,Teemu Keskisarja (finland),Glossary/NER_spain_glossary.xlsx,Glossary,1486
Name,Teija Makkonen,Teija Makkonen (finland),Glossary/NER_spain_glossary.xlsx,Glossary,1487
Name,Teijo Makkonen,"Teijo Makkonen (finland), Makkonen (finland)",Glossary/NER_spain_glossary.xlsx,Glossary,1488
Name,Temenuzhka Petkova,Temenuzhka Petkova (bulgaria),Glossary/NER_spain_glossary.xlsx,Glossary,1489
Name,Terapeutti Ville,"Terapeutti Ville (finland), Terapeutti Ville  (finland)",Glossary/NER_spain_glossary.xlsx,Glossary,1490
Name,Teresa Ribera,"Teresa Rivera (spain), Teresa Ribera (spain), Teresa rivera (spain)",Glossary/NER_spain_glossary.xlsx,Glossary,1491
Name,Teri,"Teri (germany), Teri Greens (germany)",Glossary/NER_spain_glossary.xlsx,Glossary,1492
Name,Terri Reintke,Terri Reintke (hungary),Glossary/NER_spain_glossary.xlsx,Glossary,1493
Name,Terry Reintke,"Terry Reintke (croatia), Terry Reintke Greens (germany), Terry (germany), Terry Reintke (finland), Terry Reitnke (finland), Terry Reithke (finland), Terry Reintke (sweden), Terry Reintke (hungary), Terry Reintke (germany)",Glossary/NER_spain_glossary.xlsx,Glossary,1494
Name,Teuvo Hakkarainen,Teuvo Hakkarainen (finland),Glossary/NER_spain_glossary.xlsx,Glossary,1495
Name,The Christian Democrats,"The Christian Democrats (sweden), Democrats (spain), The Christin Democrats (sweden), Democrats (sweden)",Glossary/NER_spain_glossary.xlsx,Glossary,1496
Name,The Green Party,The Gren Party (sweden),Glossary/NER_spain_glossary.xlsx,Glossary,1497
Name,The Labour Party,"Malta Labour Party (croatia), The Labour Party (croatia), Labour Party (croatia)",Glossary/NER_spain_glossary.xlsx,Glossary,1498
Name,The Left,"The Left Part (sweden), The Left in the EP (croatia), The Left Party (sweden), Razem/Lewica (poland), The Left (spain), The Left in the EU (croatia), The Left in (croatia), The Left (croatia)",Glossary/NER_spain_glossary.xlsx,Glossary,1499
Name,The Left (Die Linke),"Linke (germany), die Linke (croatia), die Linke (germany), Die Linke (finland), Die Linke (germany)",Glossary/NER_spain_glossary.xlsx,Glossary,1500
Name,The Left in the EU,"EU (sweden), EU (germany), EU- (sweden), eu (sweden), Eu (sweden)",Glossary/NER_spain_glossary.xlsx,Glossary,1501
Name,The Liberal Party,The Liberal Party (sweden),Glossary/NER_spain_glossary.xlsx,Glossary,1502
Name,The Moderate Youth League,The Moderate Youth League (sweden),Glossary/NER_spain_glossary.xlsx,Glossary,1503
Name,Theodor Weimer,Theodor Weimer (germany),Glossary/NER_spain_glossary.xlsx,Glossary,1504
Name,There Is Such a People,"There is (bulgaria), There is such a people (bulgaria), There is Such People (bulgaria), -There is Such People (bulgaria), 'There is such a people (bulgaria), There (bulgaria), A (finland), There is such (bulgaria)",Glossary/NER_spain_glossary.xlsx,Glossary,1505
Name,Theresa May,Theresa May (hungary),Glossary/NER_spain_glossary.xlsx,Glossary,1506
Name,Thomas Oppermann,Thomas Oppermann (germany),Glossary/NER_spain_glossary.xlsx,Glossary,1507
Name,Tiago Moreira de Sá,"S (bulgaria), S (sweden), (S (sweden), s (bulgaria)",Glossary/NER_spain_glossary.xlsx,Glossary,1508
Name,Tibor Szanyi,Szanyi Tibor (hungary),Glossary/NER_spain_glossary.xlsx,Glossary,1509
Name,Tiina Elo,Tiina Elo (finland),Glossary/NER_spain_glossary.xlsx,Glossary,1510
Name,Tiina Sandberg,Tiina Sandberg (finland),Glossary/NER_spain_glossary.xlsx,Glossary,1511
Name,Tiina-Maria Sandberg,Tiina-Maria Sandberg (finland),Glossary/NER_spain_glossary.xlsx,Glossary,1512
Name,Tiktok,"TikTok (bulgaria), Tiktok (portugal), TikTok (portugal), TikTok (finland)",Glossary/NER_spain_glossary.xlsx,Glossary,1513
Name,Tilda Lagerhall,Tilda Lagerhall (sweden),Glossary/NER_spain_glossary.xlsx,Glossary,1514
Name,Tim Achtermeyer,Tim Achtermeyer (germany),Glossary/NER_spain_glossary.xlsx,Glossary,1515
Name,Timo Harakka,Timo Harakka (finland),Glossary/NER_spain_glossary.xlsx,Glossary,1516
Name,Timo Huhtamäki,Timo Huhtamäki (finland),Glossary/NER_spain_glossary.xlsx,Glossary,1517
Name,Timo Kaunisto,"Timo Kaunisto (finland), Kaunisto (finland)",Glossary/NER_spain_glossary.xlsx,Glossary,1518
Name,Timo Suhonen,Timo Suhonen (finland),Glossary/NER_spain_glossary.xlsx,Glossary,1519
Name,Timo Vornanen,"Timo Vornanen (finland), Vornanen (finland)",Glossary/NER_spain_glossary.xlsx,Glossary,1520
Name,Tino Chrupalla,"Chrupalla (germany), Tino Chrupalla (spain), Tino Chrupalla (germany)",Glossary/NER_spain_glossary.xlsx,Glossary,1521
Name,Tobias Andersson,Tobias Andersson (sweden),Glossary/NER_spain_glossary.xlsx,Glossary,1522
Name,Tobias Baudin,Tobias Baudin (sweden),Glossary/NER_spain_glossary.xlsx,Glossary,1523
Name,Tobias Tobé,Tobias Tobé (sweden),Glossary/NER_spain_glossary.xlsx,Glossary,1524
Name,Tobiasz Bocheński,Bocheński (poland),Glossary/NER_spain_glossary.xlsx,Glossary,1525
Name,Todor Angelov,"Todo Angelov (bulgaria), Todor Angelov (bulgaria)",Glossary/NER_spain_glossary.xlsx,Glossary,1526
Name,Todor Tagarev,"Todor Tagarev (bulgaria), Todor tagarev (bulgaria)",Glossary/NER_spain_glossary.xlsx,Glossary,1527
Name,Todor Zhivkov,Todor Zhivkov (bulgaria),Glossary/NER_spain_glossary.xlsx,Glossary,1528
Name,Tom Vandendriessche,"Tom Vandendriessche (portugal), Tom Vanderdriesske (portugal)",Glossary/NER_spain_glossary.xlsx,Glossary,1529
Name,Tomas Eneroth,Tomas Eneroth (sweden),Glossary/NER_spain_glossary.xlsx,Glossary,1530
Name,Tomas Tobé,"Tomas Tobe (sweden), Tomas Tobe (croatia), Tomas Tobé (sweden)",Glossary/NER_spain_glossary.xlsx,Glossary,1531
Name,Tomislav Donchev,"Tomislav Donchev (bulgaria), Tomislav Dontchev (bulgaria)",Glossary/NER_spain_glossary.xlsx,Glossary,1532
Name,Tomislav Josić,Tomislav Josić (croatia),Glossary/NER_spain_glossary.xlsx,Glossary,1533
Name,Tomislav Sokol,Tomislav Sokol (croatia),Glossary/NER_spain_glossary.xlsx,Glossary,1534
Name,Tomislav Tomašević,"Tomislav Tomašević (croatia), Tomislav Tomašević Joe Biden (croatia)",Glossary/NER_spain_glossary.xlsx,Glossary,1535
Name,Tomás Guitarte,Tomás Guitarte (spain),Glossary/NER_spain_glossary.xlsx,Glossary,1536
Name,Tonino Picula,Tonino Picula (croatia),Glossary/NER_spain_glossary.xlsx,Glossary,1537
Name,Torock,Torock (hungary),Glossary/NER_spain_glossary.xlsx,Glossary,1538
Name,Torockay,Torockay (hungary),Glossary/NER_spain_glossary.xlsx,Glossary,1539
Name,Toshko Yordanov,"Tosko Yordanov (bulgaria), Toshko Yordanov (bulgaria), Tosho Yordanov (bulgaria), Toshko Iordanov (bulgaria)",Glossary/NER_spain_glossary.xlsx,Glossary,1540
Name,"Toveri, Pekka","Toveri (finland), Pekka Toveri (finland)",Glossary/NER_spain_glossary.xlsx,Glossary,1541
Name,Trzkawski,Trzkawski (poland),Glossary/NER_spain_glossary.xlsx,Glossary,1542
Name,Träsckbäck,Träsckbäck (finland),Glossary/NER_spain_glossary.xlsx,Glossary,1543
Name,Tsoncho Ganev,"Tsoncho Ganev Revival (bulgaria), Tsoncho Ganev (bulgaria), Tsoncho ganev (bulgaria), Tsontcho Ganev (bulgaria), Tzoncho Ganev (bulgaria), Tzincho Ganev (bulgaria), Tsontcho ganev (bulgaria)",Glossary/NER_spain_glossary.xlsx,Glossary,1544
Name,Tsoncho Ganev-Revival,Tsoncho Ganev-Revival (bulgaria),Glossary/NER_spain_glossary.xlsx,Glossary,1545
Name,Tsveta Karayancheva,"Cveta Karayancheva (bulgaria), Tzveta Karayancheva (bulgaria)",Glossary/NER_spain_glossary.xlsx,Glossary,1546
Name,Tsveta Kirilova,Tzveta Kirilova (bulgaria),Glossary/NER_spain_glossary.xlsx,Glossary,1547
Name,Tsveta Rangelova,"Tsveta Rangelova (bulgaria), Cveta Rangelova (bulgaria)",Glossary/NER_spain_glossary.xlsx,Glossary,1548
Name,Tuomas Kettunen,Tuomas Kettunen (finland),Glossary/NER_spain_glossary.xlsx,Glossary,1549
Name,Tuuli Kousa,"Kousa (finland), Tuuli Kousa (finland)",Glossary/NER_spain_glossary.xlsx,Glossary,1550
Name,Tuulia Alanko,Tuulia Alanko (finland),Glossary/NER_spain_glossary.xlsx,Glossary,1551
Name,Txema Oleaga,Txema Oleaga (spain),Glossary/NER_spain_glossary.xlsx,Glossary,1552
Name,"Tynkkynen, Sebastian","Tynkkynen (finland), Sebastian Tynkkynen (finland), Sebastian Tynkky (finland)",Glossary/NER_spain_glossary.xlsx,Glossary,1553
Name,Tytti Tuppurainen,Tytti Tuppurainen (finland),Glossary/NER_spain_glossary.xlsx,Glossary,1554
Name,Tânger Correia,Tânger Correia (portugal),Glossary/NER_spain_glossary.xlsx,Glossary,1555
Name,UK Labour,"Labour (croatia), UK Labour (croatia)",Glossary/NER_spain_glossary.xlsx,Glossary,1556
Name,Udo Lindenberg,Udo Lindenberg (germany),Glossary/NER_spain_glossary.xlsx,Glossary,1557
Name,Ulf Krist,"Ulf Krist (croatia), Ulf Krist (sweden)",Glossary/NER_spain_glossary.xlsx,Glossary,1558
Name,Ulf Kristersson,"Ulf Kristersson (sweden), ulf kristersson (sweden), Ulfr Kristersson (sweden), Ulf kristersson (sweden), Ulf Kristersson (croatia)",Glossary/NER_spain_glossary.xlsx,Glossary,1559
Name,Ulrich Siegmund,Ulrich Siegmund (germany),Glossary/NER_spain_glossary.xlsx,Glossary,1560
Name,Ulrika Westerlund,Ulrika westerlund (sweden),Glossary/NER_spain_glossary.xlsx,Glossary,1561
Name,Ulrike Herrmann,Ulrike Herrmann (germany),Glossary/NER_spain_glossary.xlsx,Glossary,1562
Name,Umihana Rasovic,Umihana Rasovic (sweden),Glossary/NER_spain_glossary.xlsx,Glossary,1563
Name,Ungár Péter,Ungár Péter (hungary),Glossary/NER_spain_glossary.xlsx,Glossary,1564
Name,Unna Eteläinen,Unna Eteläinen (finland),Glossary/NER_spain_glossary.xlsx,Glossary,1565
Name,Urho Kekkonen,Kekkonen (finland),Glossary/NER_spain_glossary.xlsx,Glossary,1566
Name,Urs,"Urs. (germany), Urs (germany)",Glossary/NER_spain_glossary.xlsx,Glossary,1567
Name,Ursula Van Leyden,Ursula Van Leyden (sweden),Glossary/NER_spain_glossary.xlsx,Glossary,1568
Name,Ursula vdL,"Ursula v (germany), Ursula V (germany), Ursula VDL (germany), VDL (germany), Ursula vdL (germany)",Glossary/NER_spain_glossary.xlsx,Glossary,1569
Name,Ursula von der Leyen,"Ursula von der Leyen (portugal), Ursula von der Leyen (bulgaria), von der Leyen (finland), ursula von der Leyen (bulgaria), Ursula for der Leyen (bulgaria), von der Leyen (bulgaria), Ursula von der Leyen (france), Ursula von der Layen (bulgaria), Ursula (germany), Ursula von der Layan (croatia), Ursula van der Leyen (portugal), Ursula von der Layen (sweden), Ursula Von der Leyen (bulgaria), Ursula Van der Leyen (france), Ursula Von Der Layen (portugal), Ursula Von der Leyen (portugal), Von der Leyen (hungary), Ursula van den Leyen (finland), Ursula von der Leyen (croatia), Ursula von der Leyen (germany), Ursula von der Leyen (spain), von der Leyen (portugal), Ursula von der Leyen (hungary), Ursula Von der Leyen (finland), Ursula Van Der Layen (portugal), Ursula Von der Layen (portugal), von der Leyen (germany), Ursula von der Leyen (finland), Von der Leyen (bulgaria), von der Leyen (hungary), von der Leyen (poland), Ursula von der Leyen (sweden)",Glossary/NER_spain_glossary.xlsx,Glossary,1570
Name,Urszula Zielińska,Zielińska (poland),Glossary/NER_spain_glossary.xlsx,Glossary,1571
Name,Urša Raukar Gamulin,Urša Raukar Gamulin (croatia),Glossary/NER_spain_glossary.xlsx,Glossary,1572
Name,Usuala,Usuala (germany),Glossary/NER_spain_glossary.xlsx,Glossary,1573
Name,VDL,"U. vdL (germany), U. VdL (germany), U VDL (germany)",Glossary/NER_spain_glossary.xlsx,Glossary,1574
Name,VMRO,"VMRO (bulgaria), -VMRO (bulgaria)",Glossary/NER_spain_glossary.xlsx,Glossary,1575
Name,Valentin Vatsev,"Valentin Vatsev (bulgaria), Vatsev (bulgaria)",Glossary/NER_spain_glossary.xlsx,Glossary,1576
Name,Valery Hayer,Valery Hayer (france),Glossary/NER_spain_glossary.xlsx,Glossary,1577
Name,Valter Flego,Valter Flego (croatia),Glossary/NER_spain_glossary.xlsx,Glossary,1578
Name,Valtteri Jussila,Valtteri Jussila (finland),Glossary/NER_spain_glossary.xlsx,Glossary,1579
Name,Valtteri Paakki,Paakki (finland),Glossary/NER_spain_glossary.xlsx,Glossary,1580
Name,Valérie Hayer,"Valérie Hayer Manin Aubry Marie Cholley Jorndan Bardella Gabriel Attal (france), Hayer (france), Valérie Hayer F. Philoppot Marine Le Pen (france), Valerie Hayer (france), Valérie Hayer (france), Valerie Hayer (finland)",Glossary/NER_spain_glossary.xlsx,Glossary,1581
Name,Valérie Pécresse,"Pécresse (france), Valérie Pécresse (france)",Glossary/NER_spain_glossary.xlsx,Glossary,1582
Name,Vanya Georgieva,Vanya Georgieva (bulgaria),Glossary/NER_spain_glossary.xlsx,Glossary,1583
Name,Vanya Grigorova,"Vanya Grigorov (bulgaria), Vanya Grigorova (bulgaria)",Glossary/NER_spain_glossary.xlsx,Glossary,1584
Name,Vanya.gri,Vanya.gri (bulgaria),Glossary/NER_spain_glossary.xlsx,Glossary,1585
Name,Vapauden Liitto,vapauden liitto (finland),Glossary/NER_spain_glossary.xlsx,Glossary,1586
Name,Vasil Bozhkov,"Vasil Bozhkov (bulgaria), Vasil Bovkov (bulgaria), vasil Bozhkov (bulgaria)",Glossary/NER_spain_glossary.xlsx,Glossary,1587
Name,Vassil Bojkov,"Vassil Bojkov (bulgaria), Vasil Bojkov (bulgaria)",Glossary/NER_spain_glossary.xlsx,Glossary,1588
Name,Vassil Bozhkov,Vassil Bozhkov (bulgaria),Glossary/NER_spain_glossary.xlsx,Glossary,1589
Name,Vassil Terziev,Vassil Terziev (bulgaria),Glossary/NER_spain_glossary.xlsx,Glossary,1590
Name,Vasya Mihaylova,Vasya Mihaylova (bulgaria),Glossary/NER_spain_glossary.xlsx,Glossary,1591
Name,Veber,"Manfred Veber (bulgaria), Veber (bulgaria)",Glossary/NER_spain_glossary.xlsx,Glossary,1592
Name,Veera Mertsola,Veera Mertsola (finland),Glossary/NER_spain_glossary.xlsx,Glossary,1593
Name,Velichie,"Velichie [Greatness] (bulgaria), Velichie (bulgaria), Velichie' (bulgaria), -Velichie (bulgaria)",Glossary/NER_spain_glossary.xlsx,Glossary,1594
Name,Velichie (Greatness),Greatness (bulgaria),Glossary/NER_spain_glossary.xlsx,Glossary,1595
Name,Velizar Enchev,Velizar Enchev (bulgaria),Glossary/NER_spain_glossary.xlsx,Glossary,1596
Name,Venko Sabrutev,Venko Sabrutev (bulgaria),Glossary/NER_spain_glossary.xlsx,Glossary,1597
Name,Vessela Lecheva,Vessela Letcheva (bulgaria),Glossary/NER_spain_glossary.xlsx,Glossary,1598
Name,Vezhdi Rashidov,Vezhdi Rashidov (bulgaria),Glossary/NER_spain_glossary.xlsx,Glossary,1599
Name,Viivi Järvelä,Järvelä (finland),Glossary/NER_spain_glossary.xlsx,Glossary,1600
Name,Viktor Orban,"Viktor ORban (croatia), Orban (hungary), Viktor Orban (bulgaria), orban (hungary), Orban (bulgaria), Orban (spain), Orban (finland), Orban (germany), Viktor Orban (finland), Viktor Orban (croatia), Orban (croatia)",Glossary/NER_spain_glossary.xlsx,Glossary,1601
Name,Viktor Orbán,"VIktor Orbán (sweden), Viktor Orbán (sweden), orbán viktor (hungary), Orbán Viktor (hungary), Viktor Orbán (finland), Orbán (hungary), Orbán (finland)",Glossary/NER_spain_glossary.xlsx,Glossary,1602
Name,Viktor Órban,Órban (finland),Glossary/NER_spain_glossary.xlsx,Glossary,1603
Name,Viktoria Vassileva,Viktoria Vassileva (bulgaria),Glossary/NER_spain_glossary.xlsx,Glossary,1604
Name,Viktoriya Vasileva,Viktoriya Vassileva (bulgaria),Glossary/NER_spain_glossary.xlsx,Glossary,1605
Name,Vili Beroš,Vili Beroš (croatia),Glossary/NER_spain_glossary.xlsx,Glossary,1606
Name,Ville Merinen,"Vlle Meriläinen (finland), Ville Merinen (finland)",Glossary/NER_spain_glossary.xlsx,Glossary,1607
Name,Ville Merisalo,Ville Merisalo (finland),Glossary/NER_spain_glossary.xlsx,Glossary,1608
Name,Ville Rydman,Ville Rydman (finland),Glossary/NER_spain_glossary.xlsx,Glossary,1609
Name,Viola Amherd,Viola Amherd (croatia),Glossary/NER_spain_glossary.xlsx,Glossary,1610
Name,Virginie Joron,Virginie Joron (france),Glossary/NER_spain_glossary.xlsx,Glossary,1611
Name,"Virkkunen, Henna","Virkkunen (finland), Henna Virkkun (finland), Henna Virkkunen (finland)",Glossary/NER_spain_glossary.xlsx,Glossary,1612
Name,Vitali Klitschko,Vitali Klitschko (croatia),Glossary/NER_spain_glossary.xlsx,Glossary,1613
Name,Vito Quiles,Vito Quiles (spain),Glossary/NER_spain_glossary.xlsx,Glossary,1614
Name,Vitézy Dávid,Vitézy Dávid (hungary),Glossary/NER_spain_glossary.xlsx,Glossary,1615
Name,Vivien Costanzo,Vivien Constanzo (croatia),Glossary/NER_spain_glossary.xlsx,Glossary,1616
Name,Vladimir Putin,"Putin (hungary), putin (spain), Vladimir Putin (sweden), Putin (france), Putin (finland), Putin (poland), Putin (germany), Vladimir Putin (croatia), Putiin (spain), Putin (spain), Putin (croatia), Vladimir Putin (finland), Putin (bulgaria), Vladimir Putin (bulgaria)",Glossary/NER_spain_glossary.xlsx,Glossary,1617
Name,Vladimir Šeks,Vladimir Šeks (croatia),Glossary/NER_spain_glossary.xlsx,Glossary,1618
Name,Vladislav Goranov,Vladislav Goranov (bulgaria),Glossary/NER_spain_glossary.xlsx,Glossary,1619
Name,Volen Siderov,"Volen Siderov (bulgaria), Volen Sidorov (bulgaria), Volen SIderov (bulgaria)",Glossary/NER_spain_glossary.xlsx,Glossary,1620
Name,Vollodimir Zelenski,"Zelenski (germany), Zelenski (spain), Vollodimir Zelenski (bulgaria)",Glossary/NER_spain_glossary.xlsx,Glossary,1621
Name,Volodymyr Zelensky,"odymyr Zelesnky (france), Zelensky (portugal), Zelensky (bulgaria), Zelenskiy (bulgaria), Zelensky (hungary), Zelensky (spain), Vladimir Zelensky (bulgaria), Zelensky (finland), Volodymyr Zelensky (portugal), Zelesnky (germany), Zelensky (germany), Zelensky (poland)",Glossary/NER_spain_glossary.xlsx,Glossary,1622
Name,Volodymyr Zelenskyy,"Volodymyr Zelenskyy (sweden), Volodimir Zelenskyy (croatia), Zelenskyy (finland), Volodimir Zelenskyy (bulgaria), Volodymyr Zelenskyy (croatia)",Glossary/NER_spain_glossary.xlsx,Glossary,1623
Name,Volt,"Volt Deutschland (finland), Volt Europa (finland), Volt (finland), Volt Europa (croatia), Volt (croatia), Volt (portugal), Volt Portugal (portugal), Volt (germany)",Glossary/NER_spain_glossary.xlsx,Glossary,1624
Name,Von der Leyen,"von de Leyen (finland), Fon der Leyen (bulgaria), U. Von der Leyen (poland), U. Von der Layen (poland), Van der Leyen (portugal), Von der Layen (spain), Yrsula von der Leyen (bulgaria), van der Leyen (germany), Von Der Leyen-epp (bulgaria)",Glossary/NER_spain_glossary.xlsx,Glossary,1625
Name,Vona Gábor,Vona Gábor (hungary),Glossary/NER_spain_glossary.xlsx,Glossary,1626
Name,Vucic,Vucic (bulgaria),Glossary/NER_spain_glossary.xlsx,Glossary,1627
Name,Vyara Todeva,Vyara Todeva (bulgaria),Glossary/NER_spain_glossary.xlsx,Glossary,1628
Name,Vänster,Vänster (sweden),Glossary/NER_spain_glossary.xlsx,Glossary,1629
Name,Vänsterpartiet,"vänsterpartiet (sweden), Vänsterparti (sweden), Vänsterpartier (sweden), Vänsterpartiet (sweden)",Glossary/NER_spain_glossary.xlsx,Glossary,1630
Name,Víctor Camino,Víctor Camino (spain),Glossary/NER_spain_glossary.xlsx,Glossary,1631
Name,W. Buda,W. Buda (poland),Glossary/NER_spain_glossary.xlsx,Glossary,1632
Name,W. Zembaczyński,W. Zembaczyński (poland),Glossary/NER_spain_glossary.xlsx,Glossary,1633
Name,Wagenecht,Wagenecht (germany),Glossary/NER_spain_glossary.xlsx,Glossary,1634
Name,Waldemar Buda,Buda (poland),Glossary/NER_spain_glossary.xlsx,Glossary,1635
Name,Walter Baier,"Walter Baeier (croatia), Walter Baier (portugal)",Glossary/NER_spain_glossary.xlsx,Glossary,1636
Name,Wawer,"M. Wawer (poland), Wawer (poland)",Glossary/NER_spain_glossary.xlsx,Glossary,1637
Name,We Continue the Change,We Continue the Change (bulgaria),Glossary/NER_spain_glossary.xlsx,Glossary,1638
Name,We Continue the Change – Democratic Bulgaria,"-We Continue the Change-Democratic Bulgaria (bulgaria), We Continue the Change-Democratic Bulgaria (bulgaria)",Glossary/NER_spain_glossary.xlsx,Glossary,1639
Name,We Continue the Change – Democratic Bulgaria (PP–DB),"PP - DB (bulgaria), PP DB (bulgaria), PP (bulgaria), PP (spain), DB (bulgaria), pp (spain), PP (germany)",Glossary/NER_spain_glossary.xlsx,Glossary,1640
Name,Wernher von Braun,von Braun (germany),Glossary/NER_spain_glossary.xlsx,Glossary,1641
Name,Westerholm,Westerholm (finland),Glossary/NER_spain_glossary.xlsx,Glossary,1642
Name,Wiedel,"Alice Wiedel (germany), Wiedel (germany)",Glossary/NER_spain_glossary.xlsx,Glossary,1643
Name,Wielichowska,Wielichowska (poland),Glossary/NER_spain_glossary.xlsx,Glossary,1644
Name,Wille Rydman,Wille Rydman (finland),Glossary/NER_spain_glossary.xlsx,Glossary,1645
Name,Wolfgang Kubicki,"Kubicki (germany), Wolfgang Kubicki (germany)",Glossary/NER_spain_glossary.xlsx,Glossary,1646
Name,Władysław Kosiniak-Kamysz,"Kosiniak-Kamysz (poland), W. Kosiniak-Kamysz (poland)",Glossary/NER_spain_glossary.xlsx,Glossary,1647
Name,Włodzimierz Czarzasty,"Wlodzimierz Czarzasty (poland), Włodzimierz Czarzasty (poland)",Glossary/NER_spain_glossary.xlsx,Glossary,1648
Name,Xavier Bettel,Xavier Bettel (croatia),Glossary/NER_spain_glossary.xlsx,Glossary,1649
Name,Xi Jinping,"Jinping (bulgaria), Xi Jinping (croatia), Xi (finland), Xi (bulgaria), Xi Jinping (france), Xi Jinpin (croatia)",Glossary/NER_spain_glossary.xlsx,Glossary,1650
Name,YLE,"Yle Kioski (finland), YLE (finland)",Glossary/NER_spain_glossary.xlsx,Glossary,1651
Name,Yair Lapid,Yair Lapid (sweden),Glossary/NER_spain_glossary.xlsx,Glossary,1652
Name,Yanis Varoufakis,"Yanis Varoufakis (germany), Yanis Varoufakis (sweden), Yanis Varoufakis (bulgaria), Yanis Varoufakis (portugal), Yannis Varoufakis (croatia), Varoufakis (finland), Yanis Varoufakis (finland), Yanis Varoufakis (croatia)",Glossary/NER_spain_glossary.xlsx,Glossary,1653
Name,Yannick Lahti,Yannick Lahti (finland),Glossary/NER_spain_glossary.xlsx,Glossary,1654
Name,Yavor Bozhankov,"Yavor Bojankov (bulgaria), Yavor Boznakov (bulgaria), Yavor Bozhankov (bulgaria)",Glossary/NER_spain_glossary.xlsx,Glossary,1655
Name,Yaël Braun-Pivet,"Yaël Braun-Pivet (france), Yael Braun-Pivet (france)",Glossary/NER_spain_glossary.xlsx,Glossary,1656
Name,Yehuda Shaul,Yehuda Shaul (portugal),Glossary/NER_spain_glossary.xlsx,Glossary,1657
Name,Yes Bulgaria,"Yes Bulgaria (bulgaria), Yes (bulgaria), Bulgaria (bulgaria), Yes  (bulgaria), Yes BG/Democratic Bulgaria (bulgaria), Yes Bulgaria! (bulgaria)",Glossary/NER_spain_glossary.xlsx,Glossary,1658
Name,Yolamsa Díaz,Yolamsa Díaz (spain),Glossary/NER_spain_glossary.xlsx,Glossary,1659
Name,Yolanda Díaz,"Yolanda Díaz (spain), Yolando Díaz (spain), yolanda diaz (spain), yolandda diaz (spain), Yolanda Día (spain), Yolanda Diaz (croatia), Yolanda Dáz (spain), Yolanda diaz (spain), yolanda díaz (spain), yolanda diaz  (spain), Yolanda Diaz (spain)",Glossary/NER_spain_glossary.xlsx,Glossary,1660
Name,Yolanda Morpe,Yolanda Morpe (spain),Glossary/NER_spain_glossary.xlsx,Glossary,1661
Name,Yonnec Polet,Yonnec Polet (croatia),Glossary/NER_spain_glossary.xlsx,Glossary,1662
Name,Yordan Tsonev,Yordan Tzonev (bulgaria),Glossary/NER_spain_glossary.xlsx,Glossary,1663
Name,Yordanka Fandakova,Yordanka Fandakova (bulgaria),Glossary/NER_spain_glossary.xlsx,Glossary,1664
Name,Zalewski,Zalewski (poland),Glossary/NER_spain_glossary.xlsx,Glossary,1665
Name,Zanni-ID,Zanni-ID (bulgaria),Glossary/NER_spain_glossary.xlsx,Glossary,1666
Name,Zbigniew Kuźmiuk,Kuźmiuk (poland),Glossary/NER_spain_glossary.xlsx,Glossary,1667
Name,Zbigniew Rau,Zbigniew Rau (poland),Glossary/NER_spain_glossary.xlsx,Glossary,1668
Name,Zemoour,Zemoour (france),Glossary/NER_spain_glossary.xlsx,Glossary,1669
Name,Zhecho Stankov,"Zhecho Stankov (bulgaria), Zheko Stankov (bulgaria)",Glossary/NER_spain_glossary.xlsx,Glossary,1670
Name,Zimmerman,Frau Zimmerman (germany),Glossary/NER_spain_glossary.xlsx,Glossary,1671
Name,Ziobro,Ziobro (poland),Glossary/NER_spain_glossary.xlsx,Glossary,1672
Name,Zofia Malisz,Zofia Malisz (poland),Glossary/NER_spain_glossary.xlsx,Glossary,1673
Name,Zoran Milanović,"Zoran Milanović (croatia), Zoran Milanovć (croatia)",Glossary/NER_spain_glossary.xlsx,Glossary,1674
Name,Zukowska,"Zukowska (poland), Anna Maria Zukowska (poland)",Glossary/NER_spain_glossary.xlsx,Glossary,1675
Name,Zvonimir Troskot,Zvonimir Troskot (croatia),Glossary/NER_spain_glossary.xlsx,Glossary,1676
Name,atteh,atteh (finland),Glossary/NER_spain_glossary.xlsx,Glossary,1677
Name,carla_antonelli,carla_antonelli (spain),Glossary/NER_spain_glossary.xlsx,Glossary,1678
Name,carlesesteveaparicio,carlesesteveaparicio (spain),Glossary/NER_spain_glossary.xlsx,Glossary,1679
Name,cket,cket (germany),Glossary/NER_spain_glossary.xlsx,Glossary,1680
Name,col. markov,"col. markov (bulgaria), col. Markov (bulgaria)",Glossary/NER_spain_glossary.xlsx,Glossary,1681
Name,collonel Markov,collonel Markov (bulgaria),Glossary/NER_spain_glossary.xlsx,Glossary,1682
Name,diaz ayuso,"Diaz Ayuso (spain), diaz ayuso (spain), Isabel Diaz Ayuso (spain)",Glossary/NER_spain_glossary.xlsx,Glossary,1683
Name,droń,droń (poland),Glossary/NER_spain_glossary.xlsx,Glossary,1684
Name,duro Dora,"duro Dora (hungary), Duro Dora (hungary), duro dora (hungary)",Glossary/NER_spain_glossary.xlsx,Glossary,1685
Name,edelgadorgaz,edelgadorgaz (spain),Glossary/NER_spain_glossary.xlsx,Glossary,1686
Name,eduardo zaplana,eduardo zaplana (spain),Glossary/NER_spain_glossary.xlsx,Glossary,1687
Name,emilio delgado,"emilio delgado (spain), Emilio Delgado (spain)",Glossary/NER_spain_glossary.xlsx,Glossary,1688
Name,errejon,"errejon (spain), Errejon (spain)",Glossary/NER_spain_glossary.xlsx,Glossary,1689
Name,feijoo,"Feijoo (spain), feijoo (spain), Alberto Núñez Feijoo (spain), Alberto Sánchez Feijoo (spain)",Glossary/NER_spain_glossary.xlsx,Glossary,1690
Name,galan,"estrella galan (spain), Estella Galan (croatia), Estrella galan (spain), galan (spain), strella Galan (croatia), Estrella Galan (spain), Estrella Galan (croatia)",Glossary/NER_spain_glossary.xlsx,Glossary,1691
Name,i_montero_,"i_montero (spain), i_montero_ (spain)",Glossary/NER_spain_glossary.xlsx,Glossary,1692
Name,ikke,ikke (poland),Glossary/NER_spain_glossary.xlsx,Glossary,1693
Name,ionebelarra,ionebelarra (spain),Glossary/NER_spain_glossary.xlsx,Glossary,1694
Name,javi_guardiola,javi_guardiola (spain),Glossary/NER_spain_glossary.xlsx,Glossary,1695
Name,jm albares,"jm albares (spain), JM Albares (spain)",Glossary/NER_spain_glossary.xlsx,Glossary,1696
Name,jmalbares,"jmalbares (spain), JMAlbares (spain)",Glossary/NER_spain_glossary.xlsx,Glossary,1697
Name,joanbaldovi,"Joanbaldovi (spain), joanbaldovi (spain)",Glossary/NER_spain_glossary.xlsx,Glossary,1698
Name,jockaman,jockaman (finland),Glossary/NER_spain_glossary.xlsx,Glossary,1699
Name,jorge pueyo,jorge pueyo (spain),Glossary/NER_spain_glossary.xlsx,Glossary,1700
Name,jorge_pueyo,jorge_pueyo (spain),Glossary/NER_spain_glossary.xlsx,Glossary,1701
Name,juralde,juralde (spain),Glossary/NER_spain_glossary.xlsx,Glossary,1702
Name,magda,"MAgda A (sweden), magda (sweden), Magda a (sweden), Magda Andersson (sweden), Magda a. (sweden), magda a (sweden), Magda Anderson (sweden), Magda Adamowicz (poland), magda A (sweden), Magda A. (sweden), Magda A (sweden)",Glossary/NER_spain_glossary.xlsx,Glossary,1703
Name,marotoreyes,marotoreyes (spain),Glossary/NER_spain_glossary.xlsx,Glossary,1704
Name,mjcatala,mjcatala (spain),Glossary/NER_spain_glossary.xlsx,Glossary,1705
Name,monicagarciag_,"monicagarciag (spain), monicagarciag_ (spain)",Glossary/NER_spain_glossary.xlsx,Glossary,1706
Name,ontaines,ontaines (france),Glossary/NER_spain_glossary.xlsx,Glossary,1707
Name,owicz,owicz (poland),Glossary/NER_spain_glossary.xlsx,Glossary,1708
Name,pablo_echenique_,pablo_echenique_ (spain),Glossary/NER_spain_glossary.xlsx,Glossary,1709
Name,pablobustinduy,pablobustinduy (spain),Glossary/NER_spain_glossary.xlsx,Glossary,1710
Name,pedro_frazao,pedro_frazao (portugal),Glossary/NER_spain_glossary.xlsx,Glossary,1711
Name,pepe mujica,"Pepe Mujica (portugal), pepe mujica (spain), Pepe Mujica (spain)",Glossary/NER_spain_glossary.xlsx,Glossary,1712
Name,pepe mujico,pepe mujico (spain),Glossary/NER_spain_glossary.xlsx,Glossary,1713
Name,rita_maestre,rita_maestre (spain),Glossary/NER_spain_glossary.xlsx,Glossary,1714
Name,rodriguez zapatero,"JL Rodriguez Zapatero (spain), rodriguez zapatero (spain)",Glossary/NER_spain_glossary.xlsx,Glossary,1715
Name,soc dem,"Soc Dem Youth (sweden), Soc dem (sweden), Soc (sweden), soc dem (sweden)",Glossary/NER_spain_glossary.xlsx,Glossary,1716
Name,socdem,"SocDem (sweden), socdem (sweden)",Glossary/NER_spain_glossary.xlsx,Glossary,1717
Name,torockai,"Torockai Laszlo (hungary), torockai (hungary)",Glossary/NER_spain_glossary.xlsx,Glossary,1718
Name,van Lovrinović,Ivan Lovrinović (croatia),Glossary/NER_spain_glossary.xlsx,Glossary,1719
Name,Àngels Barceló,Àngels Barceló (spain),Glossary/NER_spain_glossary.xlsx,Glossary,1720
Name,Ákos Hadházy,Hadházy Ákos (hungary),Glossary/NER_spain_glossary.xlsx,Glossary,1721
Name,Ángel Expósito,Ángel Expósito (spain),Glossary/NER_spain_glossary.xlsx,Glossary,1722
Name,Ángel Gaitán,Ángel Gaitán (spain),Glossary/NER_spain_glossary.xlsx,Glossary,1723
Name,Åsa Westlund,Åsa Westlund (sweden),Glossary/NER_spain_glossary.xlsx,Glossary,1724
Name,Éric Zemmour,"Zemmour (france), Eric Zemmour (france)",Glossary/NER_spain_glossary.xlsx,Glossary,1725
Name,Íñigo Errejón,"íñigo errejón (spain), Errejón (spain), Iñigo Errejón (spain), I Errejón (spain), Íñigo Errejón (spain)",Glossary/NER_spain_glossary.xlsx,Glossary,1726
Name,Óscar Puente,"Puente (spain), oscar puente (spain), Oscar Puente (spain), óscar puentes (spain), Óscar Puente (spain)",Glossary/NER_spain_glossary.xlsx,Glossary,1727
Name,Österreichische Volkspartei (ÖVP),Österreichische Volksparte (croatia),Glossary/NER_spain_glossary.xlsx,Glossary,1728
Name,Łukasz Kohut,"Kohut (poland), Lukasz Kohut (poland)",Glossary/NER_spain_glossary.xlsx,Glossary,1729
Name,Željana Zovko,Željana Zovko (croatia),Glossary/NER_spain_glossary.xlsx,Glossary,1730
Name,Željko Jovanović,Željko Jovanović (croatia),Glossary/NER_spain_glossary.xlsx,Glossary,1731
Name,Željko Komšić,Željko Komšić (croatia),Glossary/NER_spain_glossary.xlsx,Glossary,1732
Name,Волен Сидеров,Волен Сидеров (bulgaria),Glossary/NER_spain_glossary.xlsx,Glossary,1733
Name,Жасил Бозхкож,Жасил Бозхкож (bulgaria),Glossary/NER_spain_glossary.xlsx,Glossary,1734
Name,МЕЧ/SWORD,"МЕЧ/Sward (bulgaria), МЕЧ/SWORD (bulgaria), МЕЧ/Sword (bulgaria), МЕЧ?SWORD (bulgaria)",Glossary/NER_spain_glossary.xlsx,Glossary,1735
Party,,"PES (croatia), Nanna (finland), ""Izpravi si (bulgaria), Trevor Noah (portugal), KO/PO (poland), wer (poland), Jakobsfilm (germany), jse_org (spain), Socialists and Democrats (croatia), xe (france), Balgaria (bulgaria), rumenradev (bulgaria), FPOE (germany), IR EU (sweden), AI (bulgaria), Instagram (sweden), La SER (spain), stö (finland), Perlai Zoltán (hungary), Shahid K. Bolsen (portugal), PC (france), Forum for Democracy (finland), Rothschild (france), PM Glavchev (bulgaria), Silvia Intxaurrondo (spain), Bie (poland), hazank (hungary), Messiah Hallberg (sweden), DB-PP (bulgaria), Cde Cristiaan Carstens (finland), Equi (france), nan, udadanos (spain), Keskustanuoret (finland), Front Populaire (france), chal Le Pen (france), Marion Mar (france), Jesús Cintora (spain), ongo (spain), MasMadrid (spain), Trecia Droga (poland), Sobóla (poland), Ataka (bulgaria), vo (spain), Sara Seppänen (finland), PNT-CD (spain), ophile Movement (bulgaria), Nicolas Sarcozy Jodran Bardella Clemence Guette (france), Gruene Schweiz (croatia), Roksana (bulgaria), Sinimustahallitus (finland), Fokus (croatia), Mikhail Gorbachev (croatia), instagram (portugal), Pressat (finland), Azahriah (hungary), Spasi Sofia (bulgaria), populares_valencia (spain), Pour La Réunion (france), Ke (hungary), Bus Heickourt (portugal), Perussuom (finland), Jean-Philippe Tanguy (france), Macron-Hayer (france), El rey (spain), El Palleter (spain), João Miguel Tavares (portugal), MH (hungary), MEP (bulgaria), gaard (sweden), Tzentar (bulgaria), Dagens Nyheter (sweden), MEP (croatia), Instagram (portugal), Antonio Pingo (portugal), sson (croatia), Evang. Jugend (germany), Instagram (hungary), Claire Danes (croatia), Teollisuus liitto (finland), Clémentine Autain (france), Todorov (bulgaria), Renacimiento (spain), Mhm (hungary), Navalni (bulgaria), Filipa Pinto (portugal), Paa (finland), Masmadrid (spain), Eltsin (bulgaria), Cornel West (croatia), Tories (croatia), Parti Equinoxe (france), Cláudia Azevedo (portugal), demokra (finland), inn Fein (bulgaria), lib (sweden), Omas gegen Rechts (germany), Bardella Attal (france), O (spain), wica (poland), AGROunia (poland), Dorot (poland), Akseli Erkkilä (finland), Hamburger Junge (germany), Desokupa (spain), Dershowitz (portugal), Begona (spain), We Contitnue the Change-Democratic Bulgaria (bulgaria), Karima Dell (france), Moment (hungary), José Luis Sastre (spain), Miko Bergbom (finland), Suomipop (finland), ka (poland), Orpo. Stubb (finland), Roy Casagranda (portugal), oe (spain), alto (finland), enchon Marion Marechal (france), Tory (sweden), Evangelistic Youth (germany), La Francia Insumisa (spain), Sarkozi (france), Edinenie (bulgaria), MTV Uutiset (finland), Miller (poland), RTVE (spain), Reverend Munther Isaac (portugal), PSOEE (spain), National Assembly (france), Interior (bulgaria), Izpravie se (bulgaria), FFF Deutschalnd (germany), William (hungary), Count Binface (croatia), kor (poland), Angelina Jolie (sweden), Örebro (sweden), Richard D. Wolff (portugal), Revi (bulgaria), Hristo Rastashki (bulgaria), Michael Stuerzenberger (germany), Antonio Pinto Ferreira (portugal), Възраждане/Revival (bulgaria), Thomas Glould (finland), Nationalistische-Vlaamse_Jeugd (croatia), Fdi (spain), Ampel (germany), Величие/Greatness (bulgaria), PSF (france), ner (sweden), Lado (portugal), Franco (spain), Ramalho Eanes (portugal), Vasemmisto (finland), Tim Vieira (portugal), Reclaimtiktok (germany), Sosiaalidemokra (finland), Sinn Fein (croatia), François Philippot (france), Antoine Léaument (france), João olig (portugal), Svetlana Tihanovskaya (bulgaria), val (bulgaria), Može (croatia), Parbeszed-Zoldek (hungary), Jorge Pinto (portugal), Kings od (spain), MTV3 (finland), Senate (spain), Factous (spain), Jon Stewart (croatia), Velichie/Greatness (bulgaria), kiewicz (poland), Ungsvenskarna (sweden), PP-DB-Save Sofia (bulgaria), Ilham Aliyev (bulgaria), Antonio Pinto Pereira (portugal), ! (croatia), fide (hungary), Rathbone (finland), Peter Hahne (germany), laiset (finland), Carni (bulgaria), h anna (hungary), Socialdemocratic party (croatia), Tom Hanks (croatia), Frances Fitzgerald (croatia), The Pope (hungary), bro (sweden), Stéphane Ravier (france), Wehrt Euch Leistet Widerstand (germany), Edward Said (portugal), Ljubo Cesić Rojs (croatia), sty (poland), NNGG Cantabria (spain), Clemence Guetté (france), Chunta Aragonesista (spain), no (france), Raquel Varela (portugal), Si (poland), Afp (finland), PsNuoret (finland), Brył (poland), Pedro Lopes (portugal), Cristina Pardo (spain), Sangervo. Bergbom (finland), Aimar Bretos (spain), Stonoga (poland), Sosial (finland), dem Democrats (sweden), Democrat (sweden), kki (finland), Kovan (finland), Taskila (finland), Sinya Bulgaria (bulgaria), Romain Baubry (france), UN Sec council (germany), RPF (france), Carlos Herrera (spain), instagram (france), - (poland), ić (croatia), Bernard Arnault (france), Centar (croatia), Katarzy (poland), Barely Informed (finland), Cadena SER (spain), Adelante Andalucia (spain), Hanah Lahe (bulgaria), Cake Minuesa (spain), Mohamed Mara (france), Bergbom (finland), sky (sweden), OEVP (germany), IU Moralzarzal (spain), Laure Lavalette (france), Avi Shlaim (portugal), Centar (bulgaria), PPE (portugal), Manon Aurbry Sebastien Delogu (france), ECR-Vox (portugal), Público (spain), Hrvatski suverenisti (croatia), Czarza (poland), Instagram (spain), Vlaams Belang (portugal), Kajsa Ekman (sweden), Maria Conce (portugal), ski (poland), European Commission (hungary), Javier Gallego (spain), Sinn Fein (bulgaria), Soros György (hungary), Carnival (bulgaria), Lewic (poland), Mattie McGrath (bulgaria), Ayaan Hirsi Ali (hungary), Szakács István (hungary), RenewEurope (finland), Bu (bulgaria), Nanna Väätäinen (finland), Про (bulgaria), Nikolya Markov (bulgaria), farku (hungary), Aurélien Taché (france), ria mozhe (bulgaria), Wa (poland), Sérgio Pinto (portugal), Hirsi Ali (hungary), vazrazhdane.bg (bulgaria), Instragram (portugal), Tom Benoit (france), MHM (hungary), ist (france), Supreme Court (spain), Melchor Miralles (spain), Pirkanmaan Vasemmisto (finland), Seppänen (finland), Noam Cho (sweden), Да (bulgaria), Christiane Amanpour (croatia), Karl Gustav XVI (sweden), Judite Costa (portugal), Vincent Lapierre (france), Clémence Guetté (france), Keskusta Ylivieska (finland), Jacob Miller (portugal), Väätäinen (finland), PP-DO (bulgaria), Boldonaro (portugal), Party of European Socialists (croatia), Jolamadi (finland), Musk (poland), Smohy Eddin (bulgaria), Dieudonné (france), Fabian Koester (germany), Green-Párbeszéd (hungary), жаваме Промяната (bulgaria), Antonio Decaro (bulgaria), EDATV (spain), sson (sweden), Glenn (portugal), RenewEU (sweden), PES (finland), Benoît Hamon (france), Karbovsky (bulgaria), adelante andalucía (spain), Toma Bikov (bulgaria), s Terry (germany), Equinoxe party (france), Socialists&Democrats (croatia), Janne Hirvassalo (finland), -Democra (bulgaria), tic (bulgaria), PSC (spain), Hilaire Bouye (france)",Glossary/NER_spain_glossary.xlsx,Glossary,1736
Party,Alliance (poland),"A. Gajewska (poland), A. Krzemiński (poland), A. Dulkiewicz (poland), A. Kwaśnie (poland), M. Kierwinski A. Bryłka (poland), A. Duda (poland), A. Kosztowniak (poland), A. Myrcha (poland)",Glossary/NER_spain_glossary.xlsx,Glossary,1737
Party,Alliance (spain),"Aliança Catalana (spain), Se A (spain)",Glossary/NER_spain_glossary.xlsx,Glossary,1738
Party,Alliance 90/The Greens (germany),"Greens Baerbock (germany), Habeck Greens (germany), Baerbock Greens (germany), Greens Habeck (germany), Bündnis (germany)",Glossary/NER_spain_glossary.xlsx,Glossary,1739
Party,Alternative for Germany (finland),Alternative für Deutschland (finland),Glossary/NER_spain_glossary.xlsx,Glossary,1740
Party,Alternative for Germany (germany),AfD Chrupalla (germany),Glossary/NER_spain_glossary.xlsx,Glossary,1741
Party,Alternative for Sweden (sweden),"Alternative for Sweeden (sweden), Alternative for Sweden (sweden)",Glossary/NER_spain_glossary.xlsx,Glossary,1742
Party,BSP for Bulgaria (bulgaria),BSP (bulgaria),Glossary/NER_spain_glossary.xlsx,Glossary,1743
Party,Basta! (poland),"B. Zelazowska (poland), B. Pejo (poland), B. Bochenczak (poland), B. Budka (poland), B. Żelazowska (poland), B. Sie (poland)",Glossary/NER_spain_glossary.xlsx,Glossary,1744
Party,Basta! (spain),bó La (spain),Glossary/NER_spain_glossary.xlsx,Glossary,1745
Party,Bulgaria Mozhe (bulgaria),Bulgariamozhe (bulgaria),Glossary/NER_spain_glossary.xlsx,Glossary,1746
Party,Bündnis Deutschland (germany),"Buendnis Deutschland (germany), Bündnis Deutschland (germany), BD (germany)",Glossary/NER_spain_glossary.xlsx,Glossary,1747
Party,Bündnis Sahra Wagenknecht (germany),BSW (germany),Glossary/NER_spain_glossary.xlsx,Glossary,1748
Party,CHEGA! (croatia),Die Gruene Ch (croatia),Glossary/NER_spain_glossary.xlsx,Glossary,1749
Party,Centre Party (finland),"Kesk (finland), Keskusta (finland)",Glossary/NER_spain_glossary.xlsx,Glossary,1750
Party,Centre Party (poland),C. Tomczyk (poland),Glossary/NER_spain_glossary.xlsx,Glossary,1751
Party,Centre Party (sweden),C (sweden),Glossary/NER_spain_glossary.xlsx,Glossary,1752
Party,Christian Democratic Union (germany),"CDU/EVP (germany), EVP/CDU/CSU (germany)",Glossary/NER_spain_glossary.xlsx,Glossary,1753
Party,Christian Democrats (finland),KD (finland),Glossary/NER_spain_glossary.xlsx,Glossary,1754
Party,Christian Democrats (sweden),KD (sweden),Glossary/NER_spain_glossary.xlsx,Glossary,1755
Party,Christian Social Union in Bavaria (germany),"CSU (germany), CDU/CSE (germany)",Glossary/NER_spain_glossary.xlsx,Glossary,1756
Party,Christian Social Union in Bavaria (hungary),CSU (hungary),Glossary/NER_spain_glossary.xlsx,Glossary,1757
Party,Christian Social Union in Bavaria (sweden),CSU (sweden),Glossary/NER_spain_glossary.xlsx,Glossary,1758
Party,Citizens' Coalition (sweden),Medborgerlig Samling (sweden),Glossary/NER_spain_glossary.xlsx,Glossary,1759
Party,Citizens–Party of the Citizenry (spain),Ciudadanos (spain),Glossary/NER_spain_glossary.xlsx,Glossary,1760
Party,Civic Platform (poland),"Platworma Obywatelska (poland), PO (poland), Platforma Obywatelska/Koalicja Obywatelska (poland), Platforma Obywatelska (poland)",Glossary/NER_spain_glossary.xlsx,Glossary,1761
Party,Coalition of the Rose[bg] (bulgaria),Coalition of the Roses (bulgaria),Glossary/NER_spain_glossary.xlsx,Glossary,1762
Party,Communist Party of Finland (finland),SKP (finland),Glossary/NER_spain_glossary.xlsx,Glossary,1763
Party,Confederation (poland),"Confederation (poland), Konfederacja (poland), Konfederacja Obywatelska (poland), Confederation , Lawn and Justice (poland)",Glossary/NER_spain_glossary.xlsx,Glossary,1764
Party,Croatian Democratic Union (croatia),"HDZ (croatia), Croatian Democratic Union (croatia)",Glossary/NER_spain_glossary.xlsx,Glossary,1765
Party,Croatian Social Liberal Party (croatia),HSLS (croatia),Glossary/NER_spain_glossary.xlsx,Glossary,1766
Party,DK–MSZP–Dialogue Alliance (hungary),"DK (hungary), Demokratikus Koalíció (hungary)",Glossary/NER_spain_glossary.xlsx,Glossary,1767
Party,Defend the Children (france),"Pierre de Gaulle (france), Philippe de Villiers (france)",Glossary/NER_spain_glossary.xlsx,Glossary,1768
Party,Defend the Children (germany),Thomas de Maiziere (germany),Glossary/NER_spain_glossary.xlsx,Glossary,1769
Party,Defend the Children (spain),"Ministra de Igualdad (spain), Jaime Miguel de los Santos (spain)",Glossary/NER_spain_glossary.xlsx,Glossary,1770
Party,Defend the Children (sweden),ilan de basso (sweden),Glossary/NER_spain_glossary.xlsx,Glossary,1771
Party,Die PARTEI (germany),Die Partei (germany),Glossary/NER_spain_glossary.xlsx,Glossary,1772
Party,Direct Democracy (bulgaria),Direct democracy (bulgaria),Glossary/NER_spain_glossary.xlsx,Glossary,1773
Party,EPPOC–Brouette–Décroissance (bulgaria),B (bulgaria),Glossary/NER_spain_glossary.xlsx,Glossary,1774
Party,European Democratic Party (germany),PDE/EDP European Democrats (germany),Glossary/NER_spain_glossary.xlsx,Glossary,1775
Party,Feminists to the Congress (spain),Feministas Al Congreso (spain),Glossary/NER_spain_glossary.xlsx,Glossary,1776
Party,Fidesz–KDNP (croatia),Fidesz (croatia),Glossary/NER_spain_glossary.xlsx,Glossary,1777
Party,Fidesz–KDNP (finland),Fidesz (finland),Glossary/NER_spain_glossary.xlsx,Glossary,1778
Party,Fidesz–KDNP (hungary),"KDNP (hungary), Kdnp (hungary), fidesz (hungary), kdnp (hungary), Fidesz (hungary)",Glossary/NER_spain_glossary.xlsx,Glossary,1779
Party,Finns Party (finland),"ps (finland), Finns (finland), PS Nuoret (finland), Perussiomalaiset (finland), PS nuoret (finland), PS (finland), Finns party (finland), Finns Party (finland)",Glossary/NER_spain_glossary.xlsx,Glossary,1780
Party,Folklistan (sweden),Folklistan (sweden),Glossary/NER_spain_glossary.xlsx,Glossary,1781
Party,Free Democratic Party (germany),"S-Z FDP (germany), FDP (germany)",Glossary/NER_spain_glossary.xlsx,Glossary,1782
Party,Free Democratic Party (hungary),FDP (hungary),Glossary/NER_spain_glossary.xlsx,Glossary,1783
Party,Free Democratic Party (spain),FDP (spain),Glossary/NER_spain_glossary.xlsx,Glossary,1784
Party,Free Voters (germany),Freie Wählter (germany),Glossary/NER_spain_glossary.xlsx,Glossary,1785
Party,French Communist Party–FGR–PCR–PCM–HeD (france),"French Communist Party (france), PCF (france), Communist party (france)",Glossary/NER_spain_glossary.xlsx,Glossary,1786
Party,Future (germany),F. Merz (germany),Glossary/NER_spain_glossary.xlsx,Glossary,1787
Party,GERB–SDS (bulgaria),SDS (bulgaria),Glossary/NER_spain_glossary.xlsx,Glossary,1788
Party,Green League (finland),"Vihreä (finland), Helsingin vihreät nuoret (finland), Vihreät (finland), vihreät (finland), Haminanseudun vihreät (finland)",Glossary/NER_spain_glossary.xlsx,Glossary,1789
Party,Green Party (sweden),MP (sweden),Glossary/NER_spain_glossary.xlsx,Glossary,1790
Party,Homeland Movement (croatia),"Domovinski Pokret (croatia), Domovinski pokret (croatia), Homeland movement (croatia), Homeland Movement (croatia)",Glossary/NER_spain_glossary.xlsx,Glossary,1791
Party,Human Rights and Democracy (sweden),Mod (sweden),Glossary/NER_spain_glossary.xlsx,Glossary,1792
Party,Hungarian Two-Tailed Dog Party (hungary),"MKKP (hungary), mkkp (hungary)",Glossary/NER_spain_glossary.xlsx,Glossary,1793
Party,Independent list of Ladislav Ilčić (croatia),Ladislav Ilčić (croatia),Glossary/NER_spain_glossary.xlsx,Glossary,1794
Party,Independents - Third way (poland),"Trzecia Droga (poland), Trzecia droga (poland)",Glossary/NER_spain_glossary.xlsx,Glossary,1795
Party,Jobbik – Conservatives (hungary),Jobbik (hungary),Glossary/NER_spain_glossary.xlsx,Glossary,1796
Party,KORWiN (poland),Korwin (poland),Glossary/NER_spain_glossary.xlsx,Glossary,1797
Party,LIVRE (france),L (france),Glossary/NER_spain_glossary.xlsx,Glossary,1798
Party,LIVRE (germany),"Reveiller L Éurope (germany), L (germany)",Glossary/NER_spain_glossary.xlsx,Glossary,1799
Party,La France Insoumise–PG–GES–REV–Péyi-A–PLR (croatia),"Insoumise (croatia), La France Insoumise (croatia)",Glossary/NER_spain_glossary.xlsx,Glossary,1800
Party,La France Insoumise–PG–GES–REV–Péyi-A–PLR (france),LFI (france),Glossary/NER_spain_glossary.xlsx,Glossary,1801
Party,Law and Justice (croatia),Pravo i pravda (croatia),Glossary/NER_spain_glossary.xlsx,Glossary,1802
Party,Law and Justice (poland),"Confederation , Law and Justice (poland), Prawo i Sprawiedliwolść (poland), PiS (poland), Prawo i Srawiedliwość (poland), Prawo i Sprawiedliwość (poland)",Glossary/NER_spain_glossary.xlsx,Glossary,1803
Party,Left Alliance (finland),Vasemmistoliitto (finland),Glossary/NER_spain_glossary.xlsx,Glossary,1804
Party,Left Bloc (portugal),BE (portugal),Glossary/NER_spain_glossary.xlsx,Glossary,1805
Party,Left Party (sweden),V (sweden),Glossary/NER_spain_glossary.xlsx,Glossary,1806
Party,Left Together (poland),Razem (poland),Glossary/NER_spain_glossary.xlsx,Glossary,1807
Party,Liberal Initiative (portugal),IL (portugal),Glossary/NER_spain_glossary.xlsx,Glossary,1808
Party,Liberal Party – Freedom to Choose (finland),Liberaalipuolue (finland),Glossary/NER_spain_glossary.xlsx,Glossary,1809
Party,Liberals (sweden),"Liberals (sweden), L (sweden)",Glossary/NER_spain_glossary.xlsx,Glossary,1810
Party,MERA25 – United for European Independence (germany),"mera25 (germany), Mera25 (germany)",Glossary/NER_spain_glossary.xlsx,Glossary,1811
Party,Moderate Party (poland),"M. Witek (poland), M. Giertych (poland), M. Wróbel (poland), M. Gramatyka (poland), M. Przydasz (poland), -M (poland), M. Kierwinnski (poland), M. Kidawa-Błonska (poland), M (poland), M. Rosa (poland), M. Wąsik (poland), M. Moskal (poland), M. Weber (poland)",Glossary/NER_spain_glossary.xlsx,Glossary,1812
Party,Moderate Party (portugal),Pedro M. Lopes (portugal),Glossary/NER_spain_glossary.xlsx,Glossary,1813
Party,Moderate Party (spain),"Jose M. Albares (spain), Jose M. G Jurado (spain), m (spain)",Glossary/NER_spain_glossary.xlsx,Glossary,1814
Party,Moderate Party (sweden),"The Moderate Party (sweden), M (sweden)",Glossary/NER_spain_glossary.xlsx,Glossary,1815
Party,Momentum Movement (hungary),"Momentum (hungary), mometum (hungary)",Glossary/NER_spain_glossary.xlsx,Glossary,1816
Party,"Morality, Unity, Honour (bulgaria)","МЕЧ) (bulgaria), МЕЧ (bulgaria)",Glossary/NER_spain_glossary.xlsx,Glossary,1817
Party,Movement Now (finland),Liike Nyt (finland),Glossary/NER_spain_glossary.xlsx,Glossary,1818
Party,Movement for Rights and Freedoms (bulgaria),DPS (bulgaria),Glossary/NER_spain_glossary.xlsx,Glossary,1819
Party,Movement for the Citizen's Initiative (spain),Agueda Micó (spain),Glossary/NER_spain_glossary.xlsx,Glossary,1820
Party,National Coalition Party (finland),"Kokoomus (finland), Ted Upter Kokoomus (finland), National Coalition (finland), kokoomus (finland), kok (finland)",Glossary/NER_spain_glossary.xlsx,Glossary,1821
Party,National Rally–LAF–LDP (france),"National Rally (france), RN (france)",Glossary/NER_spain_glossary.xlsx,Glossary,1822
Party,National Rally–LAF–LDP (spain),RN (spain),Glossary/NER_spain_glossary.xlsx,Glossary,1823
Party,New Left (poland),Lewica (poland),Glossary/NER_spain_glossary.xlsx,Glossary,1824
Party,Party of Ivan Pernar (croatia),Ivan Pernar (croatia),Glossary/NER_spain_glossary.xlsx,Glossary,1825
Party,Party of the Greens[bg] (croatia),Scottish Greens (croatia),Glossary/NER_spain_glossary.xlsx,Glossary,1826
Party,Pensioners Together (finland),su (finland),Glossary/NER_spain_glossary.xlsx,Glossary,1827
Party,People's Party (spain),"PP. Spain (spain), pp avila (spain)",Glossary/NER_spain_glossary.xlsx,Glossary,1828
Party,Poland 2050 (poland),"2050 (poland), Polska 2050 (poland)",Glossary/NER_spain_glossary.xlsx,Glossary,1829
Party,Polish People's Party (poland),PSL (poland),Glossary/NER_spain_glossary.xlsx,Glossary,1830
Party,Popular Republican Union (france),UPR (france),Glossary/NER_spain_glossary.xlsx,Glossary,1831
Party,Positive Ecology–Cap21–FÉ–Le Trèfle–LU–100%C–MPA–BNP (bulgaria),EP (bulgaria),Glossary/NER_spain_glossary.xlsx,Glossary,1832
Party,Positive Ecology–Cap21–FÉ–Le Trèfle–LU–100%C–MPA–BNP (croatia),EP (croatia),Glossary/NER_spain_glossary.xlsx,Glossary,1833
Party,Positive Ecology–Cap21–FÉ–Le Trèfle–LU–100%C–MPA–BNP (finland),EP (finland),Glossary/NER_spain_glossary.xlsx,Glossary,1834
Party,Positive Ecology–Cap21–FÉ–Le Trèfle–LU–100%C–MPA–BNP (france),EP (france),Glossary/NER_spain_glossary.xlsx,Glossary,1835
Party,Positive Ecology–Cap21–FÉ–Le Trèfle–LU–100%C–MPA–BNP (spain),EP (spain),Glossary/NER_spain_glossary.xlsx,Glossary,1836
Party,Reconquête–MC (france),Reconquête (france),Glossary/NER_spain_glossary.xlsx,Glossary,1837
Party,Reconquête–MC (poland),Reconquête (poland),Glossary/NER_spain_glossary.xlsx,Glossary,1838
Party,Renaissance–MoDem–Horizons–RAD–UDI–FP–FED–CD–CÉR (france),Renaissance (france),Glossary/NER_spain_glossary.xlsx,Glossary,1839
Party,Renaissance–MoDem–Horizons–RAD–UDI–FP–FED–CD–CÉR (spain),Renaissance (spain),Glossary/NER_spain_glossary.xlsx,Glossary,1840
Party,Representative Democracy (bulgaria),Dr. Simidchiеv (bulgaria),Glossary/NER_spain_glossary.xlsx,Glossary,1841
Party,Representative Democracy (finland),Dr Asko (finland),Glossary/NER_spain_glossary.xlsx,Glossary,1842
Party,Republic (bulgaria),Republic (bulgaria),Glossary/NER_spain_glossary.xlsx,Glossary,1843
Party,Republic (croatia),Stranka Republika (croatia),Glossary/NER_spain_glossary.xlsx,Glossary,1844
Party,Republic (germany),Republic (germany),Glossary/NER_spain_glossary.xlsx,Glossary,1845
Party,Republics Now (spain),"ERC  (spain), ERC (spain), Ahora Repúblicas (spain), Bildu (spain)",Glossary/NER_spain_glossary.xlsx,Glossary,1846
Party,Respect and Freedom Party (hungary),"Tisza (hungary), Tisza Part (hungary), tisza (hungary), Tisza Párt (hungary)",Glossary/NER_spain_glossary.xlsx,Glossary,1847
Party,Rise Up (poland),"E. Kobos (poland), E. Hernik-Zajaczkowska (poland)",Glossary/NER_spain_glossary.xlsx,Glossary,1848
Party,Rivers of Justice (croatia),SDP (croatia),Glossary/NER_spain_glossary.xlsx,Glossary,1849
Party,Ričard Independent (croatia),Ričard (croatia),Glossary/NER_spain_glossary.xlsx,Glossary,1850
Party,Rural Alliance (france),"Rural Alliance (france), L'alliance rurale (france), L'Alliance Rurale (france)",Glossary/NER_spain_glossary.xlsx,Glossary,1851
Party,Save Sofia (bulgaria),Save Sofia (bulgaria),Glossary/NER_spain_glossary.xlsx,Glossary,1852
Party,Social Democratic Party (portugal),PSD CDS (portugal),Glossary/NER_spain_glossary.xlsx,Glossary,1853
Party,Social Democratic Party of Finland (finland),"SDP (finland), t SDP (finland)",Glossary/NER_spain_glossary.xlsx,Glossary,1854
Party,Social Democratic Party of Germany (croatia),SPD (croatia),Glossary/NER_spain_glossary.xlsx,Glossary,1855
Party,Social Democratic Party of Germany (germany),"SPD Mesa (germany), SPD (germany), Ecke SPD (germany)",Glossary/NER_spain_glossary.xlsx,Glossary,1856
Party,Socialist Party (portugal),PS (portugal),Glossary/NER_spain_glossary.xlsx,Glossary,1857
Party,Socialist Party–Place Publique (france),Place Publique (france),Glossary/NER_spain_glossary.xlsx,Glossary,1858
Party,Socialist Party–Place Publique–New Deal (france),PS (france),Glossary/NER_spain_glossary.xlsx,Glossary,1859
Party,Solidary Bulgaria (bulgaria),Solidarna Bulgaria (bulgaria),Glossary/NER_spain_glossary.xlsx,Glossary,1860
Party,Solution Movement (hungary),Megoldás Mozgalom (hungary),Glossary/NER_spain_glossary.xlsx,Glossary,1861
Party,Sovereign Poland (poland),"Surerenna Polska (poland), Suwerenna Polska (poland)",Glossary/NER_spain_glossary.xlsx,Glossary,1862
Party,Spanish Socialist Workers' Party (spain),"Psoe (spain), psoe (spain), PSOE (spain), PSOE Sanchez (spain), PSOE Burgos (spain), psoe burgos (spain)",Glossary/NER_spain_glossary.xlsx,Glossary,1863
Party,Svenska folkpartiet (finland),SFP (finland),Glossary/NER_spain_glossary.xlsx,Glossary,1864
Party,Sweden Democrats (bulgaria),S&D (bulgaria),Glossary/NER_spain_glossary.xlsx,Glossary,1865
Party,Sweden Democrats (croatia),S&D (croatia),Glossary/NER_spain_glossary.xlsx,Glossary,1866
Party,Sweden Democrats (finland),S&D (finland),Glossary/NER_spain_glossary.xlsx,Glossary,1867
Party,Sweden Democrats (france),S&D (france),Glossary/NER_spain_glossary.xlsx,Glossary,1868
Party,Sweden Democrats (sweden),"The Sweden Democrats (sweden), Sverigedemokraterna (sweden), sverigedemokraterna (sweden), Sweden Democrats (sweden), Sverigedemokraterna Örebro län (sweden), SD (sweden)",Glossary/NER_spain_glossary.xlsx,Glossary,1869
Party,Swedish People's Party of Finland (finland),"RKP (finland), rkp (finland)",Glossary/NER_spain_glossary.xlsx,Glossary,1870
Party,The Bridge–HS–HSP (croatia),"Bridge (croatia), Hrvatska stranka prava (croatia)",Glossary/NER_spain_glossary.xlsx,Glossary,1871
Party,The Forgotten Spain Exists–Municipalists–Fair World (spain),Existe Coalición (spain),Glossary/NER_spain_glossary.xlsx,Glossary,1872
Party,The Greens (croatia),Gruenen (croatia),Glossary/NER_spain_glossary.xlsx,Glossary,1873
Party,The Greens (germany),"Gruenen (germany), Gruene (germany)",Glossary/NER_spain_glossary.xlsx,Glossary,1874
Party,The Greys (croatia),"die Grunen (croatia), Die Gruene (croatia)",Glossary/NER_spain_glossary.xlsx,Glossary,1875
Party,The Homeland (germany),Die Heimat (germany),Glossary/NER_spain_glossary.xlsx,Glossary,1876
Party,The Left (germany),Die Linke Hamburg (germany),Glossary/NER_spain_glossary.xlsx,Glossary,1877
Party,The Open Party (finland),avoin Puolue (finland),Glossary/NER_spain_glossary.xlsx,Glossary,1878
Party,The Patriots (france),The Patriotes (france),Glossary/NER_spain_glossary.xlsx,Glossary,1879
Party,The Patriots–VIA (france),"Les Patriotes (france), LP (france)",Glossary/NER_spain_glossary.xlsx,Glossary,1880
Party,The Republicans–The Centrists (france),"Les républicains (france), LR (france), Les Républicains (france)",Glossary/NER_spain_glossary.xlsx,Glossary,1881
Party,United We Can Change Europe (spain),IU (spain),Glossary/NER_spain_glossary.xlsx,Glossary,1882
Party,Vazrazhdane (Revival) (bulgaria),Vazrazhdane (bulgaria),Glossary/NER_spain_glossary.xlsx,Glossary,1883
Party,Velichie (bulgaria),"Greatness [Величие (bulgaria), Величие (bulgaria)",Glossary/NER_spain_glossary.xlsx,Glossary,1884
Party,Vox (spain),"Vox (spain), Vox Tarragona (spain), VOX (spain), Vox & Abascal (spain), vox (spain), VOX Baleares (spain), Vox and Abascal (spain)",Glossary/NER_spain_glossary.xlsx,Glossary,1885
Party,We Continue the Change - Democratic Bulgaria (bulgaria),"ПП (bulgaria), PP (ПП) (bulgaria)",Glossary/NER_spain_glossary.xlsx,Glossary,1886
Party,We Continue the Change – Democratic Bulgaria (bulgaria),"PP/DB (bulgaria), PP-DB (bulgaria), PP-DB) (bulgaria)",Glossary/NER_spain_glossary.xlsx,Glossary,1887
Party,We can! (croatia),"Možemo! (croatia), Možemo (croatia), Možemo!) (croatia)",Glossary/NER_spain_glossary.xlsx,Glossary,1888
Party,Workers' Front (croatia),"Radnička Fronta (croatia), Radnička fronta (croatia), RF (croatia)",Glossary/NER_spain_glossary.xlsx,Glossary,1889
Party,Équinoxe (france),"Équinoxe (france), Equinoxe (france)",Glossary/NER_spain_glossary.xlsx,Glossary,1890
